battle_id,replay_url,turn,event_type,player,source,source_species,target,target_species,move,ability,item,amount,old_hp,new_hp,hp_type,cause,cause_detail,is_direct,is_residual,is_hazard,is_recoil,is_self_damage,is_healing,raw_line
gen9natdexdraft-2334062445,https://replay.pokemonshowdown.com/gen9natdexdraft-2334062445,0,j,,,,,,,,,,,,unknown,unhandled_event,☆FluffySingh,False,False,False,False,False,False,|j|☆FluffySingh
gen9natdexdraft-2334062445,https://replay.pokemonshowdown.com/gen9natdexdraft-2334062445,0,j,,,,,,,,,,,,unknown,unhandled_event,☆charuzar,False,False,False,False,False,False,|j|☆charuzar
gen9natdexdraft-2334062445,https://replay.pokemonshowdown.com/gen9natdexdraft-2334062445,0,timestamp,,,,,,,,,,,,unknown,,1743644122,False,False,False,False,False,False,|t:|1743644122
gen9natdexdraft-2334062445,https://replay.pokemonshowdown.com/gen9natdexdraft-2334062445,0,gametype,,,,,,,,,,,,unknown,unhandled_event,singles,False,False,False,False,False,False,|gametype|singles
gen9natdexdraft-2334062445,https://replay.pokemonshowdown.com/gen9natdexdraft-2334062445,0,player,FluffySingh,,,,,,,,,,,unknown,p1,,False,False,False,False,False,False,|player|p1|FluffySingh|clown|
gen9natdexdraft-2334062445,https://replay.pokemonshowdown.com/gen9natdexdraft-2334062445,0,player,charuzar,,,,,,,,,,,unknown,p2,,False,False,False,False,False,False,|player|p2|charuzar|backersf|
gen9natdexdraft-2334062445,https://replay.pokemonshowdown.com/gen9natdexdraft-2334062445,0,teamsize,,,,,,,,,,,,unknown,,p1|6,False,False,False,False,False,False,|teamsize|p1|6
gen9natdexdraft-2334062445,https://replay.pokemonshowdown.com/gen9natdexdraft-2334062445,0,teamsize,,,,,,,,,,,,unknown,,p2|6,False,False,False,False,False,False,|teamsize|p2|6
gen9natdexdraft-2334062445,https://replay.pokemonshowdown.com/gen9natdexdraft-2334062445,0,gen,,,,,,,,,,,,unknown,,9,False,False,False,False,False,False,|gen|9
gen9natdexdraft-2334062445,https://replay.pokemonshowdown.com/gen9natdexdraft-2334062445,0,format,,,,,,,,,,,,unknown,[Gen 9] NatDex Draft,,False,False,False,False,False,False,|tier|[Gen 9] NatDex Draft
gen9natdexdraft-2334062445,https://replay.pokemonshowdown.com/gen9natdexdraft-2334062445,0,rule,,,,,,,,,,,,unknown,,Sleep Clause Mod: Limit one foe put to sleep,False,False,False,False,False,False,|rule|Sleep Clause Mod: Limit one foe put to sleep
gen9natdexdraft-2334062445,https://replay.pokemonshowdown.com/gen9natdexdraft-2334062445,0,rule,,,,,,,,,,,,unknown,,OHKO Clause: OHKO moves are banned,False,False,False,False,False,False,|rule|OHKO Clause: OHKO moves are banned
gen9natdexdraft-2334062445,https://replay.pokemonshowdown.com/gen9natdexdraft-2334062445,0,rule,,,,,,,,,,,,unknown,,"Evasion Clause: Evasion abilities, items, and moves are banned",False,False,False,False,False,False,"|rule|Evasion Clause: Evasion abilities, items, and moves are banned"
gen9natdexdraft-2334062445,https://replay.pokemonshowdown.com/gen9natdexdraft-2334062445,0,rule,,,,,,,,,,,,unknown,,Evasion Abilities Clause: Evasion abilities are banned,False,False,False,False,False,False,|rule|Evasion Abilities Clause: Evasion abilities are banned
gen9natdexdraft-2334062445,https://replay.pokemonshowdown.com/gen9natdexdraft-2334062445,0,rule,,,,,,,,,,,,unknown,,Evasion Items Clause: Evasion items are banned,False,False,False,False,False,False,|rule|Evasion Items Clause: Evasion items are banned
gen9natdexdraft-2334062445,https://replay.pokemonshowdown.com/gen9natdexdraft-2334062445,0,rule,,,,,,,,,,,,unknown,,Evasion Moves Clause: Evasion moves are banned,False,False,False,False,False,False,|rule|Evasion Moves Clause: Evasion moves are banned
gen9natdexdraft-2334062445,https://replay.pokemonshowdown.com/gen9natdexdraft-2334062445,0,rule,,,,,,,,,,,,unknown,,Endless Battle Clause: Forcing endless battles is banned,False,False,False,False,False,False,|rule|Endless Battle Clause: Forcing endless battles is banned
gen9natdexdraft-2334062445,https://replay.pokemonshowdown.com/gen9natdexdraft-2334062445,0,rule,,,,,,,,,,,,unknown,,HP Percentage Mod: HP is shown in percentages,False,False,False,False,False,False,|rule|HP Percentage Mod: HP is shown in percentages
gen9natdexdraft-2334062445,https://replay.pokemonshowdown.com/gen9natdexdraft-2334062445,0,clearpoke,,,,,,,,,,,,unknown,unhandled_event,,False,False,False,False,False,False,|clearpoke
gen9natdexdraft-2334062445,https://replay.pokemonshowdown.com/gen9natdexdraft-2334062445,0,team_preview,FluffySingh,,,Ogerpon-Cornerstone,Ogerpon-Cornerstone,,,,,,,unknown,p1,,False,False,False,False,False,False,"|poke|p1|Ogerpon-Cornerstone, F|"
gen9natdexdraft-2334062445,https://replay.pokemonshowdown.com/gen9natdexdraft-2334062445,0,team_preview,FluffySingh,,,Gliscor,Gliscor,,,,,,,unknown,p1,,False,False,False,False,False,False,"|poke|p1|Gliscor, F|"
gen9natdexdraft-2334062445,https://replay.pokemonshowdown.com/gen9natdexdraft-2334062445,0,team_preview,FluffySingh,,,Uxie,Uxie,,,,,,,unknown,p1,,False,False,False,False,False,False,|poke|p1|Uxie|
gen9natdexdraft-2334062445,https://replay.pokemonshowdown.com/gen9natdexdraft-2334062445,0,team_preview,FluffySingh,,,Latios,Latios,,,,,,,unknown,p1,,False,False,False,False,False,False,"|poke|p1|Latios, M|"
gen9natdexdraft-2334062445,https://replay.pokemonshowdown.com/gen9natdexdraft-2334062445,0,team_preview,FluffySingh,,,Vaporeon,Vaporeon,,,,,,,unknown,p1,,False,False,False,False,False,False,"|poke|p1|Vaporeon, F|"
gen9natdexdraft-2334062445,https://replay.pokemonshowdown.com/gen9natdexdraft-2334062445,0,team_preview,FluffySingh,,,Weezing-Galar,Weezing-Galar,,,,,,,unknown,p1,,False,False,False,False,False,False,"|poke|p1|Weezing-Galar, M|"
gen9natdexdraft-2334062445,https://replay.pokemonshowdown.com/gen9natdexdraft-2334062445,0,team_preview,charuzar,,,Shiinotic,Shiinotic,,,,,,,unknown,p2,,False,False,False,False,False,False,"|poke|p2|Shiinotic, F|"
gen9natdexdraft-2334062445,https://replay.pokemonshowdown.com/gen9natdexdraft-2334062445,0,team_preview,charuzar,,,Landorus-Therian,Landorus-Therian,,,,,,,unknown,p2,,False,False,False,False,False,False,"|poke|p2|Landorus-Therian, M|"
gen9natdexdraft-2334062445,https://replay.pokemonshowdown.com/gen9natdexdraft-2334062445,0,team_preview,charuzar,,,Rotom-Heat,Rotom-Heat,,,,,,,unknown,p2,,False,False,False,False,False,False,|poke|p2|Rotom-Heat|
gen9natdexdraft-2334062445,https://replay.pokemonshowdown.com/gen9natdexdraft-2334062445,0,team_preview,charuzar,,,Gallade,Gallade,,,,,,,unknown,p2,,False,False,False,False,False,False,"|poke|p2|Gallade, M|"
gen9natdexdraft-2334062445,https://replay.pokemonshowdown.com/gen9natdexdraft-2334062445,0,team_preview,charuzar,,,Overqwil,Overqwil,,,,,,,unknown,p2,,False,False,False,False,False,False,"|poke|p2|Overqwil, F|"
gen9natdexdraft-2334062445,https://replay.pokemonshowdown.com/gen9natdexdraft-2334062445,0,team_preview,charuzar,,,Scream Tail,Scream Tail,,,,,,,unknown,p2,,False,False,False,False,False,False,|poke|p2|Scream Tail|
gen9natdexdraft-2334062445,https://replay.pokemonshowdown.com/gen9natdexdraft-2334062445,0,teampreview,,,,,,,,,,,,unknown,unhandled_event,,False,False,False,False,False,False,|teampreview
gen9natdexdraft-2334062445,https://replay.pokemonshowdown.com/gen9natdexdraft-2334062445,0,j,,,,,,,,,,,,unknown,unhandled_event, udays,False,False,False,False,False,False,|j| udays
gen9natdexdraft-2334062445,https://replay.pokemonshowdown.com/gen9natdexdraft-2334062445,0,j,,,,,,,,,,,,unknown,unhandled_event, legendpokemaster25,False,False,False,False,False,False,|j| legendpokemaster25
gen9natdexdraft-2334062445,https://replay.pokemonshowdown.com/gen9natdexdraft-2334062445,0,j,,,,,,,,,,,,unknown,unhandled_event, johnny weest,False,False,False,False,False,False,|j| johnny weest
gen9natdexdraft-2334062445,https://replay.pokemonshowdown.com/gen9natdexdraft-2334062445,0,j,,,,,,,,,,,,unknown,unhandled_event, MrPokemon3345,False,False,False,False,False,False,|j| MrPokemon3345
gen9natdexdraft-2334062445,https://replay.pokemonshowdown.com/gen9natdexdraft-2334062445,0,unknown,,,,,,,,,,,,unknown,unhandled_event,,False,False,False,False,False,False,|
gen9natdexdraft-2334062445,https://replay.pokemonshowdown.com/gen9natdexdraft-2334062445,0,timestamp,,,,,,,,,,,,unknown,,1743644183,False,False,False,False,False,False,|t:|1743644183
gen9natdexdraft-2334062445,https://replay.pokemonshowdown.com/gen9natdexdraft-2334062445,0,start,,,,,,,,,,,,unknown,unhandled_event,,False,False,False,False,False,False,|start
gen9natdexdraft-2334062445,https://replay.pokemonshowdown.com/gen9natdexdraft-2334062445,0,switch,FluffySingh,,,Wailord,Gliscor,,,,,,100/100,percent,switch,,False,False,False,False,False,False,"|switch|p1a: Wailord|Gliscor, F|100/100"
gen9natdexdraft-2334062445,https://replay.pokemonshowdown.com/gen9natdexdraft-2334062445,0,switch,charuzar,,,TUNGTUNGTUNGSAHUR,Shiinotic,,,,,,100/100,percent,switch,,False,False,False,False,False,False,"|switch|p2a: TUNGTUNGTUNGSAHUR|Shiinotic, F|100/100"
gen9natdexdraft-2334062445,https://replay.pokemonshowdown.com/gen9natdexdraft-2334062445,1,turn,,,,,,,,,,,,unknown,,1,False,False,False,False,False,False,|turn|1
gen9natdexdraft-2334062445,https://replay.pokemonshowdown.com/gen9natdexdraft-2334062445,1,unknown,,,,,,,,,,,,unknown,unhandled_event,,False,False,False,False,False,False,|
gen9natdexdraft-2334062445,https://replay.pokemonshowdown.com/gen9natdexdraft-2334062445,1,timestamp,,,,,,,,,,,,unknown,,1743644189,False,False,False,False,False,False,|t:|1743644189
gen9natdexdraft-2334062445,https://replay.pokemonshowdown.com/gen9natdexdraft-2334062445,1,move,FluffySingh,Wailord,Gliscor,Wailord,Gliscor,Protect,,,,,,unknown,move,,False,False,False,False,False,False,|move|p1a: Wailord|Protect|p1a: Wailord
gen9natdexdraft-2334062445,https://replay.pokemonshowdown.com/gen9natdexdraft-2334062445,1,-singleturn,,,,,,,,,,,,unknown,unhandled_event,p1a: Wailord|Protect,False,False,False,False,False,False,|-singleturn|p1a: Wailord|Protect
gen9natdexdraft-2334062445,https://replay.pokemonshowdown.com/gen9natdexdraft-2334062445,1,move,charuzar,TUNGTUNGTUNGSAHUR,Shiinotic,Wailord,Gliscor,Leech Seed,,,,,,unknown,move,,False,False,False,False,False,False,|move|p2a: TUNGTUNGTUNGSAHUR|Leech Seed|p1a: Wailord
gen9natdexdraft-2334062445,https://replay.pokemonshowdown.com/gen9natdexdraft-2334062445,1,activate,,,,Wailord,Gliscor,,,,,,,unknown,Protect,,False,False,False,False,False,False,|-activate|p1a: Wailord|move: Protect
gen9natdexdraft-2334062445,https://replay.pokemonshowdown.com/gen9natdexdraft-2334062445,1,unknown,,,,,,,,,,,,unknown,unhandled_event,,False,False,False,False,False,False,|
gen9natdexdraft-2334062445,https://replay.pokemonshowdown.com/gen9natdexdraft-2334062445,1,status,FluffySingh,TUNGTUNGTUNGSAHUR,Shiinotic,Wailord,Gliscor,,,,,,,unknown,move,Leech Seed,False,False,False,False,False,False,|-status|p1a: Wailord|tox|[from] item: Toxic Orb
gen9natdexdraft-2334062445,https://replay.pokemonshowdown.com/gen9natdexdraft-2334062445,1,upkeep,,,,,,,,,,,,unknown,unhandled_event,,False,False,False,False,False,False,|upkeep
gen9natdexdraft-2334062445,https://replay.pokemonshowdown.com/gen9natdexdraft-2334062445,2,turn,,,,,,,,,,,,unknown,,2,False,False,False,False,False,False,|turn|2
gen9natdexdraft-2334062445,https://replay.pokemonshowdown.com/gen9natdexdraft-2334062445,2,c,,,,,,,,,,,,unknown,unhandled_event,☆charuzar|TUNG TUNG TUNG TUNG TUNG TUNG,False,False,False,False,False,False,|c|☆charuzar|TUNG TUNG TUNG TUNG TUNG TUNG
gen9natdexdraft-2334062445,https://replay.pokemonshowdown.com/gen9natdexdraft-2334062445,2,unknown,,,,,,,,,,,,unknown,unhandled_event,,False,False,False,False,False,False,|
gen9natdexdraft-2334062445,https://replay.pokemonshowdown.com/gen9natdexdraft-2334062445,2,timestamp,,,,,,,,,,,,unknown,,1743644202,False,False,False,False,False,False,|t:|1743644202
gen9natdexdraft-2334062445,https://replay.pokemonshowdown.com/gen9natdexdraft-2334062445,2,move,FluffySingh,Wailord,Gliscor,TUNGTUNGTUNGSAHUR,Shiinotic,Toxic,,,,,,unknown,move,,False,False,False,False,False,False,|move|p1a: Wailord|Toxic|p2a: TUNGTUNGTUNGSAHUR
gen9natdexdraft-2334062445,https://replay.pokemonshowdown.com/gen9natdexdraft-2334062445,2,status,charuzar,Wailord,Gliscor,TUNGTUNGTUNGSAHUR,Shiinotic,,,,,,,unknown,move,Toxic,False,False,False,False,False,False,|-status|p2a: TUNGTUNGTUNGSAHUR|tox
gen9natdexdraft-2334062445,https://replay.pokemonshowdown.com/gen9natdexdraft-2334062445,2,move,charuzar,TUNGTUNGTUNGSAHUR,Shiinotic,Wailord,Gliscor,Leech Seed,,,,,,unknown,move,,False,False,False,False,False,False,|move|p2a: TUNGTUNGTUNGSAHUR|Leech Seed|p1a: Wailord
gen9natdexdraft-2334062445,https://replay.pokemonshowdown.com/gen9natdexdraft-2334062445,2,start,,TUNGTUNGTUNGSAHUR,Shiinotic,Wailord,Gliscor,,,,,,,unknown,Leech Seed,,False,False,False,False,False,False,|-start|p1a: Wailord|move: Leech Seed
gen9natdexdraft-2334062445,https://replay.pokemonshowdown.com/gen9natdexdraft-2334062445,2,unknown,,,,,,,,,,,,unknown,unhandled_event,,False,False,False,False,False,False,|
gen9natdexdraft-2334062445,https://replay.pokemonshowdown.com/gen9natdexdraft-2334062445,2,damage,FluffySingh,TUNGTUNGTUNGSAHUR,Shiinotic,Wailord,Gliscor,Leech Seed,,,12,100/100,88/100 tox,percent,move,Leech Seed,False,True,False,False,False,False,|-damage|p1a: Wailord|88/100 tox|[from] Leech Seed|[of] p2a: TUNGTUNGTUNGSAHUR
gen9natdexdraft-2334062445,https://replay.pokemonshowdown.com/gen9natdexdraft-2334062445,2,heal,FluffySingh,Wailord,Gliscor,Wailord,Gliscor,,Poison Heal,,12,88/100 tox,100/100 tox,percent,ability,Poison Heal,False,False,False,False,False,True,|-heal|p1a: Wailord|100/100 tox|[from] ability: Poison Heal
gen9natdexdraft-2334062445,https://replay.pokemonshowdown.com/gen9natdexdraft-2334062445,2,damage,charuzar,unknown,,TUNGTUNGTUNGSAHUR,Shiinotic,,,,6,100/100,94/100 tox,percent,status,poison,False,True,False,False,False,False,|-damage|p2a: TUNGTUNGTUNGSAHUR|94/100 tox|[from] psn
gen9natdexdraft-2334062445,https://replay.pokemonshowdown.com/gen9natdexdraft-2334062445,2,upkeep,,,,,,,,,,,,unknown,unhandled_event,,False,False,False,False,False,False,|upkeep
gen9natdexdraft-2334062445,https://replay.pokemonshowdown.com/gen9natdexdraft-2334062445,3,turn,,,,,,,,,,,,unknown,,3,False,False,False,False,False,False,|turn|3
gen9natdexdraft-2334062445,https://replay.pokemonshowdown.com/gen9natdexdraft-2334062445,3,j,,,,,,,,,,,,unknown,unhandled_event, dzoneflem,False,False,False,False,False,False,|j| dzoneflem
gen9natdexdraft-2334062445,https://replay.pokemonshowdown.com/gen9natdexdraft-2334062445,3,c,,,,,,,,,,,,unknown,unhandled_event, johnny weest|TUNG TUNG TUNG TUNG TUNG TUNG,False,False,False,False,False,False,|c| johnny weest|TUNG TUNG TUNG TUNG TUNG TUNG
gen9natdexdraft-2334062445,https://replay.pokemonshowdown.com/gen9natdexdraft-2334062445,3,c,,,,,,,,,,,,unknown,unhandled_event, johnny weest|SAHUR,False,False,False,False,False,False,|c| johnny weest|SAHUR
gen9natdexdraft-2334062445,https://replay.pokemonshowdown.com/gen9natdexdraft-2334062445,3,c,,,,,,,,,,,,unknown,unhandled_event, legendpokemaster25|TUNG TUNG TUNG TUNG TUNG TUNG TUNG TUNG SAHUR,False,False,False,False,False,False,|c| legendpokemaster25|TUNG TUNG TUNG TUNG TUNG TUNG TUNG TUNG SAHUR
gen9natdexdraft-2334062445,https://replay.pokemonshowdown.com/gen9natdexdraft-2334062445,3,c,,,,,,,,,,,,unknown,unhandled_event, johnny weest|I LOVE YOU TOO,False,False,False,False,False,False,|c| johnny weest|I LOVE YOU TOO
gen9natdexdraft-2334062445,https://replay.pokemonshowdown.com/gen9natdexdraft-2334062445,3,c,,,,,,,,,,,,unknown,unhandled_event, johnny weest|TUNG TUNG TUNG TUNG TUNG TUNG TUNG TUNG SAHUR,False,False,False,False,False,False,|c| johnny weest|TUNG TUNG TUNG TUNG TUNG TUNG TUNG TUNG SAHUR
gen9natdexdraft-2334062445,https://replay.pokemonshowdown.com/gen9natdexdraft-2334062445,3,c,,,,,,,,,,,,unknown,unhandled_event, johnny weest|TUNG TUNG TUNG TUNG TUNG TUNG TUNG TUNG SAHUR,False,False,False,False,False,False,|c| johnny weest|TUNG TUNG TUNG TUNG TUNG TUNG TUNG TUNG SAHUR
gen9natdexdraft-2334062445,https://replay.pokemonshowdown.com/gen9natdexdraft-2334062445,3,unknown,,,,,,,,,,,,unknown,unhandled_event,,False,False,False,False,False,False,|
gen9natdexdraft-2334062445,https://replay.pokemonshowdown.com/gen9natdexdraft-2334062445,3,timestamp,,,,,,,,,,,,unknown,,1743644285,False,False,False,False,False,False,|t:|1743644285
gen9natdexdraft-2334062445,https://replay.pokemonshowdown.com/gen9natdexdraft-2334062445,3,move,FluffySingh,Wailord,Gliscor,TUNGTUNGTUNGSAHUR,Shiinotic,Knock Off,,,,,,unknown,move,,False,False,False,False,False,False,|move|p1a: Wailord|Knock Off|p2a: TUNGTUNGTUNGSAHUR
gen9natdexdraft-2334062445,https://replay.pokemonshowdown.com/gen9natdexdraft-2334062445,3,resisted,,Wailord,Gliscor,TUNGTUNGTUNGSAHUR,Shiinotic,Knock Off,,,,,,unknown,,p2a: TUNGTUNGTUNGSAHUR,False,False,False,False,False,False,|-resisted|p2a: TUNGTUNGTUNGSAHUR
gen9natdexdraft-2334062445,https://replay.pokemonshowdown.com/gen9natdexdraft-2334062445,3,damage,charuzar,Wailord,Gliscor,TUNGTUNGTUNGSAHUR,Shiinotic,Knock Off,,,14,94/100 tox,80/100 tox,percent,move,Knock Off,True,False,False,False,False,False,|-damage|p2a: TUNGTUNGTUNGSAHUR|80/100 tox
gen9natdexdraft-2334062445,https://replay.pokemonshowdown.com/gen9natdexdraft-2334062445,3,damage,FluffySingh,TUNGTUNGTUNGSAHUR,Shiinotic,Wailord,Gliscor,,,Rocky Helmet,16,100/100 tox,84/100 tox,percent,item,Rocky Helmet,False,True,False,False,False,False,|-damage|p1a: Wailord|84/100 tox|[from] item: Rocky Helmet|[of] p2a: TUNGTUNGTUNGSAHUR
gen9natdexdraft-2334062445,https://replay.pokemonshowdown.com/gen9natdexdraft-2334062445,3,enditem,charuzar,Wailord,Gliscor,TUNGTUNGTUNGSAHUR,Shiinotic,,,Rocky Helmet,,,,unknown,item_consumed,,False,False,False,False,False,False,|-enditem|p2a: TUNGTUNGTUNGSAHUR|Rocky Helmet|[from] move: Knock Off|[of] p1a: Wailord
gen9natdexdraft-2334062445,https://replay.pokemonshowdown.com/gen9natdexdraft-2334062445,3,move,charuzar,TUNGTUNGTUNGSAHUR,Shiinotic,Wailord,Gliscor,Thunder Wave,,,,,,unknown,move,,False,False,False,False,False,False,|move|p2a: TUNGTUNGTUNGSAHUR|Thunder Wave|p1a: Wailord
gen9natdexdraft-2334062445,https://replay.pokemonshowdown.com/gen9natdexdraft-2334062445,3,immune,,,,,,,,,,,,unknown,,p1a: Wailord,False,False,False,False,False,False,|-immune|p1a: Wailord
gen9natdexdraft-2334062445,https://replay.pokemonshowdown.com/gen9natdexdraft-2334062445,3,unknown,,,,,,,,,,,,unknown,unhandled_event,,False,False,False,False,False,False,|
gen9natdexdraft-2334062445,https://replay.pokemonshowdown.com/gen9natdexdraft-2334062445,3,damage,FluffySingh,TUNGTUNGTUNGSAHUR,Shiinotic,Wailord,Gliscor,Leech Seed,,,12,84/100 tox,72/100 tox,percent,move,Leech Seed,False,True,False,False,False,False,|-damage|p1a: Wailord|72/100 tox|[from] Leech Seed|[of] p2a: TUNGTUNGTUNGSAHUR
gen9natdexdraft-2334062445,https://replay.pokemonshowdown.com/gen9natdexdraft-2334062445,3,heal,charuzar,TUNGTUNGTUNGSAHUR,Shiinotic,TUNGTUNGTUNGSAHUR,Shiinotic,,,,14,80/100 tox,94/100 tox,percent,healing,unknown,False,False,False,False,False,True,|-heal|p2a: TUNGTUNGTUNGSAHUR|94/100 tox|[silent]
gen9natdexdraft-2334062445,https://replay.pokemonshowdown.com/gen9natdexdraft-2334062445,3,heal,FluffySingh,Wailord,Gliscor,Wailord,Gliscor,,Poison Heal,,12,72/100 tox,84/100 tox,percent,ability,Poison Heal,False,False,False,False,False,True,|-heal|p1a: Wailord|84/100 tox|[from] ability: Poison Heal
gen9natdexdraft-2334062445,https://replay.pokemonshowdown.com/gen9natdexdraft-2334062445,3,damage,charuzar,unknown,,TUNGTUNGTUNGSAHUR,Shiinotic,,,,12,94/100 tox,82/100 tox,percent,status,poison,False,True,False,False,False,False,|-damage|p2a: TUNGTUNGTUNGSAHUR|82/100 tox|[from] psn
gen9natdexdraft-2334062445,https://replay.pokemonshowdown.com/gen9natdexdraft-2334062445,3,upkeep,,,,,,,,,,,,unknown,unhandled_event,,False,False,False,False,False,False,|upkeep
gen9natdexdraft-2334062445,https://replay.pokemonshowdown.com/gen9natdexdraft-2334062445,4,turn,,,,,,,,,,,,unknown,,4,False,False,False,False,False,False,|turn|4
gen9natdexdraft-2334062445,https://replay.pokemonshowdown.com/gen9natdexdraft-2334062445,4,unknown,,,,,,,,,,,,unknown,unhandled_event,,False,False,False,False,False,False,|
gen9natdexdraft-2334062445,https://replay.pokemonshowdown.com/gen9natdexdraft-2334062445,4,timestamp,,,,,,,,,,,,unknown,,1743644304,False,False,False,False,False,False,|t:|1743644304
gen9natdexdraft-2334062445,https://replay.pokemonshowdown.com/gen9natdexdraft-2334062445,4,move,FluffySingh,Wailord,Gliscor,TUNGTUNGTUNGSAHUR,Shiinotic,Toxic,,,,,,unknown,move,,False,False,False,False,False,False,|move|p1a: Wailord|Toxic|p2a: TUNGTUNGTUNGSAHUR
gen9natdexdraft-2334062445,https://replay.pokemonshowdown.com/gen9natdexdraft-2334062445,4,fail,,,,,,,,,,,,unknown,,p2a: TUNGTUNGTUNGSAHUR|tox,False,False,False,False,False,False,|-fail|p2a: TUNGTUNGTUNGSAHUR|tox
gen9natdexdraft-2334062445,https://replay.pokemonshowdown.com/gen9natdexdraft-2334062445,4,move,charuzar,TUNGTUNGTUNGSAHUR,Shiinotic,Wailord,Gliscor,Moonblast,,,,,,unknown,move,,False,False,False,False,False,False,|move|p2a: TUNGTUNGTUNGSAHUR|Moonblast|p1a: Wailord
gen9natdexdraft-2334062445,https://replay.pokemonshowdown.com/gen9natdexdraft-2334062445,4,damage,FluffySingh,TUNGTUNGTUNGSAHUR,Shiinotic,Wailord,Gliscor,Moonblast,,,27,84/100 tox,57/100 tox,percent,move,Moonblast,True,False,False,False,False,False,|-damage|p1a: Wailord|57/100 tox
gen9natdexdraft-2334062445,https://replay.pokemonshowdown.com/gen9natdexdraft-2334062445,4,unknown,,,,,,,,,,,,unknown,unhandled_event,,False,False,False,False,False,False,|
gen9natdexdraft-2334062445,https://replay.pokemonshowdown.com/gen9natdexdraft-2334062445,4,damage,FluffySingh,TUNGTUNGTUNGSAHUR,Shiinotic,Wailord,Gliscor,Leech Seed,,,12,57/100 tox,45/100 tox,percent,move,Leech Seed,False,True,False,False,False,False,|-damage|p1a: Wailord|45/100 tox|[from] Leech Seed|[of] p2a: TUNGTUNGTUNGSAHUR
gen9natdexdraft-2334062445,https://replay.pokemonshowdown.com/gen9natdexdraft-2334062445,4,heal,charuzar,TUNGTUNGTUNGSAHUR,Shiinotic,TUNGTUNGTUNGSAHUR,Shiinotic,,,,13,82/100 tox,95/100 tox,percent,healing,unknown,False,False,False,False,False,True,|-heal|p2a: TUNGTUNGTUNGSAHUR|95/100 tox|[silent]
gen9natdexdraft-2334062445,https://replay.pokemonshowdown.com/gen9natdexdraft-2334062445,4,heal,FluffySingh,Wailord,Gliscor,Wailord,Gliscor,,Poison Heal,,12,45/100 tox,57/100 tox,percent,ability,Poison Heal,False,False,False,False,False,True,|-heal|p1a: Wailord|57/100 tox|[from] ability: Poison Heal
gen9natdexdraft-2334062445,https://replay.pokemonshowdown.com/gen9natdexdraft-2334062445,4,damage,charuzar,unknown,,TUNGTUNGTUNGSAHUR,Shiinotic,,,,18,95/100 tox,77/100 tox,percent,status,poison,False,True,False,False,False,False,|-damage|p2a: TUNGTUNGTUNGSAHUR|77/100 tox|[from] psn
gen9natdexdraft-2334062445,https://replay.pokemonshowdown.com/gen9natdexdraft-2334062445,4,upkeep,,,,,,,,,,,,unknown,unhandled_event,,False,False,False,False,False,False,|upkeep
gen9natdexdraft-2334062445,https://replay.pokemonshowdown.com/gen9natdexdraft-2334062445,5,turn,,,,,,,,,,,,unknown,,5,False,False,False,False,False,False,|turn|5
gen9natdexdraft-2334062445,https://replay.pokemonshowdown.com/gen9natdexdraft-2334062445,5,unknown,,,,,,,,,,,,unknown,unhandled_event,,False,False,False,False,False,False,|
gen9natdexdraft-2334062445,https://replay.pokemonshowdown.com/gen9natdexdraft-2334062445,5,timestamp,,,,,,,,,,,,unknown,,1743644355,False,False,False,False,False,False,|t:|1743644355
gen9natdexdraft-2334062445,https://replay.pokemonshowdown.com/gen9natdexdraft-2334062445,5,move,FluffySingh,Wailord,Gliscor,Wailord,Gliscor,Protect,,,,,,unknown,move,,False,False,False,False,False,False,|move|p1a: Wailord|Protect|p1a: Wailord
gen9natdexdraft-2334062445,https://replay.pokemonshowdown.com/gen9natdexdraft-2334062445,5,-singleturn,,,,,,,,,,,,unknown,unhandled_event,p1a: Wailord|Protect,False,False,False,False,False,False,|-singleturn|p1a: Wailord|Protect
gen9natdexdraft-2334062445,https://replay.pokemonshowdown.com/gen9natdexdraft-2334062445,5,move,charuzar,TUNGTUNGTUNGSAHUR,Shiinotic,Wailord,Gliscor,Strength Sap,,,,,,unknown,move,,False,False,False,False,False,False,|move|p2a: TUNGTUNGTUNGSAHUR|Strength Sap|p1a: Wailord
gen9natdexdraft-2334062445,https://replay.pokemonshowdown.com/gen9natdexdraft-2334062445,5,activate,,,,Wailord,Gliscor,,,,,,,unknown,Protect,,False,False,False,False,False,False,|-activate|p1a: Wailord|move: Protect
gen9natdexdraft-2334062445,https://replay.pokemonshowdown.com/gen9natdexdraft-2334062445,5,unknown,,,,,,,,,,,,unknown,unhandled_event,,False,False,False,False,False,False,|
gen9natdexdraft-2334062445,https://replay.pokemonshowdown.com/gen9natdexdraft-2334062445,5,damage,FluffySingh,TUNGTUNGTUNGSAHUR,Shiinotic,Wailord,Gliscor,Leech Seed,,,12,57/100 tox,45/100 tox,percent,move,Leech Seed,False,True,False,False,False,False,|-damage|p1a: Wailord|45/100 tox|[from] Leech Seed|[of] p2a: TUNGTUNGTUNGSAHUR
gen9natdexdraft-2334062445,https://replay.pokemonshowdown.com/gen9natdexdraft-2334062445,5,heal,charuzar,TUNGTUNGTUNGSAHUR,Shiinotic,TUNGTUNGTUNGSAHUR,Shiinotic,,,,13,77/100 tox,90/100 tox,percent,healing,unknown,False,False,False,False,False,True,|-heal|p2a: TUNGTUNGTUNGSAHUR|90/100 tox|[silent]
gen9natdexdraft-2334062445,https://replay.pokemonshowdown.com/gen9natdexdraft-2334062445,5,heal,FluffySingh,Wailord,Gliscor,Wailord,Gliscor,,Poison Heal,,12,45/100 tox,57/100 tox,percent,ability,Poison Heal,False,False,False,False,False,True,|-heal|p1a: Wailord|57/100 tox|[from] ability: Poison Heal
gen9natdexdraft-2334062445,https://replay.pokemonshowdown.com/gen9natdexdraft-2334062445,5,damage,charuzar,unknown,,TUNGTUNGTUNGSAHUR,Shiinotic,,,,24,90/100 tox,66/100 tox,percent,status,poison,False,True,False,False,False,False,|-damage|p2a: TUNGTUNGTUNGSAHUR|66/100 tox|[from] psn
gen9natdexdraft-2334062445,https://replay.pokemonshowdown.com/gen9natdexdraft-2334062445,5,upkeep,,,,,,,,,,,,unknown,unhandled_event,,False,False,False,False,False,False,|upkeep
gen9natdexdraft-2334062445,https://replay.pokemonshowdown.com/gen9natdexdraft-2334062445,6,turn,,,,,,,,,,,,unknown,,6,False,False,False,False,False,False,|turn|6
gen9natdexdraft-2334062445,https://replay.pokemonshowdown.com/gen9natdexdraft-2334062445,6,j,,,,,,,,,,,,unknown,unhandled_event, AlphaSingh,False,False,False,False,False,False,|j| AlphaSingh
gen9natdexdraft-2334062445,https://replay.pokemonshowdown.com/gen9natdexdraft-2334062445,6,unknown,,,,,,,,,,,,unknown,unhandled_event,,False,False,False,False,False,False,|
gen9natdexdraft-2334062445,https://replay.pokemonshowdown.com/gen9natdexdraft-2334062445,6,timestamp,,,,,,,,,,,,unknown,,1743644438,False,False,False,False,False,False,|t:|1743644438
gen9natdexdraft-2334062445,https://replay.pokemonshowdown.com/gen9natdexdraft-2334062445,6,switch,FluffySingh,,,Wailord,Uxie,,,,,,100/100,percent,switch,,False,False,False,False,False,False,|switch|p1a: Wailord|Uxie|100/100
gen9natdexdraft-2334062445,https://replay.pokemonshowdown.com/gen9natdexdraft-2334062445,6,move,charuzar,TUNGTUNGTUNGSAHUR,Shiinotic,Wailord,Uxie,Strength Sap,,,,,,unknown,move,,False,False,False,False,False,False,|move|p2a: TUNGTUNGTUNGSAHUR|Strength Sap|p1a: Wailord
gen9natdexdraft-2334062445,https://replay.pokemonshowdown.com/gen9natdexdraft-2334062445,6,unboost,FluffySingh,TUNGTUNGTUNGSAHUR,Shiinotic,Wailord,Uxie,,,,-1,,,unknown,atk,,False,False,False,False,False,False,|-unboost|p1a: Wailord|atk|1
gen9natdexdraft-2334062445,https://replay.pokemonshowdown.com/gen9natdexdraft-2334062445,6,heal,charuzar,TUNGTUNGTUNGSAHUR,Shiinotic,TUNGTUNGTUNGSAHUR,Shiinotic,,,,34,66/100 tox,100/100 tox,percent,healing,unknown,False,False,False,False,False,True,|-heal|p2a: TUNGTUNGTUNGSAHUR|100/100 tox
gen9natdexdraft-2334062445,https://replay.pokemonshowdown.com/gen9natdexdraft-2334062445,6,unknown,,,,,,,,,,,,unknown,unhandled_event,,False,False,False,False,False,False,|
gen9natdexdraft-2334062445,https://replay.pokemonshowdown.com/gen9natdexdraft-2334062445,6,damage,charuzar,unknown,,TUNGTUNGTUNGSAHUR,Shiinotic,,,,30,100/100 tox,70/100 tox,percent,status,poison,False,True,False,False,False,False,|-damage|p2a: TUNGTUNGTUNGSAHUR|70/100 tox|[from] psn
gen9natdexdraft-2334062445,https://replay.pokemonshowdown.com/gen9natdexdraft-2334062445,6,upkeep,,,,,,,,,,,,unknown,unhandled_event,,False,False,False,False,False,False,|upkeep
gen9natdexdraft-2334062445,https://replay.pokemonshowdown.com/gen9natdexdraft-2334062445,7,turn,,,,,,,,,,,,unknown,,7,False,False,False,False,False,False,|turn|7
gen9natdexdraft-2334062445,https://replay.pokemonshowdown.com/gen9natdexdraft-2334062445,7,j,,,,,,,,,,,,unknown,unhandled_event, Caliber14,False,False,False,False,False,False,|j| Caliber14
gen9natdexdraft-2334062445,https://replay.pokemonshowdown.com/gen9natdexdraft-2334062445,7,unknown,,,,,,,,,,,,unknown,unhandled_event,,False,False,False,False,False,False,|
gen9natdexdraft-2334062445,https://replay.pokemonshowdown.com/gen9natdexdraft-2334062445,7,timestamp,,,,,,,,,,,,unknown,,1743644453,False,False,False,False,False,False,|t:|1743644453
gen9natdexdraft-2334062445,https://replay.pokemonshowdown.com/gen9natdexdraft-2334062445,7,switch,charuzar,,,LIRILÌ LARILÀ,Overqwil,,,,,,100/100,percent,switch,,False,False,False,False,False,False,"|switch|p2a: LIRILÌ LARILÀ|Overqwil, F|100/100"
gen9natdexdraft-2334062445,https://replay.pokemonshowdown.com/gen9natdexdraft-2334062445,7,ability,charuzar,,,LIRILÌ LARILÀ,Overqwil,,Intimidate,,,,,unknown,,,False,False,False,False,False,False,|-ability|p2a: LIRILÌ LARILÀ|Intimidate|boost
gen9natdexdraft-2334062445,https://replay.pokemonshowdown.com/gen9natdexdraft-2334062445,7,unboost,FluffySingh,,,Wailord,Uxie,,,,-1,,,unknown,atk,,False,False,False,False,False,False,|-unboost|p1a: Wailord|atk|1
gen9natdexdraft-2334062445,https://replay.pokemonshowdown.com/gen9natdexdraft-2334062445,7,move,FluffySingh,Wailord,Uxie,LIRILÌ LARILÀ,Overqwil,Stealth Rock,,,,,,unknown,move,,False,False,False,False,False,False,|move|p1a: Wailord|Stealth Rock|p2a: LIRILÌ LARILÀ
gen9natdexdraft-2334062445,https://replay.pokemonshowdown.com/gen9natdexdraft-2334062445,7,sidestart,charuzar,Wailord,Uxie,,,,,,,,,unknown,Stealth Rock,,False,False,False,False,False,False,|-sidestart|p2: charuzar|move: Stealth Rock
gen9natdexdraft-2334062445,https://replay.pokemonshowdown.com/gen9natdexdraft-2334062445,7,unknown,,,,,,,,,,,,unknown,unhandled_event,,False,False,False,False,False,False,|
gen9natdexdraft-2334062445,https://replay.pokemonshowdown.com/gen9natdexdraft-2334062445,7,upkeep,,,,,,,,,,,,unknown,unhandled_event,,False,False,False,False,False,False,|upkeep
gen9natdexdraft-2334062445,https://replay.pokemonshowdown.com/gen9natdexdraft-2334062445,8,turn,,,,,,,,,,,,unknown,,8,False,False,False,False,False,False,|turn|8
gen9natdexdraft-2334062445,https://replay.pokemonshowdown.com/gen9natdexdraft-2334062445,8,c,,,,,,,,,,,,unknown,unhandled_event, Caliber14|offbrand wailord 6-0 sweep,False,False,False,False,False,False,|c| Caliber14|offbrand wailord 6-0 sweep
gen9natdexdraft-2334062445,https://replay.pokemonshowdown.com/gen9natdexdraft-2334062445,8,unknown,,,,,,,,,,,,unknown,unhandled_event,,False,False,False,False,False,False,|
gen9natdexdraft-2334062445,https://replay.pokemonshowdown.com/gen9natdexdraft-2334062445,8,timestamp,,,,,,,,,,,,unknown,,1743644477,False,False,False,False,False,False,|t:|1743644477
gen9natdexdraft-2334062445,https://replay.pokemonshowdown.com/gen9natdexdraft-2334062445,8,switch,FluffySingh,,,Wailord,Gliscor,,,,,,57/100 tox,percent,switch,,False,False,False,False,False,False,"|switch|p1a: Wailord|Gliscor, F|57/100 tox"
gen9natdexdraft-2334062445,https://replay.pokemonshowdown.com/gen9natdexdraft-2334062445,8,move,charuzar,LIRILÌ LARILÀ,Overqwil,Wailord,Gliscor,Throat Chop,,,,,,unknown,move,,False,False,False,False,False,False,|move|p2a: LIRILÌ LARILÀ|Throat Chop|p1a: Wailord
gen9natdexdraft-2334062445,https://replay.pokemonshowdown.com/gen9natdexdraft-2334062445,8,crit,,LIRILÌ LARILÀ,Overqwil,Wailord,Gliscor,Throat Chop,,,,,,unknown,,p1a: Wailord,False,False,False,False,False,False,|-crit|p1a: Wailord
gen9natdexdraft-2334062445,https://replay.pokemonshowdown.com/gen9natdexdraft-2334062445,8,damage,FluffySingh,LIRILÌ LARILÀ,Overqwil,Wailord,Gliscor,Throat Chop,,,41,57/100 tox,16/100 tox,percent,move,Throat Chop,True,False,False,False,False,False,|-damage|p1a: Wailord|16/100 tox
gen9natdexdraft-2334062445,https://replay.pokemonshowdown.com/gen9natdexdraft-2334062445,8,start,,LIRILÌ LARILÀ,Overqwil,Wailord,Gliscor,,,,,,,unknown,Throat Chop,,False,False,False,False,False,False,|-start|p1a: Wailord|Throat Chop|[silent]
gen9natdexdraft-2334062445,https://replay.pokemonshowdown.com/gen9natdexdraft-2334062445,8,unknown,,,,,,,,,,,,unknown,unhandled_event,,False,False,False,False,False,False,|
gen9natdexdraft-2334062445,https://replay.pokemonshowdown.com/gen9natdexdraft-2334062445,8,heal,FluffySingh,Wailord,Gliscor,Wailord,Gliscor,,Poison Heal,,13,16/100 tox,29/100 tox,percent,ability,Poison Heal,False,False,False,False,False,True,|-heal|p1a: Wailord|29/100 tox|[from] ability: Poison Heal
gen9natdexdraft-2334062445,https://replay.pokemonshowdown.com/gen9natdexdraft-2334062445,8,upkeep,,,,,,,,,,,,unknown,unhandled_event,,False,False,False,False,False,False,|upkeep
gen9natdexdraft-2334062445,https://replay.pokemonshowdown.com/gen9natdexdraft-2334062445,9,turn,,,,,,,,,,,,unknown,,9,False,False,False,False,False,False,|turn|9
gen9natdexdraft-2334062445,https://replay.pokemonshowdown.com/gen9natdexdraft-2334062445,9,c,,,,,,,,,,,,unknown,unhandled_event, legendpokemaster25|LIRILI LARILA,False,False,False,False,False,False,|c| legendpokemaster25|LIRILI LARILA
gen9natdexdraft-2334062445,https://replay.pokemonshowdown.com/gen9natdexdraft-2334062445,9,c,,,,,,,,,,,,unknown,unhandled_event, legendpokemaster25|CRIT INSURANCE,False,False,False,False,False,False,|c| legendpokemaster25|CRIT INSURANCE
gen9natdexdraft-2334062445,https://replay.pokemonshowdown.com/gen9natdexdraft-2334062445,9,c,,,,,,,,,,,,unknown,unhandled_event, johnny weest|CRIT MATTERED,False,False,False,False,False,False,|c| johnny weest|CRIT MATTERED
gen9natdexdraft-2334062445,https://replay.pokemonshowdown.com/gen9natdexdraft-2334062445,9,c,,,,,,,,,,,,unknown,unhandled_event, legendpokemaster25|CRIT INSURANCE,False,False,False,False,False,False,|c| legendpokemaster25|CRIT INSURANCE
gen9natdexdraft-2334062445,https://replay.pokemonshowdown.com/gen9natdexdraft-2334062445,9,c,,,,,,,,,,,,unknown,unhandled_event, udays|crit is too much,False,False,False,False,False,False,|c| udays|crit is too much
gen9natdexdraft-2334062445,https://replay.pokemonshowdown.com/gen9natdexdraft-2334062445,9,unknown,,,,,,,,,,,,unknown,unhandled_event,,False,False,False,False,False,False,|
gen9natdexdraft-2334062445,https://replay.pokemonshowdown.com/gen9natdexdraft-2334062445,9,timestamp,,,,,,,,,,,,unknown,,1743644542,False,False,False,False,False,False,|t:|1743644542
gen9natdexdraft-2334062445,https://replay.pokemonshowdown.com/gen9natdexdraft-2334062445,9,switch,charuzar,,,Rotom-in-Heat,Rotom-Heat,,,,,,100/100,percent,switch,,False,False,False,False,False,False,|switch|p2a: Rotom-in-Heat|Rotom-Heat|100/100
gen9natdexdraft-2334062445,https://replay.pokemonshowdown.com/gen9natdexdraft-2334062445,9,damage,charuzar,Wailord,Uxie,Rotom-in-Heat,Rotom-Heat,Stealth Rock,,,25,100/100,75/100,percent,hazard,Stealth Rock,False,True,True,False,False,False,|-damage|p2a: Rotom-in-Heat|75/100|[from] Stealth Rock
gen9natdexdraft-2334062445,https://replay.pokemonshowdown.com/gen9natdexdraft-2334062445,9,move,FluffySingh,Wailord,Gliscor,,,Protect,,,,,,unknown,move,,False,False,False,False,False,False,|move|p1a: Wailord|Protect||[still]
gen9natdexdraft-2334062445,https://replay.pokemonshowdown.com/gen9natdexdraft-2334062445,9,fail,,,,,,,,,,,,unknown,,p1a: Wailord,False,False,False,False,False,False,|-fail|p1a: Wailord
gen9natdexdraft-2334062445,https://replay.pokemonshowdown.com/gen9natdexdraft-2334062445,9,unknown,,,,,,,,,,,,unknown,unhandled_event,,False,False,False,False,False,False,|
gen9natdexdraft-2334062445,https://replay.pokemonshowdown.com/gen9natdexdraft-2334062445,9,heal,FluffySingh,Wailord,Gliscor,Wailord,Gliscor,,Poison Heal,,12,29/100 tox,41/100 tox,percent,ability,Poison Heal,False,False,False,False,False,True,|-heal|p1a: Wailord|41/100 tox|[from] ability: Poison Heal
gen9natdexdraft-2334062445,https://replay.pokemonshowdown.com/gen9natdexdraft-2334062445,9,end,,,,Wailord,Gliscor,,,,,,,unknown,Throat Chop,,False,False,False,False,False,False,|-end|p1a: Wailord|Throat Chop|[silent]
gen9natdexdraft-2334062445,https://replay.pokemonshowdown.com/gen9natdexdraft-2334062445,9,upkeep,,,,,,,,,,,,unknown,unhandled_event,,False,False,False,False,False,False,|upkeep
gen9natdexdraft-2334062445,https://replay.pokemonshowdown.com/gen9natdexdraft-2334062445,10,turn,,,,,,,,,,,,unknown,,10,False,False,False,False,False,False,|turn|10
gen9natdexdraft-2334062445,https://replay.pokemonshowdown.com/gen9natdexdraft-2334062445,10,c,,,,,,,,,,,,unknown,unhandled_event, johnny weest|https://imgflip.com/i/9pjx2c,False,False,False,False,False,False,|c| johnny weest|https://imgflip.com/i/9pjx2c
gen9natdexdraft-2334062445,https://replay.pokemonshowdown.com/gen9natdexdraft-2334062445,10,unknown,,,,,,,,,,,,unknown,unhandled_event,,False,False,False,False,False,False,|
gen9natdexdraft-2334062445,https://replay.pokemonshowdown.com/gen9natdexdraft-2334062445,10,timestamp,,,,,,,,,,,,unknown,,1743644584,False,False,False,False,False,False,|t:|1743644584
gen9natdexdraft-2334062445,https://replay.pokemonshowdown.com/gen9natdexdraft-2334062445,10,move,FluffySingh,Wailord,Gliscor,Wailord,Gliscor,Protect,,,,,,unknown,move,,False,False,False,False,False,False,|move|p1a: Wailord|Protect|p1a: Wailord
gen9natdexdraft-2334062445,https://replay.pokemonshowdown.com/gen9natdexdraft-2334062445,10,-singleturn,,,,,,,,,,,,unknown,unhandled_event,p1a: Wailord|Protect,False,False,False,False,False,False,|-singleturn|p1a: Wailord|Protect
gen9natdexdraft-2334062445,https://replay.pokemonshowdown.com/gen9natdexdraft-2334062445,10,move,charuzar,Rotom-in-Heat,Rotom-Heat,Wailord,Gliscor,Overheat,,,,,,unknown,move,,False,False,False,False,False,False,|move|p2a: Rotom-in-Heat|Overheat|p1a: Wailord
gen9natdexdraft-2334062445,https://replay.pokemonshowdown.com/gen9natdexdraft-2334062445,10,activate,,,,Wailord,Gliscor,,,,,,,unknown,Protect,,False,False,False,False,False,False,|-activate|p1a: Wailord|move: Protect
gen9natdexdraft-2334062445,https://replay.pokemonshowdown.com/gen9natdexdraft-2334062445,10,unknown,,,,,,,,,,,,unknown,unhandled_event,,False,False,False,False,False,False,|
gen9natdexdraft-2334062445,https://replay.pokemonshowdown.com/gen9natdexdraft-2334062445,10,heal,FluffySingh,Wailord,Gliscor,Wailord,Gliscor,,Poison Heal,,13,41/100 tox,54/100 tox,percent,ability,Poison Heal,False,False,False,False,False,True,|-heal|p1a: Wailord|54/100 tox|[from] ability: Poison Heal
gen9natdexdraft-2334062445,https://replay.pokemonshowdown.com/gen9natdexdraft-2334062445,10,upkeep,,,,,,,,,,,,unknown,unhandled_event,,False,False,False,False,False,False,|upkeep
gen9natdexdraft-2334062445,https://replay.pokemonshowdown.com/gen9natdexdraft-2334062445,11,turn,,,,,,,,,,,,unknown,,11,False,False,False,False,False,False,|turn|11
gen9natdexdraft-2334062445,https://replay.pokemonshowdown.com/gen9natdexdraft-2334062445,11,unknown,,,,,,,,,,,,unknown,unhandled_event,,False,False,False,False,False,False,|
gen9natdexdraft-2334062445,https://replay.pokemonshowdown.com/gen9natdexdraft-2334062445,11,timestamp,,,,,,,,,,,,unknown,,1743644634,False,False,False,False,False,False,|t:|1743644634
gen9natdexdraft-2334062445,https://replay.pokemonshowdown.com/gen9natdexdraft-2334062445,11,switch,FluffySingh,,,Wailord,Vaporeon,,,,,,100/100,percent,switch,,False,False,False,False,False,False,"|switch|p1a: Wailord|Vaporeon, F|100/100"
gen9natdexdraft-2334062445,https://replay.pokemonshowdown.com/gen9natdexdraft-2334062445,11,move,charuzar,Rotom-in-Heat,Rotom-Heat,Wailord,Vaporeon,Defog,,,,,,unknown,move,,False,False,False,False,False,False,|move|p2a: Rotom-in-Heat|Defog|p1a: Wailord
gen9natdexdraft-2334062445,https://replay.pokemonshowdown.com/gen9natdexdraft-2334062445,11,unboost,FluffySingh,Rotom-in-Heat,Rotom-Heat,Wailord,Vaporeon,,,,-1,,,unknown,evasion,,False,False,False,False,False,False,|-unboost|p1a: Wailord|evasion|1
gen9natdexdraft-2334062445,https://replay.pokemonshowdown.com/gen9natdexdraft-2334062445,11,sideend,charuzar,Rotom-in-Heat,Rotom-Heat,,,,,,,,,unknown,Stealth Rock,Wailord,False,False,False,False,False,False,|-sideend|p2: charuzar|Stealth Rock|[from] move: Defog|[of] p2a: Rotom-in-Heat
gen9natdexdraft-2334062445,https://replay.pokemonshowdown.com/gen9natdexdraft-2334062445,11,unknown,,,,,,,,,,,,unknown,unhandled_event,,False,False,False,False,False,False,|
gen9natdexdraft-2334062445,https://replay.pokemonshowdown.com/gen9natdexdraft-2334062445,11,upkeep,,,,,,,,,,,,unknown,unhandled_event,,False,False,False,False,False,False,|upkeep
gen9natdexdraft-2334062445,https://replay.pokemonshowdown.com/gen9natdexdraft-2334062445,12,turn,,,,,,,,,,,,unknown,,12,False,False,False,False,False,False,|turn|12
gen9natdexdraft-2334062445,https://replay.pokemonshowdown.com/gen9natdexdraft-2334062445,12,unknown,,,,,,,,,,,,unknown,unhandled_event,,False,False,False,False,False,False,|
gen9natdexdraft-2334062445,https://replay.pokemonshowdown.com/gen9natdexdraft-2334062445,12,timestamp,,,,,,,,,,,,unknown,,1743644643,False,False,False,False,False,False,|t:|1743644643
gen9natdexdraft-2334062445,https://replay.pokemonshowdown.com/gen9natdexdraft-2334062445,12,move,charuzar,Rotom-in-Heat,Rotom-Heat,Wailord,Vaporeon,Volt Switch,,,,,,unknown,move,,False,False,False,False,False,False,|move|p2a: Rotom-in-Heat|Volt Switch|p1a: Wailord
gen9natdexdraft-2334062445,https://replay.pokemonshowdown.com/gen9natdexdraft-2334062445,12,supereffective,,Rotom-in-Heat,Rotom-Heat,Wailord,Vaporeon,Volt Switch,,,,,,unknown,,p1a: Wailord,False,False,False,False,False,False,|-supereffective|p1a: Wailord
gen9natdexdraft-2334062445,https://replay.pokemonshowdown.com/gen9natdexdraft-2334062445,12,crit,,Rotom-in-Heat,Rotom-Heat,Wailord,Vaporeon,Volt Switch,,,,,,unknown,,p1a: Wailord,False,False,False,False,False,False,|-crit|p1a: Wailord
gen9natdexdraft-2334062445,https://replay.pokemonshowdown.com/gen9natdexdraft-2334062445,12,damage,FluffySingh,Rotom-in-Heat,Rotom-Heat,Wailord,Vaporeon,Volt Switch,,,42,100/100,58/100,percent,move,Volt Switch,True,False,False,False,False,False,|-damage|p1a: Wailord|58/100
gen9natdexdraft-2334062445,https://replay.pokemonshowdown.com/gen9natdexdraft-2334062445,12,unknown,,,,,,,,,,,,unknown,unhandled_event,,False,False,False,False,False,False,|
gen9natdexdraft-2334062445,https://replay.pokemonshowdown.com/gen9natdexdraft-2334062445,12,timestamp,,,,,,,,,,,,unknown,,1743644650,False,False,False,False,False,False,|t:|1743644650
gen9natdexdraft-2334062445,https://replay.pokemonshowdown.com/gen9natdexdraft-2334062445,12,switch,charuzar,,,TUNGTUNGTUNGSAHUR,Shiinotic,,,,,,70/100 tox,percent,switch,,False,False,False,False,False,False,"|switch|p2a: TUNGTUNGTUNGSAHUR|Shiinotic, F|70/100 tox|[from] Volt Switch"
gen9natdexdraft-2334062445,https://replay.pokemonshowdown.com/gen9natdexdraft-2334062445,12,move,FluffySingh,Wailord,Vaporeon,TUNGTUNGTUNGSAHUR,Shiinotic,Toxic,,,,,,unknown,move,,False,False,False,False,False,False,|move|p1a: Wailord|Toxic|p2a: TUNGTUNGTUNGSAHUR
gen9natdexdraft-2334062445,https://replay.pokemonshowdown.com/gen9natdexdraft-2334062445,12,fail,,,,,,,,,,,,unknown,,p2a: TUNGTUNGTUNGSAHUR|tox,False,False,False,False,False,False,|-fail|p2a: TUNGTUNGTUNGSAHUR|tox
gen9natdexdraft-2334062445,https://replay.pokemonshowdown.com/gen9natdexdraft-2334062445,12,unknown,,,,,,,,,,,,unknown,unhandled_event,,False,False,False,False,False,False,|
gen9natdexdraft-2334062445,https://replay.pokemonshowdown.com/gen9natdexdraft-2334062445,12,heal,FluffySingh,Wailord,Vaporeon,Wailord,Vaporeon,,,Leftovers,6,58/100,64/100,percent,item,Leftovers,False,False,False,False,False,True,|-heal|p1a: Wailord|64/100|[from] item: Leftovers
gen9natdexdraft-2334062445,https://replay.pokemonshowdown.com/gen9natdexdraft-2334062445,12,damage,charuzar,unknown,,TUNGTUNGTUNGSAHUR,Shiinotic,,,,7,70/100 tox,63/100 tox,percent,status,poison,False,True,False,False,False,False,|-damage|p2a: TUNGTUNGTUNGSAHUR|63/100 tox|[from] psn
gen9natdexdraft-2334062445,https://replay.pokemonshowdown.com/gen9natdexdraft-2334062445,12,upkeep,,,,,,,,,,,,unknown,unhandled_event,,False,False,False,False,False,False,|upkeep
gen9natdexdraft-2334062445,https://replay.pokemonshowdown.com/gen9natdexdraft-2334062445,13,turn,,,,,,,,,,,,unknown,,13,False,False,False,False,False,False,|turn|13
gen9natdexdraft-2334062445,https://replay.pokemonshowdown.com/gen9natdexdraft-2334062445,13,c,,,,,,,,,,,,unknown,unhandled_event, johnny weest|CRIT MATTEREDDDD,False,False,False,False,False,False,|c| johnny weest|CRIT MATTEREDDDD
gen9natdexdraft-2334062445,https://replay.pokemonshowdown.com/gen9natdexdraft-2334062445,13,c,,,,,,,,,,,,unknown,unhandled_event, udays|crit hacks,False,False,False,False,False,False,|c| udays|crit hacks
gen9natdexdraft-2334062445,https://replay.pokemonshowdown.com/gen9natdexdraft-2334062445,13,unknown,,,,,,,,,,,,unknown,unhandled_event,,False,False,False,False,False,False,|
gen9natdexdraft-2334062445,https://replay.pokemonshowdown.com/gen9natdexdraft-2334062445,13,timestamp,,,,,,,,,,,,unknown,,1743644690,False,False,False,False,False,False,|t:|1743644690
gen9natdexdraft-2334062445,https://replay.pokemonshowdown.com/gen9natdexdraft-2334062445,13,move,FluffySingh,Wailord,Vaporeon,Wailord,Vaporeon,Protect,,,,,,unknown,move,,False,False,False,False,False,False,|move|p1a: Wailord|Protect|p1a: Wailord
gen9natdexdraft-2334062445,https://replay.pokemonshowdown.com/gen9natdexdraft-2334062445,13,-singleturn,,,,,,,,,,,,unknown,unhandled_event,p1a: Wailord|Protect,False,False,False,False,False,False,|-singleturn|p1a: Wailord|Protect
gen9natdexdraft-2334062445,https://replay.pokemonshowdown.com/gen9natdexdraft-2334062445,13,move,charuzar,TUNGTUNGTUNGSAHUR,Shiinotic,Wailord,Vaporeon,Leech Seed,,,,,,unknown,move,,False,False,False,False,False,False,|move|p2a: TUNGTUNGTUNGSAHUR|Leech Seed|p1a: Wailord
gen9natdexdraft-2334062445,https://replay.pokemonshowdown.com/gen9natdexdraft-2334062445,13,activate,,,,Wailord,Vaporeon,,,,,,,unknown,Protect,,False,False,False,False,False,False,|-activate|p1a: Wailord|move: Protect
gen9natdexdraft-2334062445,https://replay.pokemonshowdown.com/gen9natdexdraft-2334062445,13,unknown,,,,,,,,,,,,unknown,unhandled_event,,False,False,False,False,False,False,|
gen9natdexdraft-2334062445,https://replay.pokemonshowdown.com/gen9natdexdraft-2334062445,13,heal,FluffySingh,Wailord,Vaporeon,Wailord,Vaporeon,,,Leftovers,6,64/100,70/100,percent,item,Leftovers,False,False,False,False,False,True,|-heal|p1a: Wailord|70/100|[from] item: Leftovers
gen9natdexdraft-2334062445,https://replay.pokemonshowdown.com/gen9natdexdraft-2334062445,13,damage,charuzar,unknown,,TUNGTUNGTUNGSAHUR,Shiinotic,,,,12,63/100 tox,51/100 tox,percent,status,poison,False,True,False,False,False,False,|-damage|p2a: TUNGTUNGTUNGSAHUR|51/100 tox|[from] psn
gen9natdexdraft-2334062445,https://replay.pokemonshowdown.com/gen9natdexdraft-2334062445,13,upkeep,,,,,,,,,,,,unknown,unhandled_event,,False,False,False,False,False,False,|upkeep
gen9natdexdraft-2334062445,https://replay.pokemonshowdown.com/gen9natdexdraft-2334062445,14,turn,,,,,,,,,,,,unknown,,14,False,False,False,False,False,False,|turn|14
gen9natdexdraft-2334062445,https://replay.pokemonshowdown.com/gen9natdexdraft-2334062445,14,unknown,,,,,,,,,,,,unknown,unhandled_event,,False,False,False,False,False,False,|
gen9natdexdraft-2334062445,https://replay.pokemonshowdown.com/gen9natdexdraft-2334062445,14,timestamp,,,,,,,,,,,,unknown,,1743644713,False,False,False,False,False,False,|t:|1743644713
gen9natdexdraft-2334062445,https://replay.pokemonshowdown.com/gen9natdexdraft-2334062445,14,switch,FluffySingh,,,Wailord,Uxie,,,,,,100/100,percent,switch,,False,False,False,False,False,False,|switch|p1a: Wailord|Uxie|100/100
gen9natdexdraft-2334062445,https://replay.pokemonshowdown.com/gen9natdexdraft-2334062445,14,move,charuzar,TUNGTUNGTUNGSAHUR,Shiinotic,Wailord,Uxie,Leech Seed,,,,,,unknown,move,,False,False,False,False,False,False,|move|p2a: TUNGTUNGTUNGSAHUR|Leech Seed|p1a: Wailord
gen9natdexdraft-2334062445,https://replay.pokemonshowdown.com/gen9natdexdraft-2334062445,14,start,,TUNGTUNGTUNGSAHUR,Shiinotic,Wailord,Uxie,,,,,,,unknown,Leech Seed,,False,False,False,False,False,False,|-start|p1a: Wailord|move: Leech Seed
gen9natdexdraft-2334062445,https://replay.pokemonshowdown.com/gen9natdexdraft-2334062445,14,unknown,,,,,,,,,,,,unknown,unhandled_event,,False,False,False,False,False,False,|
gen9natdexdraft-2334062445,https://replay.pokemonshowdown.com/gen9natdexdraft-2334062445,14,damage,FluffySingh,TUNGTUNGTUNGSAHUR,Shiinotic,Wailord,Uxie,Leech Seed,,,12,100/100,88/100,percent,move,Leech Seed,False,True,False,False,False,False,|-damage|p1a: Wailord|88/100|[from] Leech Seed|[of] p2a: TUNGTUNGTUNGSAHUR
gen9natdexdraft-2334062445,https://replay.pokemonshowdown.com/gen9natdexdraft-2334062445,14,heal,charuzar,TUNGTUNGTUNGSAHUR,Shiinotic,TUNGTUNGTUNGSAHUR,Shiinotic,,,,14,51/100 tox,65/100 tox,percent,healing,unknown,False,False,False,False,False,True,|-heal|p2a: TUNGTUNGTUNGSAHUR|65/100 tox|[silent]
gen9natdexdraft-2334062445,https://replay.pokemonshowdown.com/gen9natdexdraft-2334062445,14,damage,charuzar,unknown,,TUNGTUNGTUNGSAHUR,Shiinotic,,,,19,65/100 tox,46/100 tox,percent,status,poison,False,True,False,False,False,False,|-damage|p2a: TUNGTUNGTUNGSAHUR|46/100 tox|[from] psn
gen9natdexdraft-2334062445,https://replay.pokemonshowdown.com/gen9natdexdraft-2334062445,14,upkeep,,,,,,,,,,,,unknown,unhandled_event,,False,False,False,False,False,False,|upkeep
gen9natdexdraft-2334062445,https://replay.pokemonshowdown.com/gen9natdexdraft-2334062445,15,turn,,,,,,,,,,,,unknown,,15,False,False,False,False,False,False,|turn|15
gen9natdexdraft-2334062445,https://replay.pokemonshowdown.com/gen9natdexdraft-2334062445,15,unknown,,,,,,,,,,,,unknown,unhandled_event,,False,False,False,False,False,False,|
gen9natdexdraft-2334062445,https://replay.pokemonshowdown.com/gen9natdexdraft-2334062445,15,timestamp,,,,,,,,,,,,unknown,,1743644724,False,False,False,False,False,False,|t:|1743644724
gen9natdexdraft-2334062445,https://replay.pokemonshowdown.com/gen9natdexdraft-2334062445,15,move,FluffySingh,Wailord,Uxie,TUNGTUNGTUNGSAHUR,Shiinotic,U-turn,,,,,,unknown,move,,False,False,False,False,False,False,|move|p1a: Wailord|U-turn|p2a: TUNGTUNGTUNGSAHUR
gen9natdexdraft-2334062445,https://replay.pokemonshowdown.com/gen9natdexdraft-2334062445,15,damage,charuzar,Wailord,Uxie,TUNGTUNGTUNGSAHUR,Shiinotic,U-turn,,,14,46/100 tox,32/100 tox,percent,move,U-turn,True,False,False,False,False,False,|-damage|p2a: TUNGTUNGTUNGSAHUR|32/100 tox
gen9natdexdraft-2334062445,https://replay.pokemonshowdown.com/gen9natdexdraft-2334062445,15,status,FluffySingh,TUNGTUNGTUNGSAHUR,Shiinotic,Wailord,Uxie,,,,,,,unknown,ability,Effect Spore,False,False,False,False,False,False,|-status|p1a: Wailord|par|[from] ability: Effect Spore|[of] p2a: TUNGTUNGTUNGSAHUR
gen9natdexdraft-2334062445,https://replay.pokemonshowdown.com/gen9natdexdraft-2334062445,15,c,,,,,,,,,,,,unknown,unhandled_event, johnny weest|EFFECT MATTERED,False,False,False,False,False,False,|c| johnny weest|EFFECT MATTERED
gen9natdexdraft-2334062445,https://replay.pokemonshowdown.com/gen9natdexdraft-2334062445,15,unknown,,,,,,,,,,,,unknown,unhandled_event,,False,False,False,False,False,False,|
gen9natdexdraft-2334062445,https://replay.pokemonshowdown.com/gen9natdexdraft-2334062445,15,timestamp,,,,,,,,,,,,unknown,,1743644756,False,False,False,False,False,False,|t:|1743644756
gen9natdexdraft-2334062445,https://replay.pokemonshowdown.com/gen9natdexdraft-2334062445,15,switch,FluffySingh,,,Wailord,Latios,,,,,,100/100,percent,switch,,False,False,False,False,False,False,"|switch|p1a: Wailord|Latios, M|100/100|[from] U-turn"
gen9natdexdraft-2334062445,https://replay.pokemonshowdown.com/gen9natdexdraft-2334062445,15,move,charuzar,TUNGTUNGTUNGSAHUR,Shiinotic,Wailord,Latios,Strength Sap,,,,,,unknown,move,,False,False,False,False,False,False,|move|p2a: TUNGTUNGTUNGSAHUR|Strength Sap|p1a: Wailord
gen9natdexdraft-2334062445,https://replay.pokemonshowdown.com/gen9natdexdraft-2334062445,15,unboost,FluffySingh,TUNGTUNGTUNGSAHUR,Shiinotic,Wailord,Latios,,,,-1,,,unknown,atk,,False,False,False,False,False,False,|-unboost|p1a: Wailord|atk|1
gen9natdexdraft-2334062445,https://replay.pokemonshowdown.com/gen9natdexdraft-2334062445,15,heal,charuzar,TUNGTUNGTUNGSAHUR,Shiinotic,TUNGTUNGTUNGSAHUR,Shiinotic,,,,51,32/100 tox,83/100 tox,percent,healing,unknown,False,False,False,False,False,True,|-heal|p2a: TUNGTUNGTUNGSAHUR|83/100 tox
gen9natdexdraft-2334062445,https://replay.pokemonshowdown.com/gen9natdexdraft-2334062445,15,unknown,,,,,,,,,,,,unknown,unhandled_event,,False,False,False,False,False,False,|
gen9natdexdraft-2334062445,https://replay.pokemonshowdown.com/gen9natdexdraft-2334062445,15,damage,charuzar,unknown,,TUNGTUNGTUNGSAHUR,Shiinotic,,,,25,83/100 tox,58/100 tox,percent,status,poison,False,True,False,False,False,False,|-damage|p2a: TUNGTUNGTUNGSAHUR|58/100 tox|[from] psn
gen9natdexdraft-2334062445,https://replay.pokemonshowdown.com/gen9natdexdraft-2334062445,15,upkeep,,,,,,,,,,,,unknown,unhandled_event,,False,False,False,False,False,False,|upkeep
gen9natdexdraft-2334062445,https://replay.pokemonshowdown.com/gen9natdexdraft-2334062445,16,turn,,,,,,,,,,,,unknown,,16,False,False,False,False,False,False,|turn|16
gen9natdexdraft-2334062445,https://replay.pokemonshowdown.com/gen9natdexdraft-2334062445,16,j,,,,,,,,,,,,unknown,unhandled_event, hydrationdad,False,False,False,False,False,False,|j| hydrationdad
gen9natdexdraft-2334062445,https://replay.pokemonshowdown.com/gen9natdexdraft-2334062445,16,unknown,,,,,,,,,,,,unknown,unhandled_event,,False,False,False,False,False,False,|
gen9natdexdraft-2334062445,https://replay.pokemonshowdown.com/gen9natdexdraft-2334062445,16,timestamp,,,,,,,,,,,,unknown,,1743644799,False,False,False,False,False,False,|t:|1743644799
gen9natdexdraft-2334062445,https://replay.pokemonshowdown.com/gen9natdexdraft-2334062445,16,switch,charuzar,,,LIRILÌ LARILÀ,Overqwil,,,,,,100/100,percent,switch,,False,False,False,False,False,False,"|switch|p2a: LIRILÌ LARILÀ|Overqwil, F|100/100"
gen9natdexdraft-2334062445,https://replay.pokemonshowdown.com/gen9natdexdraft-2334062445,16,ability,charuzar,,,LIRILÌ LARILÀ,Overqwil,,Intimidate,,,,,unknown,,,False,False,False,False,False,False,|-ability|p2a: LIRILÌ LARILÀ|Intimidate|boost
gen9natdexdraft-2334062445,https://replay.pokemonshowdown.com/gen9natdexdraft-2334062445,16,unboost,FluffySingh,,,Wailord,Latios,,,,-1,,,unknown,atk,,False,False,False,False,False,False,|-unboost|p1a: Wailord|atk|1
gen9natdexdraft-2334062445,https://replay.pokemonshowdown.com/gen9natdexdraft-2334062445,16,move,FluffySingh,Wailord,Latios,LIRILÌ LARILÀ,Overqwil,Ice Beam,,,,,,unknown,move,,False,False,False,False,False,False,|move|p1a: Wailord|Ice Beam|p2a: LIRILÌ LARILÀ
gen9natdexdraft-2334062445,https://replay.pokemonshowdown.com/gen9natdexdraft-2334062445,16,damage,charuzar,Wailord,Latios,LIRILÌ LARILÀ,Overqwil,Ice Beam,,,27,100/100,73/100,percent,move,Ice Beam,True,False,False,False,False,False,|-damage|p2a: LIRILÌ LARILÀ|73/100
gen9natdexdraft-2334062445,https://replay.pokemonshowdown.com/gen9natdexdraft-2334062445,16,status,charuzar,Wailord,Latios,LIRILÌ LARILÀ,Overqwil,,,,,,,unknown,move,Ice Beam,False,False,False,False,False,False,|-status|p2a: LIRILÌ LARILÀ|frz
gen9natdexdraft-2334062445,https://replay.pokemonshowdown.com/gen9natdexdraft-2334062445,16,damage,FluffySingh,Wailord,Latios,Wailord,Latios,,,Life Orb,9,100/100,91/100,percent,item,Life Orb,False,True,False,True,True,False,|-damage|p1a: Wailord|91/100|[from] item: Life Orb
gen9natdexdraft-2334062445,https://replay.pokemonshowdown.com/gen9natdexdraft-2334062445,16,unknown,,,,,,,,,,,,unknown,unhandled_event,,False,False,False,False,False,False,|
gen9natdexdraft-2334062445,https://replay.pokemonshowdown.com/gen9natdexdraft-2334062445,16,upkeep,,,,,,,,,,,,unknown,unhandled_event,,False,False,False,False,False,False,|upkeep
gen9natdexdraft-2334062445,https://replay.pokemonshowdown.com/gen9natdexdraft-2334062445,17,turn,,,,,,,,,,,,unknown,,17,False,False,False,False,False,False,|turn|17
gen9natdexdraft-2334062445,https://replay.pokemonshowdown.com/gen9natdexdraft-2334062445,17,c,,,,,,,,,,,,unknown,unhandled_event, udays|FREEZE,False,False,False,False,False,False,|c| udays|FREEZE
gen9natdexdraft-2334062445,https://replay.pokemonshowdown.com/gen9natdexdraft-2334062445,17,c,,,,,,,,,,,,unknown,unhandled_event, johnny weest|FREEEEEZEEEE,False,False,False,False,False,False,|c| johnny weest|FREEEEEZEEEE
gen9natdexdraft-2334062445,https://replay.pokemonshowdown.com/gen9natdexdraft-2334062445,17,c,,,,,,,,,,,,unknown,unhandled_event, legendpokemaster25|FREEEEEEEEEEEEEEEEEEEEEEEEEEEEEEEEEEEEEEEEEEEEEEEEEEEEEEEEEEEEEEEEEEEEEEEEEEEEEEEEEEEEEEEEEEEEEEEEEEEEEEEEEEEEEEEEEEEEEEeeZE,False,False,False,False,False,False,|c| legendpokemaster25|FREEEEEEEEEEEEEEEEEEEEEEEEEEEEEEEEEEEEEEEEEEEEEEEEEEEEEEEEEEEEEEEEEEEEEEEEEEEEEEEEEEEEEEEEEEEEEEEEEEEEEEEEEEEEEEEEEEEEEEeeZE
gen9natdexdraft-2334062445,https://replay.pokemonshowdown.com/gen9natdexdraft-2334062445,17,c,,,,,,,,,,,,unknown,unhandled_event, udays|LATI ICE AURA ALWAYS FREEZING,False,False,False,False,False,False,|c| udays|LATI ICE AURA ALWAYS FREEZING
gen9natdexdraft-2334062445,https://replay.pokemonshowdown.com/gen9natdexdraft-2334062445,17,c,,,,,,,,,,,,unknown,unhandled_event, hydrationdad|ICE ARUA,False,False,False,False,False,False,|c| hydrationdad|ICE ARUA
gen9natdexdraft-2334062445,https://replay.pokemonshowdown.com/gen9natdexdraft-2334062445,17,c,,,,,,,,,,,,unknown,unhandled_event, legendpokemaster25|where is your freeze insurance charu?,False,False,False,False,False,False,|c| legendpokemaster25|where is your freeze insurance charu?
gen9natdexdraft-2334062445,https://replay.pokemonshowdown.com/gen9natdexdraft-2334062445,17,c,,,,,,,,,,,,unknown,unhandled_event, udays|2 crits + effect spore = freeze,False,False,False,False,False,False,|c| udays|2 crits + effect spore = freeze
gen9natdexdraft-2334062445,https://replay.pokemonshowdown.com/gen9natdexdraft-2334062445,17,c,,,,,,,,,,,,unknown,unhandled_event, legendpokemaster25|//afd sprites,False,False,False,False,False,False,|c| legendpokemaster25|//afd sprites
gen9natdexdraft-2334062445,https://replay.pokemonshowdown.com/gen9natdexdraft-2334062445,17,c,,,,,,,,,,,,unknown,unhandled_event, legendpokemaster25|boom,False,False,False,False,False,False,|c| legendpokemaster25|boom
gen9natdexdraft-2334062445,https://replay.pokemonshowdown.com/gen9natdexdraft-2334062445,17,c,,,,,,,,,,,,unknown,unhandled_event, legendpokemaster25|it worked,False,False,False,False,False,False,|c| legendpokemaster25|it worked
gen9natdexdraft-2334062445,https://replay.pokemonshowdown.com/gen9natdexdraft-2334062445,17,c,,,,,,,,,,,,unknown,unhandled_event, legendpokemaster25|peak,False,False,False,False,False,False,|c| legendpokemaster25|peak
gen9natdexdraft-2334062445,https://replay.pokemonshowdown.com/gen9natdexdraft-2334062445,17,unknown,,,,,,,,,,,,unknown,unhandled_event,,False,False,False,False,False,False,|
gen9natdexdraft-2334062445,https://replay.pokemonshowdown.com/gen9natdexdraft-2334062445,17,timestamp,,,,,,,,,,,,unknown,,1743644911,False,False,False,False,False,False,|t:|1743644911
gen9natdexdraft-2334062445,https://replay.pokemonshowdown.com/gen9natdexdraft-2334062445,17,switch,charuzar,,,TRULIMEROTRULICINA,Scream Tail,,,,,,100/100,percent,switch,,False,False,False,False,False,False,|switch|p2a: TRULIMEROTRULICINA|Scream Tail|100/100
gen9natdexdraft-2334062445,https://replay.pokemonshowdown.com/gen9natdexdraft-2334062445,17,move,FluffySingh,Wailord,Latios,TRULIMEROTRULICINA,Scream Tail,Draco Meteor,,,,,,unknown,move,,False,False,False,False,False,False,|move|p1a: Wailord|Draco Meteor|p2a: TRULIMEROTRULICINA
gen9natdexdraft-2334062445,https://replay.pokemonshowdown.com/gen9natdexdraft-2334062445,17,immune,,,,,,,,,,,,unknown,,p2a: TRULIMEROTRULICINA,False,False,False,False,False,False,|-immune|p2a: TRULIMEROTRULICINA
gen9natdexdraft-2334062445,https://replay.pokemonshowdown.com/gen9natdexdraft-2334062445,17,unknown,,,,,,,,,,,,unknown,unhandled_event,,False,False,False,False,False,False,|
gen9natdexdraft-2334062445,https://replay.pokemonshowdown.com/gen9natdexdraft-2334062445,17,upkeep,,,,,,,,,,,,unknown,unhandled_event,,False,False,False,False,False,False,|upkeep
gen9natdexdraft-2334062445,https://replay.pokemonshowdown.com/gen9natdexdraft-2334062445,18,turn,,,,,,,,,,,,unknown,,18,False,False,False,False,False,False,|turn|18
gen9natdexdraft-2334062445,https://replay.pokemonshowdown.com/gen9natdexdraft-2334062445,18,c,,,,,,,,,,,,unknown,unhandled_event, legendpokemaster25|TRULIMEROTRULICINA,False,False,False,False,False,False,|c| legendpokemaster25|TRULIMEROTRULICINA
gen9natdexdraft-2334062445,https://replay.pokemonshowdown.com/gen9natdexdraft-2334062445,18,c,,,,,,,,,,,,unknown,unhandled_event, legendpokemaster25|MY GOAT,False,False,False,False,False,False,|c| legendpokemaster25|MY GOAT
gen9natdexdraft-2334062445,https://replay.pokemonshowdown.com/gen9natdexdraft-2334062445,18,c,,,,,,,,,,,,unknown,unhandled_event,☆charuzar|do you guys know who trulimero trulicina is?,False,False,False,False,False,False,|c|☆charuzar|do you guys know who trulimero trulicina is?
gen9natdexdraft-2334062445,https://replay.pokemonshowdown.com/gen9natdexdraft-2334062445,18,c,,,,,,,,,,,,unknown,unhandled_event,☆charuzar|underrated af,False,False,False,False,False,False,|c|☆charuzar|underrated af
gen9natdexdraft-2334062445,https://replay.pokemonshowdown.com/gen9natdexdraft-2334062445,18,unknown,,,,,,,,,,,,unknown,unhandled_event,,False,False,False,False,False,False,|
gen9natdexdraft-2334062445,https://replay.pokemonshowdown.com/gen9natdexdraft-2334062445,18,timestamp,,,,,,,,,,,,unknown,,1743644950,False,False,False,False,False,False,|t:|1743644950
gen9natdexdraft-2334062445,https://replay.pokemonshowdown.com/gen9natdexdraft-2334062445,18,switch,FluffySingh,,,Wailord,Vaporeon,,,,,,70/100,percent,switch,,False,False,False,False,False,False,"|switch|p1a: Wailord|Vaporeon, F|70/100"
gen9natdexdraft-2334062445,https://replay.pokemonshowdown.com/gen9natdexdraft-2334062445,18,move,charuzar,TRULIMEROTRULICINA,Scream Tail,TRULIMEROTRULICINA,Scream Tail,Wish,,,,,,unknown,move,,False,False,False,False,False,False,|move|p2a: TRULIMEROTRULICINA|Wish|p2a: TRULIMEROTRULICINA
gen9natdexdraft-2334062445,https://replay.pokemonshowdown.com/gen9natdexdraft-2334062445,18,unknown,,,,,,,,,,,,unknown,unhandled_event,,False,False,False,False,False,False,|
gen9natdexdraft-2334062445,https://replay.pokemonshowdown.com/gen9natdexdraft-2334062445,18,heal,FluffySingh,Wailord,Vaporeon,Wailord,Vaporeon,,,Leftovers,7,70/100,77/100,percent,item,Leftovers,False,False,False,False,False,True,|-heal|p1a: Wailord|77/100|[from] item: Leftovers
gen9natdexdraft-2334062445,https://replay.pokemonshowdown.com/gen9natdexdraft-2334062445,18,upkeep,,,,,,,,,,,,unknown,unhandled_event,,False,False,False,False,False,False,|upkeep
gen9natdexdraft-2334062445,https://replay.pokemonshowdown.com/gen9natdexdraft-2334062445,19,turn,,,,,,,,,,,,unknown,,19,False,False,False,False,False,False,|turn|19
gen9natdexdraft-2334062445,https://replay.pokemonshowdown.com/gen9natdexdraft-2334062445,19,c,,,,,,,,,,,,unknown,unhandled_event, hydrationdad|all i know is cant be better than tim cheese,False,False,False,False,False,False,|c| hydrationdad|all i know is cant be better than tim cheese
gen9natdexdraft-2334062445,https://replay.pokemonshowdown.com/gen9natdexdraft-2334062445,19,unknown,,,,,,,,,,,,unknown,unhandled_event,,False,False,False,False,False,False,|
gen9natdexdraft-2334062445,https://replay.pokemonshowdown.com/gen9natdexdraft-2334062445,19,timestamp,,,,,,,,,,,,unknown,,1743644957,False,False,False,False,False,False,|t:|1743644957
gen9natdexdraft-2334062445,https://replay.pokemonshowdown.com/gen9natdexdraft-2334062445,19,end,,,,TRULIMEROTRULICINA,Scream Tail,,,,,,,unknown,Protosynthesis,,False,False,False,False,False,False,|-end|p2a: TRULIMEROTRULICINA|Protosynthesis|[silent]
gen9natdexdraft-2334062445,https://replay.pokemonshowdown.com/gen9natdexdraft-2334062445,19,switch,charuzar,,,LIRILÌ LARILÀ,Overqwil,,,,,,73/100 frz,percent,switch,,False,False,False,False,False,False,"|switch|p2a: LIRILÌ LARILÀ|Overqwil, F|73/100 frz"
gen9natdexdraft-2334062445,https://replay.pokemonshowdown.com/gen9natdexdraft-2334062445,19,ability,charuzar,,,LIRILÌ LARILÀ,Overqwil,,Intimidate,,,,,unknown,,,False,False,False,False,False,False,|-ability|p2a: LIRILÌ LARILÀ|Intimidate|boost
gen9natdexdraft-2334062445,https://replay.pokemonshowdown.com/gen9natdexdraft-2334062445,19,unboost,FluffySingh,,,Wailord,Vaporeon,,,,-1,,,unknown,atk,,False,False,False,False,False,False,|-unboost|p1a: Wailord|atk|1
gen9natdexdraft-2334062445,https://replay.pokemonshowdown.com/gen9natdexdraft-2334062445,19,move,FluffySingh,Wailord,Vaporeon,Wailord,Vaporeon,Wish,,,,,,unknown,move,,False,False,False,False,False,False,|move|p1a: Wailord|Wish|p1a: Wailord
gen9natdexdraft-2334062445,https://replay.pokemonshowdown.com/gen9natdexdraft-2334062445,19,unknown,,,,,,,,,,,,unknown,unhandled_event,,False,False,False,False,False,False,|
gen9natdexdraft-2334062445,https://replay.pokemonshowdown.com/gen9natdexdraft-2334062445,19,heal,charuzar,TRULIMEROTRULICINA,Scream Tail,LIRILÌ LARILÀ,Overqwil,Wish,,,27,73/100 frz,100/100 frz,percent,move,Wish,False,False,False,False,False,True,|-heal|p2a: LIRILÌ LARILÀ|100/100 frz|[from] move: Wish|[wisher] TRULIMEROTRULICINA
gen9natdexdraft-2334062445,https://replay.pokemonshowdown.com/gen9natdexdraft-2334062445,19,heal,FluffySingh,Wailord,Vaporeon,Wailord,Vaporeon,,,Leftovers,6,77/100,83/100,percent,item,Leftovers,False,False,False,False,False,True,|-heal|p1a: Wailord|83/100|[from] item: Leftovers
gen9natdexdraft-2334062445,https://replay.pokemonshowdown.com/gen9natdexdraft-2334062445,19,upkeep,,,,,,,,,,,,unknown,unhandled_event,,False,False,False,False,False,False,|upkeep
gen9natdexdraft-2334062445,https://replay.pokemonshowdown.com/gen9natdexdraft-2334062445,20,turn,,,,,,,,,,,,unknown,,20,False,False,False,False,False,False,|turn|20
gen9natdexdraft-2334062445,https://replay.pokemonshowdown.com/gen9natdexdraft-2334062445,20,unknown,,,,,,,,,,,,unknown,unhandled_event,,False,False,False,False,False,False,|
gen9natdexdraft-2334062445,https://replay.pokemonshowdown.com/gen9natdexdraft-2334062445,20,timestamp,,,,,,,,,,,,unknown,,1743644965,False,False,False,False,False,False,|t:|1743644965
gen9natdexdraft-2334062445,https://replay.pokemonshowdown.com/gen9natdexdraft-2334062445,20,switch,FluffySingh,,,Wailord,Gliscor,,,,,,54/100 tox,percent,switch,,False,False,False,False,False,False,"|switch|p1a: Wailord|Gliscor, F|54/100 tox"
gen9natdexdraft-2334062445,https://replay.pokemonshowdown.com/gen9natdexdraft-2334062445,20,cant,,,,,,,,,,,,unknown,unhandled_event,p2a: LIRILÌ LARILÀ|frz,False,False,False,False,False,False,|cant|p2a: LIRILÌ LARILÀ|frz
gen9natdexdraft-2334062445,https://replay.pokemonshowdown.com/gen9natdexdraft-2334062445,20,unknown,,,,,,,,,,,,unknown,unhandled_event,,False,False,False,False,False,False,|
gen9natdexdraft-2334062445,https://replay.pokemonshowdown.com/gen9natdexdraft-2334062445,20,heal,FluffySingh,Wailord,Vaporeon,Wailord,Gliscor,Wish,,,46,54/100 tox,100/100 tox,percent,move,Wish,False,False,False,False,False,True,|-heal|p1a: Wailord|100/100 tox|[from] move: Wish|[wisher] Wailord
gen9natdexdraft-2334062445,https://replay.pokemonshowdown.com/gen9natdexdraft-2334062445,20,upkeep,,,,,,,,,,,,unknown,unhandled_event,,False,False,False,False,False,False,|upkeep
gen9natdexdraft-2334062445,https://replay.pokemonshowdown.com/gen9natdexdraft-2334062445,21,turn,,,,,,,,,,,,unknown,,21,False,False,False,False,False,False,|turn|21
gen9natdexdraft-2334062445,https://replay.pokemonshowdown.com/gen9natdexdraft-2334062445,21,unknown,,,,,,,,,,,,unknown,unhandled_event,,False,False,False,False,False,False,|
gen9natdexdraft-2334062445,https://replay.pokemonshowdown.com/gen9natdexdraft-2334062445,21,timestamp,,,,,,,,,,,,unknown,,1743644975,False,False,False,False,False,False,|t:|1743644975
gen9natdexdraft-2334062445,https://replay.pokemonshowdown.com/gen9natdexdraft-2334062445,21,switch,charuzar,,,TUNGTUNGTUNGSAHUR,Shiinotic,,,,,,58/100 tox,percent,switch,,False,False,False,False,False,False,"|switch|p2a: TUNGTUNGTUNGSAHUR|Shiinotic, F|58/100 tox"
gen9natdexdraft-2334062445,https://replay.pokemonshowdown.com/gen9natdexdraft-2334062445,21,move,FluffySingh,Wailord,Gliscor,TUNGTUNGTUNGSAHUR,Shiinotic,Knock Off,,,,,,unknown,move,,False,False,False,False,False,False,|move|p1a: Wailord|Knock Off|p2a: TUNGTUNGTUNGSAHUR
gen9natdexdraft-2334062445,https://replay.pokemonshowdown.com/gen9natdexdraft-2334062445,21,resisted,,Wailord,Gliscor,TUNGTUNGTUNGSAHUR,Shiinotic,Knock Off,,,,,,unknown,,p2a: TUNGTUNGTUNGSAHUR,False,False,False,False,False,False,|-resisted|p2a: TUNGTUNGTUNGSAHUR
gen9natdexdraft-2334062445,https://replay.pokemonshowdown.com/gen9natdexdraft-2334062445,21,damage,charuzar,Wailord,Gliscor,TUNGTUNGTUNGSAHUR,Shiinotic,Knock Off,,,8,58/100 tox,50/100 tox,percent,move,Knock Off,True,False,False,False,False,False,|-damage|p2a: TUNGTUNGTUNGSAHUR|50/100 tox
gen9natdexdraft-2334062445,https://replay.pokemonshowdown.com/gen9natdexdraft-2334062445,21,unknown,,,,,,,,,,,,unknown,unhandled_event,,False,False,False,False,False,False,|
gen9natdexdraft-2334062445,https://replay.pokemonshowdown.com/gen9natdexdraft-2334062445,21,damage,charuzar,unknown,,TUNGTUNGTUNGSAHUR,Shiinotic,,,,7,50/100 tox,43/100 tox,percent,status,poison,False,True,False,False,False,False,|-damage|p2a: TUNGTUNGTUNGSAHUR|43/100 tox|[from] psn
gen9natdexdraft-2334062445,https://replay.pokemonshowdown.com/gen9natdexdraft-2334062445,21,upkeep,,,,,,,,,,,,unknown,unhandled_event,,False,False,False,False,False,False,|upkeep
gen9natdexdraft-2334062445,https://replay.pokemonshowdown.com/gen9natdexdraft-2334062445,22,turn,,,,,,,,,,,,unknown,,22,False,False,False,False,False,False,|turn|22
gen9natdexdraft-2334062445,https://replay.pokemonshowdown.com/gen9natdexdraft-2334062445,22,c,,,,,,,,,,,,unknown,unhandled_event," legendpokemaster25|YOU""RE ONE OF THOSE SIGMAS ARNET YOU???????",False,False,False,False,False,False,"|c| legendpokemaster25|YOU""RE ONE OF THOSE SIGMAS ARNET YOU???????"
gen9natdexdraft-2334062445,https://replay.pokemonshowdown.com/gen9natdexdraft-2334062445,22,l,,,,,,,,,,,,unknown,unhandled_event, Caliber14,False,False,False,False,False,False,|l| Caliber14
gen9natdexdraft-2334062445,https://replay.pokemonshowdown.com/gen9natdexdraft-2334062445,22,unknown,,,,,,,,,,,,unknown,unhandled_event,,False,False,False,False,False,False,|
gen9natdexdraft-2334062445,https://replay.pokemonshowdown.com/gen9natdexdraft-2334062445,22,timestamp,,,,,,,,,,,,unknown,,1743645022,False,False,False,False,False,False,|t:|1743645022
gen9natdexdraft-2334062445,https://replay.pokemonshowdown.com/gen9natdexdraft-2334062445,22,move,FluffySingh,Wailord,Gliscor,TUNGTUNGTUNGSAHUR,Shiinotic,Earthquake,,,,,,unknown,move,,False,False,False,False,False,False,|move|p1a: Wailord|Earthquake|p2a: TUNGTUNGTUNGSAHUR
gen9natdexdraft-2334062445,https://replay.pokemonshowdown.com/gen9natdexdraft-2334062445,22,resisted,,Wailord,Gliscor,TUNGTUNGTUNGSAHUR,Shiinotic,Earthquake,,,,,,unknown,,p2a: TUNGTUNGTUNGSAHUR,False,False,False,False,False,False,|-resisted|p2a: TUNGTUNGTUNGSAHUR
gen9natdexdraft-2334062445,https://replay.pokemonshowdown.com/gen9natdexdraft-2334062445,22,damage,charuzar,Wailord,Gliscor,TUNGTUNGTUNGSAHUR,Shiinotic,Earthquake,,,21,43/100 tox,22/100 tox,percent,move,Earthquake,True,False,False,False,False,False,|-damage|p2a: TUNGTUNGTUNGSAHUR|22/100 tox
gen9natdexdraft-2334062445,https://replay.pokemonshowdown.com/gen9natdexdraft-2334062445,22,move,charuzar,TUNGTUNGTUNGSAHUR,Shiinotic,Wailord,Gliscor,Strength Sap,,,,,,unknown,move,,False,False,False,False,False,False,|move|p2a: TUNGTUNGTUNGSAHUR|Strength Sap|p1a: Wailord
gen9natdexdraft-2334062445,https://replay.pokemonshowdown.com/gen9natdexdraft-2334062445,22,unboost,FluffySingh,TUNGTUNGTUNGSAHUR,Shiinotic,Wailord,Gliscor,,,,-1,,,unknown,atk,,False,False,False,False,False,False,|-unboost|p1a: Wailord|atk|1
gen9natdexdraft-2334062445,https://replay.pokemonshowdown.com/gen9natdexdraft-2334062445,22,heal,charuzar,TUNGTUNGTUNGSAHUR,Shiinotic,TUNGTUNGTUNGSAHUR,Shiinotic,,,,70,22/100 tox,92/100 tox,percent,healing,unknown,False,False,False,False,False,True,|-heal|p2a: TUNGTUNGTUNGSAHUR|92/100 tox
gen9natdexdraft-2334062445,https://replay.pokemonshowdown.com/gen9natdexdraft-2334062445,22,unknown,,,,,,,,,,,,unknown,unhandled_event,,False,False,False,False,False,False,|
gen9natdexdraft-2334062445,https://replay.pokemonshowdown.com/gen9natdexdraft-2334062445,22,damage,charuzar,unknown,,TUNGTUNGTUNGSAHUR,Shiinotic,,,,12,92/100 tox,80/100 tox,percent,status,poison,False,True,False,False,False,False,|-damage|p2a: TUNGTUNGTUNGSAHUR|80/100 tox|[from] psn
gen9natdexdraft-2334062445,https://replay.pokemonshowdown.com/gen9natdexdraft-2334062445,22,upkeep,,,,,,,,,,,,unknown,unhandled_event,,False,False,False,False,False,False,|upkeep
gen9natdexdraft-2334062445,https://replay.pokemonshowdown.com/gen9natdexdraft-2334062445,23,turn,,,,,,,,,,,,unknown,,23,False,False,False,False,False,False,|turn|23
gen9natdexdraft-2334062445,https://replay.pokemonshowdown.com/gen9natdexdraft-2334062445,23,c,,,,,,,,,,,,unknown,unhandled_event, legendpokemaster25|LIVE TUNG TUNG TUNG TUNG TUNG SAHUR REACTION,False,False,False,False,False,False,|c| legendpokemaster25|LIVE TUNG TUNG TUNG TUNG TUNG SAHUR REACTION
gen9natdexdraft-2334062445,https://replay.pokemonshowdown.com/gen9natdexdraft-2334062445,23,unknown,,,,,,,,,,,,unknown,unhandled_event,,False,False,False,False,False,False,|
gen9natdexdraft-2334062445,https://replay.pokemonshowdown.com/gen9natdexdraft-2334062445,23,timestamp,,,,,,,,,,,,unknown,,1743645049,False,False,False,False,False,False,|t:|1743645049
gen9natdexdraft-2334062445,https://replay.pokemonshowdown.com/gen9natdexdraft-2334062445,23,switch,FluffySingh,,,Wailord,Uxie,,,,,,88/100 par,percent,switch,,False,False,False,False,False,False,|switch|p1a: Wailord|Uxie|88/100 par
gen9natdexdraft-2334062445,https://replay.pokemonshowdown.com/gen9natdexdraft-2334062445,23,move,charuzar,TUNGTUNGTUNGSAHUR,Shiinotic,Wailord,Uxie,Leech Seed,,,,,,unknown,move,,False,False,False,False,False,False,|move|p2a: TUNGTUNGTUNGSAHUR|Leech Seed|p1a: Wailord
gen9natdexdraft-2334062445,https://replay.pokemonshowdown.com/gen9natdexdraft-2334062445,23,start,,TUNGTUNGTUNGSAHUR,Shiinotic,Wailord,Uxie,,,,,,,unknown,Leech Seed,,False,False,False,False,False,False,|-start|p1a: Wailord|move: Leech Seed
gen9natdexdraft-2334062445,https://replay.pokemonshowdown.com/gen9natdexdraft-2334062445,23,unknown,,,,,,,,,,,,unknown,unhandled_event,,False,False,False,False,False,False,|
gen9natdexdraft-2334062445,https://replay.pokemonshowdown.com/gen9natdexdraft-2334062445,23,heal,FluffySingh,Wailord,Uxie,Wailord,Uxie,,,Leftovers,6,88/100 par,94/100 par,percent,item,Leftovers,False,False,False,False,False,True,|-heal|p1a: Wailord|94/100 par|[from] item: Leftovers
gen9natdexdraft-2334062445,https://replay.pokemonshowdown.com/gen9natdexdraft-2334062445,23,damage,FluffySingh,TUNGTUNGTUNGSAHUR,Shiinotic,Wailord,Uxie,Leech Seed,,,12,94/100 par,82/100 par,percent,move,Leech Seed,False,True,False,False,False,False,|-damage|p1a: Wailord|82/100 par|[from] Leech Seed|[of] p2a: TUNGTUNGTUNGSAHUR
gen9natdexdraft-2334062445,https://replay.pokemonshowdown.com/gen9natdexdraft-2334062445,23,heal,charuzar,TUNGTUNGTUNGSAHUR,Shiinotic,TUNGTUNGTUNGSAHUR,Shiinotic,,,,13,80/100 tox,93/100 tox,percent,healing,unknown,False,False,False,False,False,True,|-heal|p2a: TUNGTUNGTUNGSAHUR|93/100 tox|[silent]
gen9natdexdraft-2334062445,https://replay.pokemonshowdown.com/gen9natdexdraft-2334062445,23,damage,charuzar,unknown,,TUNGTUNGTUNGSAHUR,Shiinotic,,,,18,93/100 tox,75/100 tox,percent,status,poison,False,True,False,False,False,False,|-damage|p2a: TUNGTUNGTUNGSAHUR|75/100 tox|[from] psn
gen9natdexdraft-2334062445,https://replay.pokemonshowdown.com/gen9natdexdraft-2334062445,23,upkeep,,,,,,,,,,,,unknown,unhandled_event,,False,False,False,False,False,False,|upkeep
gen9natdexdraft-2334062445,https://replay.pokemonshowdown.com/gen9natdexdraft-2334062445,24,turn,,,,,,,,,,,,unknown,,24,False,False,False,False,False,False,|turn|24
gen9natdexdraft-2334062445,https://replay.pokemonshowdown.com/gen9natdexdraft-2334062445,24,unknown,,,,,,,,,,,,unknown,unhandled_event,,False,False,False,False,False,False,|
gen9natdexdraft-2334062445,https://replay.pokemonshowdown.com/gen9natdexdraft-2334062445,24,timestamp,,,,,,,,,,,,unknown,,1743645067,False,False,False,False,False,False,|t:|1743645067
gen9natdexdraft-2334062445,https://replay.pokemonshowdown.com/gen9natdexdraft-2334062445,24,switch,charuzar,,,B. CROCODILO,Landorus-Therian,,,,,,100/100,percent,switch,,False,False,False,False,False,False,"|switch|p2a: B. CROCODILO|Landorus-Therian, M|100/100"
gen9natdexdraft-2334062445,https://replay.pokemonshowdown.com/gen9natdexdraft-2334062445,24,ability,charuzar,,,B. CROCODILO,Landorus-Therian,,Intimidate,,,,,unknown,,,False,False,False,False,False,False,|-ability|p2a: B. CROCODILO|Intimidate|boost
gen9natdexdraft-2334062445,https://replay.pokemonshowdown.com/gen9natdexdraft-2334062445,24,unboost,FluffySingh,,,Wailord,Uxie,,,,-1,,,unknown,atk,,False,False,False,False,False,False,|-unboost|p1a: Wailord|atk|1
gen9natdexdraft-2334062445,https://replay.pokemonshowdown.com/gen9natdexdraft-2334062445,24,cant,,,,,,,,,,,,unknown,unhandled_event,p1a: Wailord|par,False,False,False,False,False,False,|cant|p1a: Wailord|par
gen9natdexdraft-2334062445,https://replay.pokemonshowdown.com/gen9natdexdraft-2334062445,24,unknown,,,,,,,,,,,,unknown,unhandled_event,,False,False,False,False,False,False,|
gen9natdexdraft-2334062445,https://replay.pokemonshowdown.com/gen9natdexdraft-2334062445,24,heal,FluffySingh,Wailord,Uxie,Wailord,Uxie,,,Leftovers,6,82/100 par,88/100 par,percent,item,Leftovers,False,False,False,False,False,True,|-heal|p1a: Wailord|88/100 par|[from] item: Leftovers
gen9natdexdraft-2334062445,https://replay.pokemonshowdown.com/gen9natdexdraft-2334062445,24,damage,FluffySingh,B. CROCODILO,Landorus-Therian,Wailord,Uxie,Leech Seed,,,12,88/100 par,76/100 par,percent,move,Leech Seed,False,True,False,False,False,False,|-damage|p1a: Wailord|76/100 par|[from] Leech Seed|[of] p2a: B. CROCODILO
gen9natdexdraft-2334062445,https://replay.pokemonshowdown.com/gen9natdexdraft-2334062445,24,upkeep,,,,,,,,,,,,unknown,unhandled_event,,False,False,False,False,False,False,|upkeep
gen9natdexdraft-2334062445,https://replay.pokemonshowdown.com/gen9natdexdraft-2334062445,25,turn,,,,,,,,,,,,unknown,,25,False,False,False,False,False,False,|turn|25
gen9natdexdraft-2334062445,https://replay.pokemonshowdown.com/gen9natdexdraft-2334062445,25,c,,,,,,,,,,,,unknown,unhandled_event, legendpokemaster25|switch veiwpoints uday,False,False,False,False,False,False,|c| legendpokemaster25|switch veiwpoints uday
gen9natdexdraft-2334062445,https://replay.pokemonshowdown.com/gen9natdexdraft-2334062445,25,c,,,,,,,,,,,,unknown,unhandled_event, legendpokemaster25|its not,False,False,False,False,False,False,|c| legendpokemaster25|its not
gen9natdexdraft-2334062445,https://replay.pokemonshowdown.com/gen9natdexdraft-2334062445,25,unknown,,,,,,,,,,,,unknown,unhandled_event,,False,False,False,False,False,False,|
gen9natdexdraft-2334062445,https://replay.pokemonshowdown.com/gen9natdexdraft-2334062445,25,timestamp,,,,,,,,,,,,unknown,,1743645079,False,False,False,False,False,False,|t:|1743645079
gen9natdexdraft-2334062445,https://replay.pokemonshowdown.com/gen9natdexdraft-2334062445,25,switch,FluffySingh,,,Wailord,Gliscor,,,,,,100/100 tox,percent,switch,,False,False,False,False,False,False,"|switch|p1a: Wailord|Gliscor, F|100/100 tox"
gen9natdexdraft-2334062445,https://replay.pokemonshowdown.com/gen9natdexdraft-2334062445,25,move,charuzar,B. CROCODILO,Landorus-Therian,Wailord,Gliscor,U-turn,,,,,,unknown,move,,False,False,False,False,False,False,|move|p2a: B. CROCODILO|U-turn|p1a: Wailord
gen9natdexdraft-2334062445,https://replay.pokemonshowdown.com/gen9natdexdraft-2334062445,25,resisted,,B. CROCODILO,Landorus-Therian,Wailord,Gliscor,U-turn,,,,,,unknown,,p1a: Wailord,False,False,False,False,False,False,|-resisted|p1a: Wailord
gen9natdexdraft-2334062445,https://replay.pokemonshowdown.com/gen9natdexdraft-2334062445,25,damage,FluffySingh,B. CROCODILO,Landorus-Therian,Wailord,Gliscor,U-turn,,,10,100/100 tox,90/100 tox,percent,move,U-turn,True,False,False,False,False,False,|-damage|p1a: Wailord|90/100 tox
gen9natdexdraft-2334062445,https://replay.pokemonshowdown.com/gen9natdexdraft-2334062445,25,c,,,,,,,,,,,,unknown,unhandled_event, legendpokemaster25|BOMBARDIRO CROCADILO,False,False,False,False,False,False,|c| legendpokemaster25|BOMBARDIRO CROCADILO
gen9natdexdraft-2334062445,https://replay.pokemonshowdown.com/gen9natdexdraft-2334062445,25,unknown,,,,,,,,,,,,unknown,unhandled_event,,False,False,False,False,False,False,|
gen9natdexdraft-2334062445,https://replay.pokemonshowdown.com/gen9natdexdraft-2334062445,25,timestamp,,,,,,,,,,,,unknown,,1743645108,False,False,False,False,False,False,|t:|1743645108
gen9natdexdraft-2334062445,https://replay.pokemonshowdown.com/gen9natdexdraft-2334062445,25,switch,charuzar,,,TRALALERO TRALALA,Gallade,,,,,,100/100,percent,switch,,False,False,False,False,False,False,"|switch|p2a: TRALALERO TRALALA|Gallade, M|100/100|[from] U-turn"
gen9natdexdraft-2334062445,https://replay.pokemonshowdown.com/gen9natdexdraft-2334062445,25,unknown,,,,,,,,,,,,unknown,unhandled_event,,False,False,False,False,False,False,|
gen9natdexdraft-2334062445,https://replay.pokemonshowdown.com/gen9natdexdraft-2334062445,25,heal,FluffySingh,Wailord,Gliscor,Wailord,Gliscor,,Poison Heal,,10,90/100 tox,100/100 tox,percent,ability,Poison Heal,False,False,False,False,False,True,|-heal|p1a: Wailord|100/100 tox|[from] ability: Poison Heal
gen9natdexdraft-2334062445,https://replay.pokemonshowdown.com/gen9natdexdraft-2334062445,25,upkeep,,,,,,,,,,,,unknown,unhandled_event,,False,False,False,False,False,False,|upkeep
gen9natdexdraft-2334062445,https://replay.pokemonshowdown.com/gen9natdexdraft-2334062445,26,turn,,,,,,,,,,,,unknown,,26,False,False,False,False,False,False,|turn|26
gen9natdexdraft-2334062445,https://replay.pokemonshowdown.com/gen9natdexdraft-2334062445,26,c,,,,,,,,,,,,unknown,unhandled_event, legendpokemaster25|TRALALERO TRALALA,False,False,False,False,False,False,|c| legendpokemaster25|TRALALERO TRALALA
gen9natdexdraft-2334062445,https://replay.pokemonshowdown.com/gen9natdexdraft-2334062445,26,l,,,,,,,,,,,,unknown,unhandled_event, AlphaSingh,False,False,False,False,False,False,|l| AlphaSingh
gen9natdexdraft-2334062445,https://replay.pokemonshowdown.com/gen9natdexdraft-2334062445,26,unknown,,,,,,,,,,,,unknown,unhandled_event,,False,False,False,False,False,False,|
gen9natdexdraft-2334062445,https://replay.pokemonshowdown.com/gen9natdexdraft-2334062445,26,timestamp,,,,,,,,,,,,unknown,,1743645135,False,False,False,False,False,False,|t:|1743645135
gen9natdexdraft-2334062445,https://replay.pokemonshowdown.com/gen9natdexdraft-2334062445,26,switch,FluffySingh,,,Wailord,Uxie,,,,,,76/100 par,percent,switch,,False,False,False,False,False,False,|switch|p1a: Wailord|Uxie|76/100 par
gen9natdexdraft-2334062445,https://replay.pokemonshowdown.com/gen9natdexdraft-2334062445,26,detailschange,,,,TRALALERO TRALALA,Gallade-Mega,,,,,,,unknown,detailschange,"Gallade-Mega, M",False,False,False,False,False,False,"|detailschange|p2a: TRALALERO TRALALA|Gallade-Mega, M"
gen9natdexdraft-2334062445,https://replay.pokemonshowdown.com/gen9natdexdraft-2334062445,26,mega,,,,TRALALERO TRALALA,Gallade-Mega,,,Gallade,,,,unknown,mega,Gallade|Galladite,False,False,False,False,False,False,|-mega|p2a: TRALALERO TRALALA|Gallade|Galladite
gen9natdexdraft-2334062445,https://replay.pokemonshowdown.com/gen9natdexdraft-2334062445,26,move,charuzar,TRALALERO TRALALA,Gallade-Mega,Wailord,Uxie,Triple Axel,,,,,,unknown,move,,False,False,False,False,False,False,|move|p2a: TRALALERO TRALALA|Triple Axel|p1a: Wailord
gen9natdexdraft-2334062445,https://replay.pokemonshowdown.com/gen9natdexdraft-2334062445,26,damage,FluffySingh,TRALALERO TRALALA,Gallade-Mega,Wailord,Uxie,Triple Axel,,,6,76/100 par,70/100 par,percent,move,Triple Axel,True,False,False,False,False,False,|-damage|p1a: Wailord|70/100 par
gen9natdexdraft-2334062445,https://replay.pokemonshowdown.com/gen9natdexdraft-2334062445,26,damage,FluffySingh,TRALALERO TRALALA,Gallade-Mega,Wailord,Uxie,Triple Axel,,,9,70/100 par,61/100 par,percent,move,Triple Axel,True,False,False,False,False,False,|-damage|p1a: Wailord|61/100 par
gen9natdexdraft-2334062445,https://replay.pokemonshowdown.com/gen9natdexdraft-2334062445,26,damage,FluffySingh,TRALALERO TRALALA,Gallade-Mega,Wailord,Uxie,Triple Axel,,,15,61/100 par,46/100 par,percent,move,Triple Axel,True,False,False,False,False,False,|-damage|p1a: Wailord|46/100 par
gen9natdexdraft-2334062445,https://replay.pokemonshowdown.com/gen9natdexdraft-2334062445,26,hitcount,,,,,,,,,3,,,unknown,,,False,False,False,False,False,False,|-hitcount|p1a: Wailord|3
gen9natdexdraft-2334062445,https://replay.pokemonshowdown.com/gen9natdexdraft-2334062445,26,unknown,,,,,,,,,,,,unknown,unhandled_event,,False,False,False,False,False,False,|
gen9natdexdraft-2334062445,https://replay.pokemonshowdown.com/gen9natdexdraft-2334062445,26,heal,FluffySingh,Wailord,Uxie,Wailord,Uxie,,,Leftovers,6,46/100 par,52/100 par,percent,item,Leftovers,False,False,False,False,False,True,|-heal|p1a: Wailord|52/100 par|[from] item: Leftovers
gen9natdexdraft-2334062445,https://replay.pokemonshowdown.com/gen9natdexdraft-2334062445,26,upkeep,,,,,,,,,,,,unknown,unhandled_event,,False,False,False,False,False,False,|upkeep
gen9natdexdraft-2334062445,https://replay.pokemonshowdown.com/gen9natdexdraft-2334062445,27,turn,,,,,,,,,,,,unknown,,27,False,False,False,False,False,False,|turn|27
gen9natdexdraft-2334062445,https://replay.pokemonshowdown.com/gen9natdexdraft-2334062445,27,c,,,,,,,,,,,,unknown,unhandled_event, hydrationdad|md damage from a mid mon,False,False,False,False,False,False,|c| hydrationdad|md damage from a mid mon
gen9natdexdraft-2334062445,https://replay.pokemonshowdown.com/gen9natdexdraft-2334062445,27,j,,,,,,,,,,,,unknown,unhandled_event, AlphaSingh,False,False,False,False,False,False,|j| AlphaSingh
gen9natdexdraft-2334062445,https://replay.pokemonshowdown.com/gen9natdexdraft-2334062445,27,l,,,,,,,,,,,,unknown,unhandled_event, legendpokemaster25,False,False,False,False,False,False,|l| legendpokemaster25
gen9natdexdraft-2334062445,https://replay.pokemonshowdown.com/gen9natdexdraft-2334062445,27,unknown,,,,,,,,,,,,unknown,unhandled_event,,False,False,False,False,False,False,|
gen9natdexdraft-2334062445,https://replay.pokemonshowdown.com/gen9natdexdraft-2334062445,27,timestamp,,,,,,,,,,,,unknown,,1743645208,False,False,False,False,False,False,|t:|1743645208
gen9natdexdraft-2334062445,https://replay.pokemonshowdown.com/gen9natdexdraft-2334062445,27,switch,charuzar,,,Rotom-in-Heat,Rotom-Heat,,,,,,75/100,percent,switch,,False,False,False,False,False,False,|switch|p2a: Rotom-in-Heat|Rotom-Heat|75/100
gen9natdexdraft-2334062445,https://replay.pokemonshowdown.com/gen9natdexdraft-2334062445,27,move,FluffySingh,Wailord,Uxie,Rotom-in-Heat,Rotom-Heat,Thunder Wave,,,,,,unknown,move,,False,False,False,False,False,False,|move|p1a: Wailord|Thunder Wave|p2a: Rotom-in-Heat
gen9natdexdraft-2334062445,https://replay.pokemonshowdown.com/gen9natdexdraft-2334062445,27,immune,,,,,,,,,,,,unknown,,p2a: Rotom-in-Heat,False,False,False,False,False,False,|-immune|p2a: Rotom-in-Heat
gen9natdexdraft-2334062445,https://replay.pokemonshowdown.com/gen9natdexdraft-2334062445,27,unknown,,,,,,,,,,,,unknown,unhandled_event,,False,False,False,False,False,False,|
gen9natdexdraft-2334062445,https://replay.pokemonshowdown.com/gen9natdexdraft-2334062445,27,heal,FluffySingh,Wailord,Uxie,Wailord,Uxie,,,Leftovers,6,52/100 par,58/100 par,percent,item,Leftovers,False,False,False,False,False,True,|-heal|p1a: Wailord|58/100 par|[from] item: Leftovers
gen9natdexdraft-2334062445,https://replay.pokemonshowdown.com/gen9natdexdraft-2334062445,27,upkeep,,,,,,,,,,,,unknown,unhandled_event,,False,False,False,False,False,False,|upkeep
gen9natdexdraft-2334062445,https://replay.pokemonshowdown.com/gen9natdexdraft-2334062445,28,turn,,,,,,,,,,,,unknown,,28,False,False,False,False,False,False,|turn|28
gen9natdexdraft-2334062445,https://replay.pokemonshowdown.com/gen9natdexdraft-2334062445,28,unknown,,,,,,,,,,,,unknown,unhandled_event,,False,False,False,False,False,False,|
gen9natdexdraft-2334062445,https://replay.pokemonshowdown.com/gen9natdexdraft-2334062445,28,timestamp,,,,,,,,,,,,unknown,,1743645232,False,False,False,False,False,False,|t:|1743645232
gen9natdexdraft-2334062445,https://replay.pokemonshowdown.com/gen9natdexdraft-2334062445,28,switch,FluffySingh,,,Wailord,Gliscor,,,,,,100/100 tox,percent,switch,,False,False,False,False,False,False,"|switch|p1a: Wailord|Gliscor, F|100/100 tox"
gen9natdexdraft-2334062445,https://replay.pokemonshowdown.com/gen9natdexdraft-2334062445,28,move,charuzar,Rotom-in-Heat,Rotom-Heat,Wailord,Gliscor,Volt Switch,,,,,,unknown,move,,False,False,False,False,False,False,|move|p2a: Rotom-in-Heat|Volt Switch|p1a: Wailord
gen9natdexdraft-2334062445,https://replay.pokemonshowdown.com/gen9natdexdraft-2334062445,28,immune,,,,,,,,,,,,unknown,,p1a: Wailord,False,False,False,False,False,False,|-immune|p1a: Wailord
gen9natdexdraft-2334062445,https://replay.pokemonshowdown.com/gen9natdexdraft-2334062445,28,unknown,,,,,,,,,,,,unknown,unhandled_event,,False,False,False,False,False,False,|
gen9natdexdraft-2334062445,https://replay.pokemonshowdown.com/gen9natdexdraft-2334062445,28,upkeep,,,,,,,,,,,,unknown,unhandled_event,,False,False,False,False,False,False,|upkeep
gen9natdexdraft-2334062445,https://replay.pokemonshowdown.com/gen9natdexdraft-2334062445,29,turn,,,,,,,,,,,,unknown,,29,False,False,False,False,False,False,|turn|29
gen9natdexdraft-2334062445,https://replay.pokemonshowdown.com/gen9natdexdraft-2334062445,29,l,,,,,,,,,,,,unknown,unhandled_event, AlphaSingh,False,False,False,False,False,False,|l| AlphaSingh
gen9natdexdraft-2334062445,https://replay.pokemonshowdown.com/gen9natdexdraft-2334062445,29,j,,,,,,,,,,,,unknown,unhandled_event, 3ricwh0,False,False,False,False,False,False,|j| 3ricwh0
gen9natdexdraft-2334062445,https://replay.pokemonshowdown.com/gen9natdexdraft-2334062445,29,j,,,,,,,,,,,,unknown,unhandled_event, AlphaSingh,False,False,False,False,False,False,|j| AlphaSingh
gen9natdexdraft-2334062445,https://replay.pokemonshowdown.com/gen9natdexdraft-2334062445,29,l,,,,,,,,,,,,unknown,unhandled_event, AlphaSingh,False,False,False,False,False,False,|l| AlphaSingh
gen9natdexdraft-2334062445,https://replay.pokemonshowdown.com/gen9natdexdraft-2334062445,29,j,,,,,,,,,,,,unknown,unhandled_event, AlphaSingh,False,False,False,False,False,False,|j| AlphaSingh
gen9natdexdraft-2334062445,https://replay.pokemonshowdown.com/gen9natdexdraft-2334062445,29,unknown,,,,,,,,,,,,unknown,unhandled_event,,False,False,False,False,False,False,|
gen9natdexdraft-2334062445,https://replay.pokemonshowdown.com/gen9natdexdraft-2334062445,29,timestamp,,,,,,,,,,,,unknown,,1743645299,False,False,False,False,False,False,|t:|1743645299
gen9natdexdraft-2334062445,https://replay.pokemonshowdown.com/gen9natdexdraft-2334062445,29,switch,charuzar,,,TUNGTUNGTUNGSAHUR,Shiinotic,,,,,,75/100 tox,percent,switch,,False,False,False,False,False,False,"|switch|p2a: TUNGTUNGTUNGSAHUR|Shiinotic, F|75/100 tox"
gen9natdexdraft-2334062445,https://replay.pokemonshowdown.com/gen9natdexdraft-2334062445,29,move,FluffySingh,Wailord,Gliscor,TUNGTUNGTUNGSAHUR,Shiinotic,Knock Off,,,,,,unknown,move,,False,False,False,False,False,False,|move|p1a: Wailord|Knock Off|p2a: TUNGTUNGTUNGSAHUR
gen9natdexdraft-2334062445,https://replay.pokemonshowdown.com/gen9natdexdraft-2334062445,29,resisted,,Wailord,Gliscor,TUNGTUNGTUNGSAHUR,Shiinotic,Knock Off,,,,,,unknown,,p2a: TUNGTUNGTUNGSAHUR,False,False,False,False,False,False,|-resisted|p2a: TUNGTUNGTUNGSAHUR
gen9natdexdraft-2334062445,https://replay.pokemonshowdown.com/gen9natdexdraft-2334062445,29,damage,charuzar,Wailord,Gliscor,TUNGTUNGTUNGSAHUR,Shiinotic,Knock Off,,,9,75/100 tox,66/100 tox,percent,move,Knock Off,True,False,False,False,False,False,|-damage|p2a: TUNGTUNGTUNGSAHUR|66/100 tox
gen9natdexdraft-2334062445,https://replay.pokemonshowdown.com/gen9natdexdraft-2334062445,29,unknown,,,,,,,,,,,,unknown,unhandled_event,,False,False,False,False,False,False,|
gen9natdexdraft-2334062445,https://replay.pokemonshowdown.com/gen9natdexdraft-2334062445,29,damage,charuzar,unknown,,TUNGTUNGTUNGSAHUR,Shiinotic,,,,6,66/100 tox,60/100 tox,percent,status,poison,False,True,False,False,False,False,|-damage|p2a: TUNGTUNGTUNGSAHUR|60/100 tox|[from] psn
gen9natdexdraft-2334062445,https://replay.pokemonshowdown.com/gen9natdexdraft-2334062445,29,upkeep,,,,,,,,,,,,unknown,unhandled_event,,False,False,False,False,False,False,|upkeep
gen9natdexdraft-2334062445,https://replay.pokemonshowdown.com/gen9natdexdraft-2334062445,30,turn,,,,,,,,,,,,unknown,,30,False,False,False,False,False,False,|turn|30
gen9natdexdraft-2334062445,https://replay.pokemonshowdown.com/gen9natdexdraft-2334062445,30,l,,,,,,,,,,,,unknown,unhandled_event, AlphaSingh,False,False,False,False,False,False,|l| AlphaSingh
gen9natdexdraft-2334062445,https://replay.pokemonshowdown.com/gen9natdexdraft-2334062445,30,unknown,,,,,,,,,,,,unknown,unhandled_event,,False,False,False,False,False,False,|
gen9natdexdraft-2334062445,https://replay.pokemonshowdown.com/gen9natdexdraft-2334062445,30,timestamp,,,,,,,,,,,,unknown,,1743645311,False,False,False,False,False,False,|t:|1743645311
gen9natdexdraft-2334062445,https://replay.pokemonshowdown.com/gen9natdexdraft-2334062445,30,move,FluffySingh,Wailord,Gliscor,TUNGTUNGTUNGSAHUR,Shiinotic,Earthquake,,,,,,unknown,move,,False,False,False,False,False,False,|move|p1a: Wailord|Earthquake|p2a: TUNGTUNGTUNGSAHUR
gen9natdexdraft-2334062445,https://replay.pokemonshowdown.com/gen9natdexdraft-2334062445,30,resisted,,Wailord,Gliscor,TUNGTUNGTUNGSAHUR,Shiinotic,Earthquake,,,,,,unknown,,p2a: TUNGTUNGTUNGSAHUR,False,False,False,False,False,False,|-resisted|p2a: TUNGTUNGTUNGSAHUR
gen9natdexdraft-2334062445,https://replay.pokemonshowdown.com/gen9natdexdraft-2334062445,30,damage,charuzar,Wailord,Gliscor,TUNGTUNGTUNGSAHUR,Shiinotic,Earthquake,,,22,60/100 tox,38/100 tox,percent,move,Earthquake,True,False,False,False,False,False,|-damage|p2a: TUNGTUNGTUNGSAHUR|38/100 tox
gen9natdexdraft-2334062445,https://replay.pokemonshowdown.com/gen9natdexdraft-2334062445,30,move,charuzar,TUNGTUNGTUNGSAHUR,Shiinotic,Wailord,Gliscor,Leech Seed,,,,,,unknown,move,,False,False,False,False,False,False,|move|p2a: TUNGTUNGTUNGSAHUR|Leech Seed|p1a: Wailord
gen9natdexdraft-2334062445,https://replay.pokemonshowdown.com/gen9natdexdraft-2334062445,30,start,,TUNGTUNGTUNGSAHUR,Shiinotic,Wailord,Gliscor,,,,,,,unknown,Leech Seed,,False,False,False,False,False,False,|-start|p1a: Wailord|move: Leech Seed
gen9natdexdraft-2334062445,https://replay.pokemonshowdown.com/gen9natdexdraft-2334062445,30,unknown,,,,,,,,,,,,unknown,unhandled_event,,False,False,False,False,False,False,|
gen9natdexdraft-2334062445,https://replay.pokemonshowdown.com/gen9natdexdraft-2334062445,30,damage,FluffySingh,TUNGTUNGTUNGSAHUR,Shiinotic,Wailord,Gliscor,Leech Seed,,,12,100/100 tox,88/100 tox,percent,move,Leech Seed,False,True,False,False,False,False,|-damage|p1a: Wailord|88/100 tox|[from] Leech Seed|[of] p2a: TUNGTUNGTUNGSAHUR
gen9natdexdraft-2334062445,https://replay.pokemonshowdown.com/gen9natdexdraft-2334062445,30,heal,charuzar,TUNGTUNGTUNGSAHUR,Shiinotic,TUNGTUNGTUNGSAHUR,Shiinotic,,,,14,38/100 tox,52/100 tox,percent,healing,unknown,False,False,False,False,False,True,|-heal|p2a: TUNGTUNGTUNGSAHUR|52/100 tox|[silent]
gen9natdexdraft-2334062445,https://replay.pokemonshowdown.com/gen9natdexdraft-2334062445,30,heal,FluffySingh,Wailord,Gliscor,Wailord,Gliscor,,Poison Heal,,12,88/100 tox,100/100 tox,percent,ability,Poison Heal,False,False,False,False,False,True,|-heal|p1a: Wailord|100/100 tox|[from] ability: Poison Heal
gen9natdexdraft-2334062445,https://replay.pokemonshowdown.com/gen9natdexdraft-2334062445,30,damage,charuzar,unknown,,TUNGTUNGTUNGSAHUR,Shiinotic,,,,13,52/100 tox,39/100 tox,percent,status,poison,False,True,False,False,False,False,|-damage|p2a: TUNGTUNGTUNGSAHUR|39/100 tox|[from] psn
gen9natdexdraft-2334062445,https://replay.pokemonshowdown.com/gen9natdexdraft-2334062445,30,upkeep,,,,,,,,,,,,unknown,unhandled_event,,False,False,False,False,False,False,|upkeep
gen9natdexdraft-2334062445,https://replay.pokemonshowdown.com/gen9natdexdraft-2334062445,31,turn,,,,,,,,,,,,unknown,,31,False,False,False,False,False,False,|turn|31
gen9natdexdraft-2334062445,https://replay.pokemonshowdown.com/gen9natdexdraft-2334062445,31,j,,,,,,,,,,,,unknown,unhandled_event, AlphaSingh,False,False,False,False,False,False,|j| AlphaSingh
gen9natdexdraft-2334062445,https://replay.pokemonshowdown.com/gen9natdexdraft-2334062445,31,unknown,,,,,,,,,,,,unknown,unhandled_event,,False,False,False,False,False,False,|
gen9natdexdraft-2334062445,https://replay.pokemonshowdown.com/gen9natdexdraft-2334062445,31,timestamp,,,,,,,,,,,,unknown,,1743645347,False,False,False,False,False,False,|t:|1743645347
gen9natdexdraft-2334062445,https://replay.pokemonshowdown.com/gen9natdexdraft-2334062445,31,switch,FluffySingh,,,Wailord,Latios,,,,,,91/100,percent,switch,,False,False,False,False,False,False,"|switch|p1a: Wailord|Latios, M|91/100"
gen9natdexdraft-2334062445,https://replay.pokemonshowdown.com/gen9natdexdraft-2334062445,31,move,charuzar,TUNGTUNGTUNGSAHUR,Shiinotic,Wailord,Latios,Strength Sap,,,,,,unknown,move,,False,False,False,False,False,False,|move|p2a: TUNGTUNGTUNGSAHUR|Strength Sap|p1a: Wailord
gen9natdexdraft-2334062445,https://replay.pokemonshowdown.com/gen9natdexdraft-2334062445,31,unboost,FluffySingh,TUNGTUNGTUNGSAHUR,Shiinotic,Wailord,Latios,,,,-1,,,unknown,atk,,False,False,False,False,False,False,|-unboost|p1a: Wailord|atk|1
gen9natdexdraft-2334062445,https://replay.pokemonshowdown.com/gen9natdexdraft-2334062445,31,heal,charuzar,TUNGTUNGTUNGSAHUR,Shiinotic,TUNGTUNGTUNGSAHUR,Shiinotic,,,,52,39/100 tox,91/100 tox,percent,healing,unknown,False,False,False,False,False,True,|-heal|p2a: TUNGTUNGTUNGSAHUR|91/100 tox
gen9natdexdraft-2334062445,https://replay.pokemonshowdown.com/gen9natdexdraft-2334062445,31,unknown,,,,,,,,,,,,unknown,unhandled_event,,False,False,False,False,False,False,|
gen9natdexdraft-2334062445,https://replay.pokemonshowdown.com/gen9natdexdraft-2334062445,31,damage,charuzar,unknown,,TUNGTUNGTUNGSAHUR,Shiinotic,,,,19,91/100 tox,72/100 tox,percent,status,poison,False,True,False,False,False,False,|-damage|p2a: TUNGTUNGTUNGSAHUR|72/100 tox|[from] psn
gen9natdexdraft-2334062445,https://replay.pokemonshowdown.com/gen9natdexdraft-2334062445,31,upkeep,,,,,,,,,,,,unknown,unhandled_event,,False,False,False,False,False,False,|upkeep
gen9natdexdraft-2334062445,https://replay.pokemonshowdown.com/gen9natdexdraft-2334062445,32,turn,,,,,,,,,,,,unknown,,32,False,False,False,False,False,False,|turn|32
gen9natdexdraft-2334062445,https://replay.pokemonshowdown.com/gen9natdexdraft-2334062445,32,unknown,,,,,,,,,,,,unknown,unhandled_event,,False,False,False,False,False,False,|
gen9natdexdraft-2334062445,https://replay.pokemonshowdown.com/gen9natdexdraft-2334062445,32,timestamp,,,,,,,,,,,,unknown,,1743645366,False,False,False,False,False,False,|t:|1743645366
gen9natdexdraft-2334062445,https://replay.pokemonshowdown.com/gen9natdexdraft-2334062445,32,switch,charuzar,,,LIRILÌ LARILÀ,Overqwil,,,,,,100/100 frz,percent,switch,,False,False,False,False,False,False,"|switch|p2a: LIRILÌ LARILÀ|Overqwil, F|100/100 frz"
gen9natdexdraft-2334062445,https://replay.pokemonshowdown.com/gen9natdexdraft-2334062445,32,ability,charuzar,,,LIRILÌ LARILÀ,Overqwil,,Intimidate,,,,,unknown,,,False,False,False,False,False,False,|-ability|p2a: LIRILÌ LARILÀ|Intimidate|boost
gen9natdexdraft-2334062445,https://replay.pokemonshowdown.com/gen9natdexdraft-2334062445,32,unboost,FluffySingh,,,Wailord,Latios,,,,-1,,,unknown,atk,,False,False,False,False,False,False,|-unboost|p1a: Wailord|atk|1
gen9natdexdraft-2334062445,https://replay.pokemonshowdown.com/gen9natdexdraft-2334062445,32,move,FluffySingh,Wailord,Latios,LIRILÌ LARILÀ,Overqwil,Shadow Ball,,,,,,unknown,move,,False,False,False,False,False,False,|move|p1a: Wailord|Shadow Ball|p2a: LIRILÌ LARILÀ
gen9natdexdraft-2334062445,https://replay.pokemonshowdown.com/gen9natdexdraft-2334062445,32,resisted,,Wailord,Latios,LIRILÌ LARILÀ,Overqwil,Shadow Ball,,,,,,unknown,,p2a: LIRILÌ LARILÀ,False,False,False,False,False,False,|-resisted|p2a: LIRILÌ LARILÀ
gen9natdexdraft-2334062445,https://replay.pokemonshowdown.com/gen9natdexdraft-2334062445,32,crit,,Wailord,Latios,LIRILÌ LARILÀ,Overqwil,Shadow Ball,,,,,,unknown,,p2a: LIRILÌ LARILÀ,False,False,False,False,False,False,|-crit|p2a: LIRILÌ LARILÀ
gen9natdexdraft-2334062445,https://replay.pokemonshowdown.com/gen9natdexdraft-2334062445,32,damage,charuzar,Wailord,Latios,LIRILÌ LARILÀ,Overqwil,Shadow Ball,,,17,100/100 frz,83/100 frz,percent,move,Shadow Ball,True,False,False,False,False,False,|-damage|p2a: LIRILÌ LARILÀ|83/100 frz
gen9natdexdraft-2334062445,https://replay.pokemonshowdown.com/gen9natdexdraft-2334062445,32,damage,FluffySingh,Wailord,Latios,Wailord,Latios,,,Life Orb,10,91/100,81/100,percent,item,Life Orb,False,True,False,True,True,False,|-damage|p1a: Wailord|81/100|[from] item: Life Orb
gen9natdexdraft-2334062445,https://replay.pokemonshowdown.com/gen9natdexdraft-2334062445,32,unknown,,,,,,,,,,,,unknown,unhandled_event,,False,False,False,False,False,False,|
gen9natdexdraft-2334062445,https://replay.pokemonshowdown.com/gen9natdexdraft-2334062445,32,upkeep,,,,,,,,,,,,unknown,unhandled_event,,False,False,False,False,False,False,|upkeep
gen9natdexdraft-2334062445,https://replay.pokemonshowdown.com/gen9natdexdraft-2334062445,33,turn,,,,,,,,,,,,unknown,,33,False,False,False,False,False,False,|turn|33
gen9natdexdraft-2334062445,https://replay.pokemonshowdown.com/gen9natdexdraft-2334062445,33,l,,,,,,,,,,,,unknown,unhandled_event, MrPokemon3345,False,False,False,False,False,False,|l| MrPokemon3345
gen9natdexdraft-2334062445,https://replay.pokemonshowdown.com/gen9natdexdraft-2334062445,33,unknown,,,,,,,,,,,,unknown,unhandled_event,,False,False,False,False,False,False,|
gen9natdexdraft-2334062445,https://replay.pokemonshowdown.com/gen9natdexdraft-2334062445,33,timestamp,,,,,,,,,,,,unknown,,1743645380,False,False,False,False,False,False,|t:|1743645380
gen9natdexdraft-2334062445,https://replay.pokemonshowdown.com/gen9natdexdraft-2334062445,33,move,FluffySingh,Wailord,Latios,LIRILÌ LARILÀ,Overqwil,Draco Meteor,,,,,,unknown,move,,False,False,False,False,False,False,|move|p1a: Wailord|Draco Meteor|p2a: LIRILÌ LARILÀ
gen9natdexdraft-2334062445,https://replay.pokemonshowdown.com/gen9natdexdraft-2334062445,33,damage,charuzar,Wailord,Latios,LIRILÌ LARILÀ,Overqwil,Draco Meteor,,,53,83/100 frz,30/100 frz,percent,move,Draco Meteor,True,False,False,False,False,False,|-damage|p2a: LIRILÌ LARILÀ|30/100 frz
gen9natdexdraft-2334062445,https://replay.pokemonshowdown.com/gen9natdexdraft-2334062445,33,unboost,FluffySingh,Wailord,Latios,Wailord,Latios,,,,-2,,,unknown,spa,,False,False,False,False,False,False,|-unboost|p1a: Wailord|spa|2
gen9natdexdraft-2334062445,https://replay.pokemonshowdown.com/gen9natdexdraft-2334062445,33,damage,FluffySingh,Wailord,Latios,Wailord,Latios,,,Life Orb,10,81/100,71/100,percent,item,Life Orb,False,True,False,True,True,False,|-damage|p1a: Wailord|71/100|[from] item: Life Orb
gen9natdexdraft-2334062445,https://replay.pokemonshowdown.com/gen9natdexdraft-2334062445,33,cant,,,,,,,,,,,,unknown,unhandled_event,p2a: LIRILÌ LARILÀ|frz,False,False,False,False,False,False,|cant|p2a: LIRILÌ LARILÀ|frz
gen9natdexdraft-2334062445,https://replay.pokemonshowdown.com/gen9natdexdraft-2334062445,33,unknown,,,,,,,,,,,,unknown,unhandled_event,,False,False,False,False,False,False,|
gen9natdexdraft-2334062445,https://replay.pokemonshowdown.com/gen9natdexdraft-2334062445,33,upkeep,,,,,,,,,,,,unknown,unhandled_event,,False,False,False,False,False,False,|upkeep
gen9natdexdraft-2334062445,https://replay.pokemonshowdown.com/gen9natdexdraft-2334062445,34,turn,,,,,,,,,,,,unknown,,34,False,False,False,False,False,False,|turn|34
gen9natdexdraft-2334062445,https://replay.pokemonshowdown.com/gen9natdexdraft-2334062445,34,l,,,,,,,,,,,,unknown,unhandled_event, AlphaSingh,False,False,False,False,False,False,|l| AlphaSingh
gen9natdexdraft-2334062445,https://replay.pokemonshowdown.com/gen9natdexdraft-2334062445,34,j,,,,,,,,,,,,unknown,unhandled_event, AlphaSingh,False,False,False,False,False,False,|j| AlphaSingh
gen9natdexdraft-2334062445,https://replay.pokemonshowdown.com/gen9natdexdraft-2334062445,34,unknown,,,,,,,,,,,,unknown,unhandled_event,,False,False,False,False,False,False,|
gen9natdexdraft-2334062445,https://replay.pokemonshowdown.com/gen9natdexdraft-2334062445,34,timestamp,,,,,,,,,,,,unknown,,1743645464,False,False,False,False,False,False,|t:|1743645464
gen9natdexdraft-2334062445,https://replay.pokemonshowdown.com/gen9natdexdraft-2334062445,34,switch,FluffySingh,,,Wailord,Vaporeon,,,,,,83/100,percent,switch,,False,False,False,False,False,False,"|switch|p1a: Wailord|Vaporeon, F|83/100"
gen9natdexdraft-2334062445,https://replay.pokemonshowdown.com/gen9natdexdraft-2334062445,34,cant,,,,,,,,,,,,unknown,unhandled_event,p2a: LIRILÌ LARILÀ|frz,False,False,False,False,False,False,|cant|p2a: LIRILÌ LARILÀ|frz
gen9natdexdraft-2334062445,https://replay.pokemonshowdown.com/gen9natdexdraft-2334062445,34,unknown,,,,,,,,,,,,unknown,unhandled_event,,False,False,False,False,False,False,|
gen9natdexdraft-2334062445,https://replay.pokemonshowdown.com/gen9natdexdraft-2334062445,34,heal,FluffySingh,Wailord,Vaporeon,Wailord,Vaporeon,,,Leftovers,6,83/100,89/100,percent,item,Leftovers,False,False,False,False,False,True,|-heal|p1a: Wailord|89/100|[from] item: Leftovers
gen9natdexdraft-2334062445,https://replay.pokemonshowdown.com/gen9natdexdraft-2334062445,34,upkeep,,,,,,,,,,,,unknown,unhandled_event,,False,False,False,False,False,False,|upkeep
gen9natdexdraft-2334062445,https://replay.pokemonshowdown.com/gen9natdexdraft-2334062445,35,turn,,,,,,,,,,,,unknown,,35,False,False,False,False,False,False,|turn|35
gen9natdexdraft-2334062445,https://replay.pokemonshowdown.com/gen9natdexdraft-2334062445,35,unknown,,,,,,,,,,,,unknown,unhandled_event,,False,False,False,False,False,False,|
gen9natdexdraft-2334062445,https://replay.pokemonshowdown.com/gen9natdexdraft-2334062445,35,timestamp,,,,,,,,,,,,unknown,,1743645487,False,False,False,False,False,False,|t:|1743645487
gen9natdexdraft-2334062445,https://replay.pokemonshowdown.com/gen9natdexdraft-2334062445,35,cant,,,,,,,,,,,,unknown,unhandled_event,p2a: LIRILÌ LARILÀ|frz,False,False,False,False,False,False,|cant|p2a: LIRILÌ LARILÀ|frz
gen9natdexdraft-2334062445,https://replay.pokemonshowdown.com/gen9natdexdraft-2334062445,35,move,FluffySingh,Wailord,Vaporeon,Wailord,Vaporeon,Wish,,,,,,unknown,move,,False,False,False,False,False,False,|move|p1a: Wailord|Wish|p1a: Wailord
gen9natdexdraft-2334062445,https://replay.pokemonshowdown.com/gen9natdexdraft-2334062445,35,unknown,,,,,,,,,,,,unknown,unhandled_event,,False,False,False,False,False,False,|
gen9natdexdraft-2334062445,https://replay.pokemonshowdown.com/gen9natdexdraft-2334062445,35,heal,FluffySingh,Wailord,Vaporeon,Wailord,Vaporeon,,,Leftovers,6,89/100,95/100,percent,item,Leftovers,False,False,False,False,False,True,|-heal|p1a: Wailord|95/100|[from] item: Leftovers
gen9natdexdraft-2334062445,https://replay.pokemonshowdown.com/gen9natdexdraft-2334062445,35,upkeep,,,,,,,,,,,,unknown,unhandled_event,,False,False,False,False,False,False,|upkeep
gen9natdexdraft-2334062445,https://replay.pokemonshowdown.com/gen9natdexdraft-2334062445,36,turn,,,,,,,,,,,,unknown,,36,False,False,False,False,False,False,|turn|36
gen9natdexdraft-2334062445,https://replay.pokemonshowdown.com/gen9natdexdraft-2334062445,36,unknown,,,,,,,,,,,,unknown,unhandled_event,,False,False,False,False,False,False,|
gen9natdexdraft-2334062445,https://replay.pokemonshowdown.com/gen9natdexdraft-2334062445,36,timestamp,,,,,,,,,,,,unknown,,1743645494,False,False,False,False,False,False,|t:|1743645494
gen9natdexdraft-2334062445,https://replay.pokemonshowdown.com/gen9natdexdraft-2334062445,36,cant,,,,,,,,,,,,unknown,unhandled_event,p2a: LIRILÌ LARILÀ|frz,False,False,False,False,False,False,|cant|p2a: LIRILÌ LARILÀ|frz
gen9natdexdraft-2334062445,https://replay.pokemonshowdown.com/gen9natdexdraft-2334062445,36,move,FluffySingh,Wailord,Vaporeon,LIRILÌ LARILÀ,Overqwil,Scald,,,,,,unknown,move,,False,False,False,False,False,False,|move|p1a: Wailord|Scald|p2a: LIRILÌ LARILÀ
gen9natdexdraft-2334062445,https://replay.pokemonshowdown.com/gen9natdexdraft-2334062445,36,damage,charuzar,Wailord,Vaporeon,LIRILÌ LARILÀ,Overqwil,Scald,,,17,30/100 frz,13/100 frz,percent,move,Scald,True,False,False,False,False,False,|-damage|p2a: LIRILÌ LARILÀ|13/100 frz
gen9natdexdraft-2334062445,https://replay.pokemonshowdown.com/gen9natdexdraft-2334062445,36,curestatus,charuzar,,,LIRILÌ LARILÀ,Overqwil,,,,,,,unknown,frz,,False,False,False,False,False,False,|-curestatus|p2a: LIRILÌ LARILÀ|frz|[msg]
gen9natdexdraft-2334062445,https://replay.pokemonshowdown.com/gen9natdexdraft-2334062445,36,unknown,,,,,,,,,,,,unknown,unhandled_event,,False,False,False,False,False,False,|
gen9natdexdraft-2334062445,https://replay.pokemonshowdown.com/gen9natdexdraft-2334062445,36,heal,FluffySingh,Wailord,Vaporeon,Wailord,Vaporeon,Wish,,,5,95/100,100/100,percent,move,Wish,False,False,False,False,False,True,|-heal|p1a: Wailord|100/100|[from] move: Wish|[wisher] Wailord
gen9natdexdraft-2334062445,https://replay.pokemonshowdown.com/gen9natdexdraft-2334062445,36,upkeep,,,,,,,,,,,,unknown,unhandled_event,,False,False,False,False,False,False,|upkeep
gen9natdexdraft-2334062445,https://replay.pokemonshowdown.com/gen9natdexdraft-2334062445,37,turn,,,,,,,,,,,,unknown,,37,False,False,False,False,False,False,|turn|37
gen9natdexdraft-2334062445,https://replay.pokemonshowdown.com/gen9natdexdraft-2334062445,37,l,,,,,,,,,,,,unknown,unhandled_event, AlphaSingh,False,False,False,False,False,False,|l| AlphaSingh
gen9natdexdraft-2334062445,https://replay.pokemonshowdown.com/gen9natdexdraft-2334062445,37,n,,,,,,,,,,,,unknown,unhandled_event, 3ricwh0|3ricwh0,False,False,False,False,False,False,|n| 3ricwh0|3ricwh0
gen9natdexdraft-2334062445,https://replay.pokemonshowdown.com/gen9natdexdraft-2334062445,37,c,,,,,,,,,,,,unknown,unhandled_event, 3ricwh0|eee,False,False,False,False,False,False,|c| 3ricwh0|eee
gen9natdexdraft-2334062445,https://replay.pokemonshowdown.com/gen9natdexdraft-2334062445,37,unknown,,,,,,,,,,,,unknown,unhandled_event,,False,False,False,False,False,False,|
gen9natdexdraft-2334062445,https://replay.pokemonshowdown.com/gen9natdexdraft-2334062445,37,timestamp,,,,,,,,,,,,unknown,,1743645552,False,False,False,False,False,False,|t:|1743645552
gen9natdexdraft-2334062445,https://replay.pokemonshowdown.com/gen9natdexdraft-2334062445,37,switch,charuzar,,,TUNGTUNGTUNGSAHUR,Shiinotic,,,,,,72/100 tox,percent,switch,,False,False,False,False,False,False,"|switch|p2a: TUNGTUNGTUNGSAHUR|Shiinotic, F|72/100 tox"
gen9natdexdraft-2334062445,https://replay.pokemonshowdown.com/gen9natdexdraft-2334062445,37,move,FluffySingh,Wailord,Vaporeon,TUNGTUNGTUNGSAHUR,Shiinotic,Scald,,,,,,unknown,move,,False,False,False,False,False,False,|move|p1a: Wailord|Scald|p2a: TUNGTUNGTUNGSAHUR
gen9natdexdraft-2334062445,https://replay.pokemonshowdown.com/gen9natdexdraft-2334062445,37,resisted,,Wailord,Vaporeon,TUNGTUNGTUNGSAHUR,Shiinotic,Scald,,,,,,unknown,,p2a: TUNGTUNGTUNGSAHUR,False,False,False,False,False,False,|-resisted|p2a: TUNGTUNGTUNGSAHUR
gen9natdexdraft-2334062445,https://replay.pokemonshowdown.com/gen9natdexdraft-2334062445,37,damage,charuzar,Wailord,Vaporeon,TUNGTUNGTUNGSAHUR,Shiinotic,Scald,,,12,72/100 tox,60/100 tox,percent,move,Scald,True,False,False,False,False,False,|-damage|p2a: TUNGTUNGTUNGSAHUR|60/100 tox
gen9natdexdraft-2334062445,https://replay.pokemonshowdown.com/gen9natdexdraft-2334062445,37,unknown,,,,,,,,,,,,unknown,unhandled_event,,False,False,False,False,False,False,|
gen9natdexdraft-2334062445,https://replay.pokemonshowdown.com/gen9natdexdraft-2334062445,37,damage,charuzar,unknown,,TUNGTUNGTUNGSAHUR,Shiinotic,,,,6,60/100 tox,54/100 tox,percent,status,poison,False,True,False,False,False,False,|-damage|p2a: TUNGTUNGTUNGSAHUR|54/100 tox|[from] psn
gen9natdexdraft-2334062445,https://replay.pokemonshowdown.com/gen9natdexdraft-2334062445,37,upkeep,,,,,,,,,,,,unknown,unhandled_event,,False,False,False,False,False,False,|upkeep
gen9natdexdraft-2334062445,https://replay.pokemonshowdown.com/gen9natdexdraft-2334062445,38,turn,,,,,,,,,,,,unknown,,38,False,False,False,False,False,False,|turn|38
gen9natdexdraft-2334062445,https://replay.pokemonshowdown.com/gen9natdexdraft-2334062445,38,j,,,,,,,,,,,,unknown,unhandled_event, AlphaSingh,False,False,False,False,False,False,|j| AlphaSingh
gen9natdexdraft-2334062445,https://replay.pokemonshowdown.com/gen9natdexdraft-2334062445,38,unknown,,,,,,,,,,,,unknown,unhandled_event,,False,False,False,False,False,False,|
gen9natdexdraft-2334062445,https://replay.pokemonshowdown.com/gen9natdexdraft-2334062445,38,timestamp,,,,,,,,,,,,unknown,,1743645561,False,False,False,False,False,False,|t:|1743645561
gen9natdexdraft-2334062445,https://replay.pokemonshowdown.com/gen9natdexdraft-2334062445,38,move,FluffySingh,Wailord,Vaporeon,Wailord,Vaporeon,Wish,,,,,,unknown,move,,False,False,False,False,False,False,|move|p1a: Wailord|Wish|p1a: Wailord
gen9natdexdraft-2334062445,https://replay.pokemonshowdown.com/gen9natdexdraft-2334062445,38,move,charuzar,TUNGTUNGTUNGSAHUR,Shiinotic,Wailord,Vaporeon,Leech Seed,,,,,,unknown,move,,False,False,False,False,False,False,|move|p2a: TUNGTUNGTUNGSAHUR|Leech Seed|p1a: Wailord
gen9natdexdraft-2334062445,https://replay.pokemonshowdown.com/gen9natdexdraft-2334062445,38,start,,TUNGTUNGTUNGSAHUR,Shiinotic,Wailord,Vaporeon,,,,,,,unknown,Leech Seed,,False,False,False,False,False,False,|-start|p1a: Wailord|move: Leech Seed
gen9natdexdraft-2334062445,https://replay.pokemonshowdown.com/gen9natdexdraft-2334062445,38,unknown,,,,,,,,,,,,unknown,unhandled_event,,False,False,False,False,False,False,|
gen9natdexdraft-2334062445,https://replay.pokemonshowdown.com/gen9natdexdraft-2334062445,38,damage,FluffySingh,TUNGTUNGTUNGSAHUR,Shiinotic,Wailord,Vaporeon,Leech Seed,,,12,100/100,88/100,percent,move,Leech Seed,False,True,False,False,False,False,|-damage|p1a: Wailord|88/100|[from] Leech Seed|[of] p2a: TUNGTUNGTUNGSAHUR
gen9natdexdraft-2334062445,https://replay.pokemonshowdown.com/gen9natdexdraft-2334062445,38,heal,charuzar,TUNGTUNGTUNGSAHUR,Shiinotic,TUNGTUNGTUNGSAHUR,Shiinotic,,,,18,54/100 tox,72/100 tox,percent,healing,unknown,False,False,False,False,False,True,|-heal|p2a: TUNGTUNGTUNGSAHUR|72/100 tox|[silent]
gen9natdexdraft-2334062445,https://replay.pokemonshowdown.com/gen9natdexdraft-2334062445,38,damage,charuzar,unknown,,TUNGTUNGTUNGSAHUR,Shiinotic,,,,13,72/100 tox,59/100 tox,percent,status,poison,False,True,False,False,False,False,|-damage|p2a: TUNGTUNGTUNGSAHUR|59/100 tox|[from] psn
gen9natdexdraft-2334062445,https://replay.pokemonshowdown.com/gen9natdexdraft-2334062445,38,upkeep,,,,,,,,,,,,unknown,unhandled_event,,False,False,False,False,False,False,|upkeep
gen9natdexdraft-2334062445,https://replay.pokemonshowdown.com/gen9natdexdraft-2334062445,39,turn,,,,,,,,,,,,unknown,,39,False,False,False,False,False,False,|turn|39
gen9natdexdraft-2334062445,https://replay.pokemonshowdown.com/gen9natdexdraft-2334062445,39,unknown,,,,,,,,,,,,unknown,unhandled_event,,False,False,False,False,False,False,|
gen9natdexdraft-2334062445,https://replay.pokemonshowdown.com/gen9natdexdraft-2334062445,39,timestamp,,,,,,,,,,,,unknown,,1743645582,False,False,False,False,False,False,|t:|1743645582
gen9natdexdraft-2334062445,https://replay.pokemonshowdown.com/gen9natdexdraft-2334062445,39,move,FluffySingh,Wailord,Vaporeon,TUNGTUNGTUNGSAHUR,Shiinotic,Scald,,,,,,unknown,move,,False,False,False,False,False,False,|move|p1a: Wailord|Scald|p2a: TUNGTUNGTUNGSAHUR
gen9natdexdraft-2334062445,https://replay.pokemonshowdown.com/gen9natdexdraft-2334062445,39,resisted,,Wailord,Vaporeon,TUNGTUNGTUNGSAHUR,Shiinotic,Scald,,,,,,unknown,,p2a: TUNGTUNGTUNGSAHUR,False,False,False,False,False,False,|-resisted|p2a: TUNGTUNGTUNGSAHUR
gen9natdexdraft-2334062445,https://replay.pokemonshowdown.com/gen9natdexdraft-2334062445,39,damage,charuzar,Wailord,Vaporeon,TUNGTUNGTUNGSAHUR,Shiinotic,Scald,,,10,59/100 tox,49/100 tox,percent,move,Scald,True,False,False,False,False,False,|-damage|p2a: TUNGTUNGTUNGSAHUR|49/100 tox
gen9natdexdraft-2334062445,https://replay.pokemonshowdown.com/gen9natdexdraft-2334062445,39,move,charuzar,TUNGTUNGTUNGSAHUR,Shiinotic,Wailord,Vaporeon,Thunder Wave,,,,,,unknown,move,,False,False,False,False,False,False,|move|p2a: TUNGTUNGTUNGSAHUR|Thunder Wave|p1a: Wailord
gen9natdexdraft-2334062445,https://replay.pokemonshowdown.com/gen9natdexdraft-2334062445,39,status,FluffySingh,TUNGTUNGTUNGSAHUR,Shiinotic,Wailord,Vaporeon,,,,,,,unknown,move,Thunder Wave,False,False,False,False,False,False,|-status|p1a: Wailord|par
gen9natdexdraft-2334062445,https://replay.pokemonshowdown.com/gen9natdexdraft-2334062445,39,unknown,,,,,,,,,,,,unknown,unhandled_event,,False,False,False,False,False,False,|
gen9natdexdraft-2334062445,https://replay.pokemonshowdown.com/gen9natdexdraft-2334062445,39,heal,FluffySingh,Wailord,Vaporeon,Wailord,Vaporeon,Wish,,,12,88/100,100/100 par,percent,move,Wish,False,False,False,False,False,True,|-heal|p1a: Wailord|100/100 par|[from] move: Wish|[wisher] Wailord
gen9natdexdraft-2334062445,https://replay.pokemonshowdown.com/gen9natdexdraft-2334062445,39,damage,FluffySingh,TUNGTUNGTUNGSAHUR,Shiinotic,Wailord,Vaporeon,Leech Seed,,,12,100/100 par,88/100 par,percent,move,Leech Seed,False,True,False,False,False,False,|-damage|p1a: Wailord|88/100 par|[from] Leech Seed|[of] p2a: TUNGTUNGTUNGSAHUR
gen9natdexdraft-2334062445,https://replay.pokemonshowdown.com/gen9natdexdraft-2334062445,39,heal,charuzar,TUNGTUNGTUNGSAHUR,Shiinotic,TUNGTUNGTUNGSAHUR,Shiinotic,,,,18,49/100 tox,67/100 tox,percent,healing,unknown,False,False,False,False,False,True,|-heal|p2a: TUNGTUNGTUNGSAHUR|67/100 tox|[silent]
gen9natdexdraft-2334062445,https://replay.pokemonshowdown.com/gen9natdexdraft-2334062445,39,damage,charuzar,unknown,,TUNGTUNGTUNGSAHUR,Shiinotic,,,,19,67/100 tox,48/100 tox,percent,status,poison,False,True,False,False,False,False,|-damage|p2a: TUNGTUNGTUNGSAHUR|48/100 tox|[from] psn
gen9natdexdraft-2334062445,https://replay.pokemonshowdown.com/gen9natdexdraft-2334062445,39,upkeep,,,,,,,,,,,,unknown,unhandled_event,,False,False,False,False,False,False,|upkeep
gen9natdexdraft-2334062445,https://replay.pokemonshowdown.com/gen9natdexdraft-2334062445,40,turn,,,,,,,,,,,,unknown,,40,False,False,False,False,False,False,|turn|40
gen9natdexdraft-2334062445,https://replay.pokemonshowdown.com/gen9natdexdraft-2334062445,40,unknown,,,,,,,,,,,,unknown,unhandled_event,,False,False,False,False,False,False,|
gen9natdexdraft-2334062445,https://replay.pokemonshowdown.com/gen9natdexdraft-2334062445,40,timestamp,,,,,,,,,,,,unknown,,1743645597,False,False,False,False,False,False,|t:|1743645597
gen9natdexdraft-2334062445,https://replay.pokemonshowdown.com/gen9natdexdraft-2334062445,40,cant,,,,,,,,,,,,unknown,unhandled_event,p1a: Wailord|par,False,False,False,False,False,False,|cant|p1a: Wailord|par
gen9natdexdraft-2334062445,https://replay.pokemonshowdown.com/gen9natdexdraft-2334062445,40,move,charuzar,TUNGTUNGTUNGSAHUR,Shiinotic,Wailord,Vaporeon,Strength Sap,,,,,,unknown,move,,False,False,False,False,False,False,|move|p2a: TUNGTUNGTUNGSAHUR|Strength Sap|p1a: Wailord
gen9natdexdraft-2334062445,https://replay.pokemonshowdown.com/gen9natdexdraft-2334062445,40,unboost,FluffySingh,TUNGTUNGTUNGSAHUR,Shiinotic,Wailord,Vaporeon,,,,-1,,,unknown,atk,,False,False,False,False,False,False,|-unboost|p1a: Wailord|atk|1
gen9natdexdraft-2334062445,https://replay.pokemonshowdown.com/gen9natdexdraft-2334062445,40,heal,charuzar,TUNGTUNGTUNGSAHUR,Shiinotic,TUNGTUNGTUNGSAHUR,Shiinotic,,,,38,48/100 tox,86/100 tox,percent,healing,unknown,False,False,False,False,False,True,|-heal|p2a: TUNGTUNGTUNGSAHUR|86/100 tox
gen9natdexdraft-2334062445,https://replay.pokemonshowdown.com/gen9natdexdraft-2334062445,40,unknown,,,,,,,,,,,,unknown,unhandled_event,,False,False,False,False,False,False,|
gen9natdexdraft-2334062445,https://replay.pokemonshowdown.com/gen9natdexdraft-2334062445,40,heal,FluffySingh,Wailord,Vaporeon,Wailord,Vaporeon,,,Leftovers,6,88/100 par,94/100 par,percent,item,Leftovers,False,False,False,False,False,True,|-heal|p1a: Wailord|94/100 par|[from] item: Leftovers
gen9natdexdraft-2334062445,https://replay.pokemonshowdown.com/gen9natdexdraft-2334062445,40,damage,FluffySingh,TUNGTUNGTUNGSAHUR,Shiinotic,Wailord,Vaporeon,Leech Seed,,,12,94/100 par,82/100 par,percent,move,Leech Seed,False,True,False,False,False,False,|-damage|p1a: Wailord|82/100 par|[from] Leech Seed|[of] p2a: TUNGTUNGTUNGSAHUR
gen9natdexdraft-2334062445,https://replay.pokemonshowdown.com/gen9natdexdraft-2334062445,40,heal,charuzar,TUNGTUNGTUNGSAHUR,Shiinotic,TUNGTUNGTUNGSAHUR,Shiinotic,,,,14,86/100 tox,100/100 tox,percent,healing,unknown,False,False,False,False,False,True,|-heal|p2a: TUNGTUNGTUNGSAHUR|100/100 tox|[silent]
gen9natdexdraft-2334062445,https://replay.pokemonshowdown.com/gen9natdexdraft-2334062445,40,damage,charuzar,unknown,,TUNGTUNGTUNGSAHUR,Shiinotic,,,,24,100/100 tox,76/100 tox,percent,status,poison,False,True,False,False,False,False,|-damage|p2a: TUNGTUNGTUNGSAHUR|76/100 tox|[from] psn
gen9natdexdraft-2334062445,https://replay.pokemonshowdown.com/gen9natdexdraft-2334062445,40,upkeep,,,,,,,,,,,,unknown,unhandled_event,,False,False,False,False,False,False,|upkeep
gen9natdexdraft-2334062445,https://replay.pokemonshowdown.com/gen9natdexdraft-2334062445,41,turn,,,,,,,,,,,,unknown,,41,False,False,False,False,False,False,|turn|41
gen9natdexdraft-2334062445,https://replay.pokemonshowdown.com/gen9natdexdraft-2334062445,41,c,,,,,,,,,,,,unknown,unhandled_event, johnny weest|TUNG TUNG TUNG TUNG TUNG TUNG SAHUR,False,False,False,False,False,False,|c| johnny weest|TUNG TUNG TUNG TUNG TUNG TUNG SAHUR
gen9natdexdraft-2334062445,https://replay.pokemonshowdown.com/gen9natdexdraft-2334062445,41,unknown,,,,,,,,,,,,unknown,unhandled_event,,False,False,False,False,False,False,|
gen9natdexdraft-2334062445,https://replay.pokemonshowdown.com/gen9natdexdraft-2334062445,41,timestamp,,,,,,,,,,,,unknown,,1743645614,False,False,False,False,False,False,|t:|1743645614
gen9natdexdraft-2334062445,https://replay.pokemonshowdown.com/gen9natdexdraft-2334062445,41,switch,charuzar,,,TRULIMEROTRULICINA,Scream Tail,,,,,,100/100,percent,switch,,False,False,False,False,False,False,|switch|p2a: TRULIMEROTRULICINA|Scream Tail|100/100
gen9natdexdraft-2334062445,https://replay.pokemonshowdown.com/gen9natdexdraft-2334062445,41,move,FluffySingh,Wailord,Vaporeon,Wailord,Vaporeon,Wish,,,,,,unknown,move,,False,False,False,False,False,False,|move|p1a: Wailord|Wish|p1a: Wailord
gen9natdexdraft-2334062445,https://replay.pokemonshowdown.com/gen9natdexdraft-2334062445,41,unknown,,,,,,,,,,,,unknown,unhandled_event,,False,False,False,False,False,False,|
gen9natdexdraft-2334062445,https://replay.pokemonshowdown.com/gen9natdexdraft-2334062445,41,heal,FluffySingh,Wailord,Vaporeon,Wailord,Vaporeon,,,Leftovers,6,82/100 par,88/100 par,percent,item,Leftovers,False,False,False,False,False,True,|-heal|p1a: Wailord|88/100 par|[from] item: Leftovers
gen9natdexdraft-2334062445,https://replay.pokemonshowdown.com/gen9natdexdraft-2334062445,41,damage,FluffySingh,TRULIMEROTRULICINA,Scream Tail,Wailord,Vaporeon,Leech Seed,,,13,88/100 par,75/100 par,percent,move,Leech Seed,False,True,False,False,False,False,|-damage|p1a: Wailord|75/100 par|[from] Leech Seed|[of] p2a: TRULIMEROTRULICINA
gen9natdexdraft-2334062445,https://replay.pokemonshowdown.com/gen9natdexdraft-2334062445,41,upkeep,,,,,,,,,,,,unknown,unhandled_event,,False,False,False,False,False,False,|upkeep
gen9natdexdraft-2334062445,https://replay.pokemonshowdown.com/gen9natdexdraft-2334062445,42,turn,,,,,,,,,,,,unknown,,42,False,False,False,False,False,False,|turn|42
gen9natdexdraft-2334062445,https://replay.pokemonshowdown.com/gen9natdexdraft-2334062445,42,unknown,,,,,,,,,,,,unknown,unhandled_event,,False,False,False,False,False,False,|
gen9natdexdraft-2334062445,https://replay.pokemonshowdown.com/gen9natdexdraft-2334062445,42,timestamp,,,,,,,,,,,,unknown,,1743645624,False,False,False,False,False,False,|t:|1743645624
gen9natdexdraft-2334062445,https://replay.pokemonshowdown.com/gen9natdexdraft-2334062445,42,end,,,,TRULIMEROTRULICINA,Scream Tail,,,,,,,unknown,Protosynthesis,,False,False,False,False,False,False,|-end|p2a: TRULIMEROTRULICINA|Protosynthesis|[silent]
gen9natdexdraft-2334062445,https://replay.pokemonshowdown.com/gen9natdexdraft-2334062445,42,switch,charuzar,,,LIRILÌ LARILÀ,Overqwil,,,,,,13/100,percent,switch,,False,False,False,False,False,False,"|switch|p2a: LIRILÌ LARILÀ|Overqwil, F|13/100"
gen9natdexdraft-2334062445,https://replay.pokemonshowdown.com/gen9natdexdraft-2334062445,42,ability,charuzar,,,LIRILÌ LARILÀ,Overqwil,,Intimidate,,,,,unknown,,,False,False,False,False,False,False,|-ability|p2a: LIRILÌ LARILÀ|Intimidate|boost
gen9natdexdraft-2334062445,https://replay.pokemonshowdown.com/gen9natdexdraft-2334062445,42,unboost,FluffySingh,,,Wailord,Vaporeon,,,,-1,,,unknown,atk,,False,False,False,False,False,False,|-unboost|p1a: Wailord|atk|1
gen9natdexdraft-2334062445,https://replay.pokemonshowdown.com/gen9natdexdraft-2334062445,42,move,FluffySingh,Wailord,Vaporeon,LIRILÌ LARILÀ,Overqwil,Toxic,,,,,,unknown,move,,False,False,False,False,False,False,|move|p1a: Wailord|Toxic|p2a: LIRILÌ LARILÀ
gen9natdexdraft-2334062445,https://replay.pokemonshowdown.com/gen9natdexdraft-2334062445,42,immune,,,,,,,,,,,,unknown,,p2a: LIRILÌ LARILÀ,False,False,False,False,False,False,|-immune|p2a: LIRILÌ LARILÀ
gen9natdexdraft-2334062445,https://replay.pokemonshowdown.com/gen9natdexdraft-2334062445,42,unknown,,,,,,,,,,,,unknown,unhandled_event,,False,False,False,False,False,False,|
gen9natdexdraft-2334062445,https://replay.pokemonshowdown.com/gen9natdexdraft-2334062445,42,heal,FluffySingh,Wailord,Vaporeon,Wailord,Vaporeon,Wish,,,25,75/100 par,100/100 par,percent,move,Wish,False,False,False,False,False,True,|-heal|p1a: Wailord|100/100 par|[from] move: Wish|[wisher] Wailord
gen9natdexdraft-2334062445,https://replay.pokemonshowdown.com/gen9natdexdraft-2334062445,42,damage,FluffySingh,LIRILÌ LARILÀ,Overqwil,Wailord,Vaporeon,Leech Seed,,,12,100/100 par,88/100 par,percent,move,Leech Seed,False,True,False,False,False,False,|-damage|p1a: Wailord|88/100 par|[from] Leech Seed|[of] p2a: LIRILÌ LARILÀ
gen9natdexdraft-2334062445,https://replay.pokemonshowdown.com/gen9natdexdraft-2334062445,42,heal,charuzar,LIRILÌ LARILÀ,Overqwil,LIRILÌ LARILÀ,Overqwil,,,,16,13/100,29/100,percent,healing,unknown,False,False,False,False,False,True,|-heal|p2a: LIRILÌ LARILÀ|29/100|[silent]
gen9natdexdraft-2334062445,https://replay.pokemonshowdown.com/gen9natdexdraft-2334062445,42,upkeep,,,,,,,,,,,,unknown,unhandled_event,,False,False,False,False,False,False,|upkeep
gen9natdexdraft-2334062445,https://replay.pokemonshowdown.com/gen9natdexdraft-2334062445,43,turn,,,,,,,,,,,,unknown,,43,False,False,False,False,False,False,|turn|43
gen9natdexdraft-2334062445,https://replay.pokemonshowdown.com/gen9natdexdraft-2334062445,43,l,,,,,,,,,,,,unknown,unhandled_event, AlphaSingh,False,False,False,False,False,False,|l| AlphaSingh
gen9natdexdraft-2334062445,https://replay.pokemonshowdown.com/gen9natdexdraft-2334062445,43,j,,,,,,,,,,,,unknown,unhandled_event, AlphaSingh,False,False,False,False,False,False,|j| AlphaSingh
gen9natdexdraft-2334062445,https://replay.pokemonshowdown.com/gen9natdexdraft-2334062445,43,l,,,,,,,,,,,,unknown,unhandled_event, AlphaSingh,False,False,False,False,False,False,|l| AlphaSingh
gen9natdexdraft-2334062445,https://replay.pokemonshowdown.com/gen9natdexdraft-2334062445,43,j,,,,,,,,,,,,unknown,unhandled_event, AlphaSingh,False,False,False,False,False,False,|j| AlphaSingh
gen9natdexdraft-2334062445,https://replay.pokemonshowdown.com/gen9natdexdraft-2334062445,43,unknown,,,,,,,,,,,,unknown,unhandled_event,,False,False,False,False,False,False,|
gen9natdexdraft-2334062445,https://replay.pokemonshowdown.com/gen9natdexdraft-2334062445,43,timestamp,,,,,,,,,,,,unknown,,1743645724,False,False,False,False,False,False,|t:|1743645724
gen9natdexdraft-2334062445,https://replay.pokemonshowdown.com/gen9natdexdraft-2334062445,43,switch,FluffySingh,,,Wailord,Gliscor,,,,,,100/100 tox,percent,switch,,False,False,False,False,False,False,"|switch|p1a: Wailord|Gliscor, F|100/100 tox"
gen9natdexdraft-2334062445,https://replay.pokemonshowdown.com/gen9natdexdraft-2334062445,43,move,charuzar,LIRILÌ LARILÀ,Overqwil,Wailord,Gliscor,Gunk Shot,,,,,,unknown,move,,False,False,False,False,False,False,|move|p2a: LIRILÌ LARILÀ|Gunk Shot|p1a: Wailord
gen9natdexdraft-2334062445,https://replay.pokemonshowdown.com/gen9natdexdraft-2334062445,43,resisted,,LIRILÌ LARILÀ,Overqwil,Wailord,Gliscor,Gunk Shot,,,,,,unknown,,p1a: Wailord,False,False,False,False,False,False,|-resisted|p1a: Wailord
gen9natdexdraft-2334062445,https://replay.pokemonshowdown.com/gen9natdexdraft-2334062445,43,damage,FluffySingh,LIRILÌ LARILÀ,Overqwil,Wailord,Gliscor,Gunk Shot,,,20,100/100 tox,80/100 tox,percent,move,Gunk Shot,True,False,False,False,False,False,|-damage|p1a: Wailord|80/100 tox
gen9natdexdraft-2334062445,https://replay.pokemonshowdown.com/gen9natdexdraft-2334062445,43,unknown,,,,,,,,,,,,unknown,unhandled_event,,False,False,False,False,False,False,|
gen9natdexdraft-2334062445,https://replay.pokemonshowdown.com/gen9natdexdraft-2334062445,43,heal,FluffySingh,Wailord,Gliscor,Wailord,Gliscor,,Poison Heal,,13,80/100 tox,93/100 tox,percent,ability,Poison Heal,False,False,False,False,False,True,|-heal|p1a: Wailord|93/100 tox|[from] ability: Poison Heal
gen9natdexdraft-2334062445,https://replay.pokemonshowdown.com/gen9natdexdraft-2334062445,43,upkeep,,,,,,,,,,,,unknown,unhandled_event,,False,False,False,False,False,False,|upkeep
gen9natdexdraft-2334062445,https://replay.pokemonshowdown.com/gen9natdexdraft-2334062445,44,turn,,,,,,,,,,,,unknown,,44,False,False,False,False,False,False,|turn|44
gen9natdexdraft-2334062445,https://replay.pokemonshowdown.com/gen9natdexdraft-2334062445,44,l,,,,,,,,,,,,unknown,unhandled_event, AlphaSingh,False,False,False,False,False,False,|l| AlphaSingh
gen9natdexdraft-2334062445,https://replay.pokemonshowdown.com/gen9natdexdraft-2334062445,44,c,,,,,,,,,,,,unknown,unhandled_event, 3ricwh0|BOMBARDILO,False,False,False,False,False,False,|c| 3ricwh0|BOMBARDILO
gen9natdexdraft-2334062445,https://replay.pokemonshowdown.com/gen9natdexdraft-2334062445,44,j,,,,,,,,,,,,unknown,unhandled_event, AlphaSingh,False,False,False,False,False,False,|j| AlphaSingh
gen9natdexdraft-2334062445,https://replay.pokemonshowdown.com/gen9natdexdraft-2334062445,44,c,,,,,,,,,,,,unknown,unhandled_event, 3ricwh0|KROOKODILIO,False,False,False,False,False,False,|c| 3ricwh0|KROOKODILIO
gen9natdexdraft-2334062445,https://replay.pokemonshowdown.com/gen9natdexdraft-2334062445,44,c,,,,,,,,,,,,unknown,unhandled_event, AlphaSingh|ON MY PHONE,False,False,False,False,False,False,|c| AlphaSingh|ON MY PHONE
gen9natdexdraft-2334062445,https://replay.pokemonshowdown.com/gen9natdexdraft-2334062445,44,unknown,,,,,,,,,,,,unknown,unhandled_event,,False,False,False,False,False,False,|
gen9natdexdraft-2334062445,https://replay.pokemonshowdown.com/gen9natdexdraft-2334062445,44,timestamp,,,,,,,,,,,,unknown,,1743645760,False,False,False,False,False,False,|t:|1743645760
gen9natdexdraft-2334062445,https://replay.pokemonshowdown.com/gen9natdexdraft-2334062445,44,switch,FluffySingh,,,Wailord,Weezing-Galar,,,,,,100/100,percent,switch,,False,False,False,False,False,False,"|switch|p1a: Wailord|Weezing-Galar, M|100/100"
gen9natdexdraft-2334062445,https://replay.pokemonshowdown.com/gen9natdexdraft-2334062445,44,switch,charuzar,,,TUNGTUNGTUNGSAHUR,Shiinotic,,,,,,76/100 tox,percent,switch,,False,False,False,False,False,False,"|switch|p2a: TUNGTUNGTUNGSAHUR|Shiinotic, F|76/100 tox"
gen9natdexdraft-2334062445,https://replay.pokemonshowdown.com/gen9natdexdraft-2334062445,44,unknown,,,,,,,,,,,,unknown,unhandled_event,,False,False,False,False,False,False,|
gen9natdexdraft-2334062445,https://replay.pokemonshowdown.com/gen9natdexdraft-2334062445,44,damage,charuzar,unknown,,TUNGTUNGTUNGSAHUR,Shiinotic,,,,6,76/100 tox,70/100 tox,percent,status,poison,False,True,False,False,False,False,|-damage|p2a: TUNGTUNGTUNGSAHUR|70/100 tox|[from] psn
gen9natdexdraft-2334062445,https://replay.pokemonshowdown.com/gen9natdexdraft-2334062445,44,upkeep,,,,,,,,,,,,unknown,unhandled_event,,False,False,False,False,False,False,|upkeep
gen9natdexdraft-2334062445,https://replay.pokemonshowdown.com/gen9natdexdraft-2334062445,45,turn,,,,,,,,,,,,unknown,,45,False,False,False,False,False,False,|turn|45
gen9natdexdraft-2334062445,https://replay.pokemonshowdown.com/gen9natdexdraft-2334062445,45,l,,,,,,,,,,,,unknown,unhandled_event, AlphaSingh,False,False,False,False,False,False,|l| AlphaSingh
gen9natdexdraft-2334062445,https://replay.pokemonshowdown.com/gen9natdexdraft-2334062445,45,unknown,,,,,,,,,,,,unknown,unhandled_event,,False,False,False,False,False,False,|
gen9natdexdraft-2334062445,https://replay.pokemonshowdown.com/gen9natdexdraft-2334062445,45,timestamp,,,,,,,,,,,,unknown,,1743645799,False,False,False,False,False,False,|t:|1743645799
gen9natdexdraft-2334062445,https://replay.pokemonshowdown.com/gen9natdexdraft-2334062445,45,switch,charuzar,,,Rotom-in-Heat,Rotom-Heat,,,,,,75/100,percent,switch,,False,False,False,False,False,False,|switch|p2a: Rotom-in-Heat|Rotom-Heat|75/100
gen9natdexdraft-2334062445,https://replay.pokemonshowdown.com/gen9natdexdraft-2334062445,45,move,FluffySingh,Wailord,Weezing-Galar,Rotom-in-Heat,Rotom-Heat,Play Rough,,,,,,unknown,move,,False,False,False,False,False,False,|move|p1a: Wailord|Play Rough|p2a: Rotom-in-Heat
gen9natdexdraft-2334062445,https://replay.pokemonshowdown.com/gen9natdexdraft-2334062445,45,resisted,,Wailord,Weezing-Galar,Rotom-in-Heat,Rotom-Heat,Play Rough,,,,,,unknown,,p2a: Rotom-in-Heat,False,False,False,False,False,False,|-resisted|p2a: Rotom-in-Heat
gen9natdexdraft-2334062445,https://replay.pokemonshowdown.com/gen9natdexdraft-2334062445,45,damage,charuzar,Wailord,Weezing-Galar,Rotom-in-Heat,Rotom-Heat,Play Rough,,,14,75/100,61/100,percent,move,Play Rough,True,False,False,False,False,False,|-damage|p2a: Rotom-in-Heat|61/100
gen9natdexdraft-2334062445,https://replay.pokemonshowdown.com/gen9natdexdraft-2334062445,45,unknown,,,,,,,,,,,,unknown,unhandled_event,,False,False,False,False,False,False,|
gen9natdexdraft-2334062445,https://replay.pokemonshowdown.com/gen9natdexdraft-2334062445,45,upkeep,,,,,,,,,,,,unknown,unhandled_event,,False,False,False,False,False,False,|upkeep
gen9natdexdraft-2334062445,https://replay.pokemonshowdown.com/gen9natdexdraft-2334062445,46,turn,,,,,,,,,,,,unknown,,46,False,False,False,False,False,False,|turn|46
gen9natdexdraft-2334062445,https://replay.pokemonshowdown.com/gen9natdexdraft-2334062445,46,j,,,,,,,,,,,,unknown,unhandled_event, AlphaSingh,False,False,False,False,False,False,|j| AlphaSingh
gen9natdexdraft-2334062445,https://replay.pokemonshowdown.com/gen9natdexdraft-2334062445,46,l,,,,,,,,,,,,unknown,unhandled_event, AlphaSingh,False,False,False,False,False,False,|l| AlphaSingh
gen9natdexdraft-2334062445,https://replay.pokemonshowdown.com/gen9natdexdraft-2334062445,46,unknown,,,,,,,,,,,,unknown,unhandled_event,,False,False,False,False,False,False,|
gen9natdexdraft-2334062445,https://replay.pokemonshowdown.com/gen9natdexdraft-2334062445,46,timestamp,,,,,,,,,,,,unknown,,1743645839,False,False,False,False,False,False,|t:|1743645839
gen9natdexdraft-2334062445,https://replay.pokemonshowdown.com/gen9natdexdraft-2334062445,46,switch,FluffySingh,,,Wailord,Gliscor,,,,,,93/100 tox,percent,switch,,False,False,False,False,False,False,"|switch|p1a: Wailord|Gliscor, F|93/100 tox"
gen9natdexdraft-2334062445,https://replay.pokemonshowdown.com/gen9natdexdraft-2334062445,46,move,charuzar,Rotom-in-Heat,Rotom-Heat,Wailord,Gliscor,Overheat,,,,,,unknown,move,,False,False,False,False,False,False,|move|p2a: Rotom-in-Heat|Overheat|p1a: Wailord
gen9natdexdraft-2334062445,https://replay.pokemonshowdown.com/gen9natdexdraft-2334062445,46,damage,FluffySingh,Rotom-in-Heat,Rotom-Heat,Wailord,Gliscor,Overheat,,,40,93/100 tox,53/100 tox,percent,move,Overheat,True,False,False,False,False,False,|-damage|p1a: Wailord|53/100 tox
gen9natdexdraft-2334062445,https://replay.pokemonshowdown.com/gen9natdexdraft-2334062445,46,unboost,charuzar,Rotom-in-Heat,Rotom-Heat,Rotom-in-Heat,Rotom-Heat,,,,-2,,,unknown,spa,,False,False,False,False,False,False,|-unboost|p2a: Rotom-in-Heat|spa|2
gen9natdexdraft-2334062445,https://replay.pokemonshowdown.com/gen9natdexdraft-2334062445,46,unknown,,,,,,,,,,,,unknown,unhandled_event,,False,False,False,False,False,False,|
gen9natdexdraft-2334062445,https://replay.pokemonshowdown.com/gen9natdexdraft-2334062445,46,heal,FluffySingh,Wailord,Gliscor,Wailord,Gliscor,,Poison Heal,,12,53/100 tox,65/100 tox,percent,ability,Poison Heal,False,False,False,False,False,True,|-heal|p1a: Wailord|65/100 tox|[from] ability: Poison Heal
gen9natdexdraft-2334062445,https://replay.pokemonshowdown.com/gen9natdexdraft-2334062445,46,upkeep,,,,,,,,,,,,unknown,unhandled_event,,False,False,False,False,False,False,|upkeep
gen9natdexdraft-2334062445,https://replay.pokemonshowdown.com/gen9natdexdraft-2334062445,47,turn,,,,,,,,,,,,unknown,,47,False,False,False,False,False,False,|turn|47
gen9natdexdraft-2334062445,https://replay.pokemonshowdown.com/gen9natdexdraft-2334062445,47,j,,,,,,,,,,,,unknown,unhandled_event, AlphaSingh,False,False,False,False,False,False,|j| AlphaSingh
gen9natdexdraft-2334062445,https://replay.pokemonshowdown.com/gen9natdexdraft-2334062445,47,unknown,,,,,,,,,,,,unknown,unhandled_event,,False,False,False,False,False,False,|
gen9natdexdraft-2334062445,https://replay.pokemonshowdown.com/gen9natdexdraft-2334062445,47,timestamp,,,,,,,,,,,,unknown,,1743645865,False,False,False,False,False,False,|t:|1743645865
gen9natdexdraft-2334062445,https://replay.pokemonshowdown.com/gen9natdexdraft-2334062445,47,switch,charuzar,,,TUNGTUNGTUNGSAHUR,Shiinotic,,,,,,70/100 tox,percent,switch,,False,False,False,False,False,False,"|switch|p2a: TUNGTUNGTUNGSAHUR|Shiinotic, F|70/100 tox"
gen9natdexdraft-2334062445,https://replay.pokemonshowdown.com/gen9natdexdraft-2334062445,47,move,FluffySingh,Wailord,Gliscor,TUNGTUNGTUNGSAHUR,Shiinotic,Knock Off,,,,,,unknown,move,,False,False,False,False,False,False,|move|p1a: Wailord|Knock Off|p2a: TUNGTUNGTUNGSAHUR
gen9natdexdraft-2334062445,https://replay.pokemonshowdown.com/gen9natdexdraft-2334062445,47,resisted,,Wailord,Gliscor,TUNGTUNGTUNGSAHUR,Shiinotic,Knock Off,,,,,,unknown,,p2a: TUNGTUNGTUNGSAHUR,False,False,False,False,False,False,|-resisted|p2a: TUNGTUNGTUNGSAHUR
gen9natdexdraft-2334062445,https://replay.pokemonshowdown.com/gen9natdexdraft-2334062445,47,damage,charuzar,Wailord,Gliscor,TUNGTUNGTUNGSAHUR,Shiinotic,Knock Off,,,10,70/100 tox,60/100 tox,percent,move,Knock Off,True,False,False,False,False,False,|-damage|p2a: TUNGTUNGTUNGSAHUR|60/100 tox
gen9natdexdraft-2334062445,https://replay.pokemonshowdown.com/gen9natdexdraft-2334062445,47,unknown,,,,,,,,,,,,unknown,unhandled_event,,False,False,False,False,False,False,|
gen9natdexdraft-2334062445,https://replay.pokemonshowdown.com/gen9natdexdraft-2334062445,47,heal,FluffySingh,Wailord,Gliscor,Wailord,Gliscor,,Poison Heal,,13,65/100 tox,78/100 tox,percent,ability,Poison Heal,False,False,False,False,False,True,|-heal|p1a: Wailord|78/100 tox|[from] ability: Poison Heal
gen9natdexdraft-2334062445,https://replay.pokemonshowdown.com/gen9natdexdraft-2334062445,47,damage,charuzar,unknown,,TUNGTUNGTUNGSAHUR,Shiinotic,,,,6,60/100 tox,54/100 tox,percent,status,poison,False,True,False,False,False,False,|-damage|p2a: TUNGTUNGTUNGSAHUR|54/100 tox|[from] psn
gen9natdexdraft-2334062445,https://replay.pokemonshowdown.com/gen9natdexdraft-2334062445,47,upkeep,,,,,,,,,,,,unknown,unhandled_event,,False,False,False,False,False,False,|upkeep
gen9natdexdraft-2334062445,https://replay.pokemonshowdown.com/gen9natdexdraft-2334062445,48,turn,,,,,,,,,,,,unknown,,48,False,False,False,False,False,False,|turn|48
gen9natdexdraft-2334062445,https://replay.pokemonshowdown.com/gen9natdexdraft-2334062445,48,unknown,,,,,,,,,,,,unknown,unhandled_event,,False,False,False,False,False,False,|
gen9natdexdraft-2334062445,https://replay.pokemonshowdown.com/gen9natdexdraft-2334062445,48,timestamp,,,,,,,,,,,,unknown,,1743645874,False,False,False,False,False,False,|t:|1743645874
gen9natdexdraft-2334062445,https://replay.pokemonshowdown.com/gen9natdexdraft-2334062445,48,move,FluffySingh,Wailord,Gliscor,Wailord,Gliscor,Protect,,,,,,unknown,move,,False,False,False,False,False,False,|move|p1a: Wailord|Protect|p1a: Wailord
gen9natdexdraft-2334062445,https://replay.pokemonshowdown.com/gen9natdexdraft-2334062445,48,-singleturn,,,,,,,,,,,,unknown,unhandled_event,p1a: Wailord|Protect,False,False,False,False,False,False,|-singleturn|p1a: Wailord|Protect
gen9natdexdraft-2334062445,https://replay.pokemonshowdown.com/gen9natdexdraft-2334062445,48,move,charuzar,TUNGTUNGTUNGSAHUR,Shiinotic,Wailord,Gliscor,Leech Seed,,,,,,unknown,move,,False,False,False,False,False,False,|move|p2a: TUNGTUNGTUNGSAHUR|Leech Seed|p1a: Wailord
gen9natdexdraft-2334062445,https://replay.pokemonshowdown.com/gen9natdexdraft-2334062445,48,activate,,,,Wailord,Gliscor,,,,,,,unknown,Protect,,False,False,False,False,False,False,|-activate|p1a: Wailord|move: Protect
gen9natdexdraft-2334062445,https://replay.pokemonshowdown.com/gen9natdexdraft-2334062445,48,unknown,,,,,,,,,,,,unknown,unhandled_event,,False,False,False,False,False,False,|
gen9natdexdraft-2334062445,https://replay.pokemonshowdown.com/gen9natdexdraft-2334062445,48,heal,FluffySingh,Wailord,Gliscor,Wailord,Gliscor,,Poison Heal,,12,78/100 tox,90/100 tox,percent,ability,Poison Heal,False,False,False,False,False,True,|-heal|p1a: Wailord|90/100 tox|[from] ability: Poison Heal
gen9natdexdraft-2334062445,https://replay.pokemonshowdown.com/gen9natdexdraft-2334062445,48,damage,charuzar,unknown,,TUNGTUNGTUNGSAHUR,Shiinotic,,,,12,54/100 tox,42/100 tox,percent,status,poison,False,True,False,False,False,False,|-damage|p2a: TUNGTUNGTUNGSAHUR|42/100 tox|[from] psn
gen9natdexdraft-2334062445,https://replay.pokemonshowdown.com/gen9natdexdraft-2334062445,48,upkeep,,,,,,,,,,,,unknown,unhandled_event,,False,False,False,False,False,False,|upkeep
gen9natdexdraft-2334062445,https://replay.pokemonshowdown.com/gen9natdexdraft-2334062445,49,turn,,,,,,,,,,,,unknown,,49,False,False,False,False,False,False,|turn|49
gen9natdexdraft-2334062445,https://replay.pokemonshowdown.com/gen9natdexdraft-2334062445,49,unknown,,,,,,,,,,,,unknown,unhandled_event,,False,False,False,False,False,False,|
gen9natdexdraft-2334062445,https://replay.pokemonshowdown.com/gen9natdexdraft-2334062445,49,timestamp,,,,,,,,,,,,unknown,,1743645893,False,False,False,False,False,False,|t:|1743645893
gen9natdexdraft-2334062445,https://replay.pokemonshowdown.com/gen9natdexdraft-2334062445,49,switch,FluffySingh,,,Wailord,Weezing-Galar,,,,,,100/100,percent,switch,,False,False,False,False,False,False,"|switch|p1a: Wailord|Weezing-Galar, M|100/100"
gen9natdexdraft-2334062445,https://replay.pokemonshowdown.com/gen9natdexdraft-2334062445,49,move,charuzar,TUNGTUNGTUNGSAHUR,Shiinotic,Wailord,Weezing-Galar,Strength Sap,,,,,,unknown,move,,False,False,False,False,False,False,|move|p2a: TUNGTUNGTUNGSAHUR|Strength Sap|p1a: Wailord
gen9natdexdraft-2334062445,https://replay.pokemonshowdown.com/gen9natdexdraft-2334062445,49,unboost,FluffySingh,TUNGTUNGTUNGSAHUR,Shiinotic,Wailord,Weezing-Galar,,,,-1,,,unknown,atk,,False,False,False,False,False,False,|-unboost|p1a: Wailord|atk|1
gen9natdexdraft-2334062445,https://replay.pokemonshowdown.com/gen9natdexdraft-2334062445,49,heal,charuzar,TUNGTUNGTUNGSAHUR,Shiinotic,TUNGTUNGTUNGSAHUR,Shiinotic,,,,58,42/100 tox,100/100 tox,percent,healing,unknown,False,False,False,False,False,True,|-heal|p2a: TUNGTUNGTUNGSAHUR|100/100 tox
gen9natdexdraft-2334062445,https://replay.pokemonshowdown.com/gen9natdexdraft-2334062445,49,unknown,,,,,,,,,,,,unknown,unhandled_event,,False,False,False,False,False,False,|
gen9natdexdraft-2334062445,https://replay.pokemonshowdown.com/gen9natdexdraft-2334062445,49,damage,charuzar,unknown,,TUNGTUNGTUNGSAHUR,Shiinotic,,,,18,100/100 tox,82/100 tox,percent,status,poison,False,True,False,False,False,False,|-damage|p2a: TUNGTUNGTUNGSAHUR|82/100 tox|[from] psn
gen9natdexdraft-2334062445,https://replay.pokemonshowdown.com/gen9natdexdraft-2334062445,49,upkeep,,,,,,,,,,,,unknown,unhandled_event,,False,False,False,False,False,False,|upkeep
gen9natdexdraft-2334062445,https://replay.pokemonshowdown.com/gen9natdexdraft-2334062445,50,turn,,,,,,,,,,,,unknown,,50,False,False,False,False,False,False,|turn|50
gen9natdexdraft-2334062445,https://replay.pokemonshowdown.com/gen9natdexdraft-2334062445,50,unknown,,,,,,,,,,,,unknown,unhandled_event,,False,False,False,False,False,False,|
gen9natdexdraft-2334062445,https://replay.pokemonshowdown.com/gen9natdexdraft-2334062445,50,timestamp,,,,,,,,,,,,unknown,,1743645910,False,False,False,False,False,False,|t:|1743645910
gen9natdexdraft-2334062445,https://replay.pokemonshowdown.com/gen9natdexdraft-2334062445,50,switch,FluffySingh,,,Wailord,Gliscor,,,,,,90/100 tox,percent,switch,,False,False,False,False,False,False,"|switch|p1a: Wailord|Gliscor, F|90/100 tox"
gen9natdexdraft-2334062445,https://replay.pokemonshowdown.com/gen9natdexdraft-2334062445,50,switch,charuzar,,,B. CROCODILO,Landorus-Therian,,,,,,100/100,percent,switch,,False,False,False,False,False,False,"|switch|p2a: B. CROCODILO|Landorus-Therian, M|100/100"
gen9natdexdraft-2334062445,https://replay.pokemonshowdown.com/gen9natdexdraft-2334062445,50,ability,charuzar,,,B. CROCODILO,Landorus-Therian,,Intimidate,,,,,unknown,,,False,False,False,False,False,False,|-ability|p2a: B. CROCODILO|Intimidate|boost
gen9natdexdraft-2334062445,https://replay.pokemonshowdown.com/gen9natdexdraft-2334062445,50,unboost,FluffySingh,,,Wailord,Gliscor,,,,-1,,,unknown,atk,,False,False,False,False,False,False,|-unboost|p1a: Wailord|atk|1
gen9natdexdraft-2334062445,https://replay.pokemonshowdown.com/gen9natdexdraft-2334062445,50,unknown,,,,,,,,,,,,unknown,unhandled_event,,False,False,False,False,False,False,|
gen9natdexdraft-2334062445,https://replay.pokemonshowdown.com/gen9natdexdraft-2334062445,50,heal,FluffySingh,Wailord,Gliscor,Wailord,Gliscor,,Poison Heal,,10,90/100 tox,100/100 tox,percent,ability,Poison Heal,False,False,False,False,False,True,|-heal|p1a: Wailord|100/100 tox|[from] ability: Poison Heal
gen9natdexdraft-2334062445,https://replay.pokemonshowdown.com/gen9natdexdraft-2334062445,50,upkeep,,,,,,,,,,,,unknown,unhandled_event,,False,False,False,False,False,False,|upkeep
gen9natdexdraft-2334062445,https://replay.pokemonshowdown.com/gen9natdexdraft-2334062445,51,turn,,,,,,,,,,,,unknown,,51,False,False,False,False,False,False,|turn|51
gen9natdexdraft-2334062445,https://replay.pokemonshowdown.com/gen9natdexdraft-2334062445,51,c,,,,,,,,,,,,unknown,unhandled_event, 3ricwh0|Ban wish,False,False,False,False,False,False,|c| 3ricwh0|Ban wish
gen9natdexdraft-2334062445,https://replay.pokemonshowdown.com/gen9natdexdraft-2334062445,51,c,,,,,,,,,,,,unknown,unhandled_event, johnny weest|700 turn banger incoming,False,False,False,False,False,False,|c| johnny weest|700 turn banger incoming
gen9natdexdraft-2334062445,https://replay.pokemonshowdown.com/gen9natdexdraft-2334062445,51,unknown,,,,,,,,,,,,unknown,unhandled_event,,False,False,False,False,False,False,|
gen9natdexdraft-2334062445,https://replay.pokemonshowdown.com/gen9natdexdraft-2334062445,51,timestamp,,,,,,,,,,,,unknown,,1743645980,False,False,False,False,False,False,|t:|1743645980
gen9natdexdraft-2334062445,https://replay.pokemonshowdown.com/gen9natdexdraft-2334062445,51,switch,FluffySingh,,,Wailord,Weezing-Galar,,,,,,100/100,percent,switch,,False,False,False,False,False,False,"|switch|p1a: Wailord|Weezing-Galar, M|100/100"
gen9natdexdraft-2334062445,https://replay.pokemonshowdown.com/gen9natdexdraft-2334062445,51,switch,charuzar,,,TUNGTUNGTUNGSAHUR,Shiinotic,,,,,,82/100 tox,percent,switch,,False,False,False,False,False,False,"|switch|p2a: TUNGTUNGTUNGSAHUR|Shiinotic, F|82/100 tox"
gen9natdexdraft-2334062445,https://replay.pokemonshowdown.com/gen9natdexdraft-2334062445,51,unknown,,,,,,,,,,,,unknown,unhandled_event,,False,False,False,False,False,False,|
gen9natdexdraft-2334062445,https://replay.pokemonshowdown.com/gen9natdexdraft-2334062445,51,damage,charuzar,unknown,,TUNGTUNGTUNGSAHUR,Shiinotic,,,,6,82/100 tox,76/100 tox,percent,status,poison,False,True,False,False,False,False,|-damage|p2a: TUNGTUNGTUNGSAHUR|76/100 tox|[from] psn
gen9natdexdraft-2334062445,https://replay.pokemonshowdown.com/gen9natdexdraft-2334062445,51,upkeep,,,,,,,,,,,,unknown,unhandled_event,,False,False,False,False,False,False,|upkeep
gen9natdexdraft-2334062445,https://replay.pokemonshowdown.com/gen9natdexdraft-2334062445,52,turn,,,,,,,,,,,,unknown,,52,False,False,False,False,False,False,|turn|52
gen9natdexdraft-2334062445,https://replay.pokemonshowdown.com/gen9natdexdraft-2334062445,52,j,,,,,,,,,,,,unknown,unhandled_event, Rzoneflame,False,False,False,False,False,False,|j| Rzoneflame
gen9natdexdraft-2334062445,https://replay.pokemonshowdown.com/gen9natdexdraft-2334062445,52,c,,,,,,,,,,,,unknown,unhandled_event," hydrationdad|if wish is allowed, allow baton pass",False,False,False,False,False,False,"|c| hydrationdad|if wish is allowed, allow baton pass"
gen9natdexdraft-2334062445,https://replay.pokemonshowdown.com/gen9natdexdraft-2334062445,52,unknown,,,,,,,,,,,,unknown,unhandled_event,,False,False,False,False,False,False,|
gen9natdexdraft-2334062445,https://replay.pokemonshowdown.com/gen9natdexdraft-2334062445,52,timestamp,,,,,,,,,,,,unknown,,1743645992,False,False,False,False,False,False,|t:|1743645992
gen9natdexdraft-2334062445,https://replay.pokemonshowdown.com/gen9natdexdraft-2334062445,52,switch,charuzar,,,B. CROCODILO,Landorus-Therian,,,,,,100/100,percent,switch,,False,False,False,False,False,False,"|switch|p2a: B. CROCODILO|Landorus-Therian, M|100/100"
gen9natdexdraft-2334062445,https://replay.pokemonshowdown.com/gen9natdexdraft-2334062445,52,ability,charuzar,,,B. CROCODILO,Landorus-Therian,,Intimidate,,,,,unknown,,,False,False,False,False,False,False,|-ability|p2a: B. CROCODILO|Intimidate|boost
gen9natdexdraft-2334062445,https://replay.pokemonshowdown.com/gen9natdexdraft-2334062445,52,unboost,FluffySingh,,,Wailord,Weezing-Galar,,,,-1,,,unknown,atk,,False,False,False,False,False,False,|-unboost|p1a: Wailord|atk|1
gen9natdexdraft-2334062445,https://replay.pokemonshowdown.com/gen9natdexdraft-2334062445,52,move,FluffySingh,Wailord,Weezing-Galar,B. CROCODILO,Landorus-Therian,Play Rough,,,,,,unknown,move,,False,False,False,False,False,False,|move|p1a: Wailord|Play Rough|p2a: B. CROCODILO
gen9natdexdraft-2334062445,https://replay.pokemonshowdown.com/gen9natdexdraft-2334062445,52,crit,,Wailord,Weezing-Galar,B. CROCODILO,Landorus-Therian,Play Rough,,,,,,unknown,,p2a: B. CROCODILO,False,False,False,False,False,False,|-crit|p2a: B. CROCODILO
gen9natdexdraft-2334062445,https://replay.pokemonshowdown.com/gen9natdexdraft-2334062445,52,damage,charuzar,Wailord,Weezing-Galar,B. CROCODILO,Landorus-Therian,Play Rough,,,33,100/100,67/100,percent,move,Play Rough,True,False,False,False,False,False,|-damage|p2a: B. CROCODILO|67/100
gen9natdexdraft-2334062445,https://replay.pokemonshowdown.com/gen9natdexdraft-2334062445,52,damage,FluffySingh,B. CROCODILO,Landorus-Therian,Wailord,Weezing-Galar,,,Rocky Helmet,16,100/100,84/100,percent,item,Rocky Helmet,False,True,False,False,False,False,|-damage|p1a: Wailord|84/100|[from] item: Rocky Helmet|[of] p2a: B. CROCODILO
gen9natdexdraft-2334062445,https://replay.pokemonshowdown.com/gen9natdexdraft-2334062445,52,unknown,,,,,,,,,,,,unknown,unhandled_event,,False,False,False,False,False,False,|
gen9natdexdraft-2334062445,https://replay.pokemonshowdown.com/gen9natdexdraft-2334062445,52,upkeep,,,,,,,,,,,,unknown,unhandled_event,,False,False,False,False,False,False,|upkeep
gen9natdexdraft-2334062445,https://replay.pokemonshowdown.com/gen9natdexdraft-2334062445,53,turn,,,,,,,,,,,,unknown,,53,False,False,False,False,False,False,|turn|53
gen9natdexdraft-2334062445,https://replay.pokemonshowdown.com/gen9natdexdraft-2334062445,53,unknown,,,,,,,,,,,,unknown,unhandled_event,,False,False,False,False,False,False,|
gen9natdexdraft-2334062445,https://replay.pokemonshowdown.com/gen9natdexdraft-2334062445,53,timestamp,,,,,,,,,,,,unknown,,1743646003,False,False,False,False,False,False,|t:|1743646003
gen9natdexdraft-2334062445,https://replay.pokemonshowdown.com/gen9natdexdraft-2334062445,53,move,charuzar,B. CROCODILO,Landorus-Therian,Wailord,Weezing-Galar,Stealth Rock,,,,,,unknown,move,,False,False,False,False,False,False,|move|p2a: B. CROCODILO|Stealth Rock|p1a: Wailord
gen9natdexdraft-2334062445,https://replay.pokemonshowdown.com/gen9natdexdraft-2334062445,53,sidestart,FluffySingh,B. CROCODILO,Landorus-Therian,,,,,,,,,unknown,Stealth Rock,,False,False,False,False,False,False,|-sidestart|p1: FluffySingh|move: Stealth Rock
gen9natdexdraft-2334062445,https://replay.pokemonshowdown.com/gen9natdexdraft-2334062445,53,move,FluffySingh,Wailord,Weezing-Galar,B. CROCODILO,Landorus-Therian,Will-O-Wisp,,,,,,unknown,move,,False,False,False,False,False,False,|move|p1a: Wailord|Will-O-Wisp|p2a: B. CROCODILO
gen9natdexdraft-2334062445,https://replay.pokemonshowdown.com/gen9natdexdraft-2334062445,53,status,charuzar,Wailord,Weezing-Galar,B. CROCODILO,Landorus-Therian,,,,,,,unknown,move,Will-O-Wisp,False,False,False,False,False,False,|-status|p2a: B. CROCODILO|brn
gen9natdexdraft-2334062445,https://replay.pokemonshowdown.com/gen9natdexdraft-2334062445,53,unknown,,,,,,,,,,,,unknown,unhandled_event,,False,False,False,False,False,False,|
gen9natdexdraft-2334062445,https://replay.pokemonshowdown.com/gen9natdexdraft-2334062445,53,damage,charuzar,Wailord,Weezing-Galar,B. CROCODILO,Landorus-Therian,,,,6,67/100,61/100 brn,percent,status,burn,False,True,False,False,False,False,|-damage|p2a: B. CROCODILO|61/100 brn|[from] brn
gen9natdexdraft-2334062445,https://replay.pokemonshowdown.com/gen9natdexdraft-2334062445,53,upkeep,,,,,,,,,,,,unknown,unhandled_event,,False,False,False,False,False,False,|upkeep
gen9natdexdraft-2334062445,https://replay.pokemonshowdown.com/gen9natdexdraft-2334062445,54,turn,,,,,,,,,,,,unknown,,54,False,False,False,False,False,False,|turn|54
gen9natdexdraft-2334062445,https://replay.pokemonshowdown.com/gen9natdexdraft-2334062445,54,c,,,,,,,,,,,,unknown,unhandled_event, johnny weest|CRIT MATTEREDDDDDDDDDDDD,False,False,False,False,False,False,|c| johnny weest|CRIT MATTEREDDDDDDDDDDDD
gen9natdexdraft-2334062445,https://replay.pokemonshowdown.com/gen9natdexdraft-2334062445,54,c,,,,,,,,,,,,unknown,unhandled_event, johnny weest|yuge,False,False,False,False,False,False,|c| johnny weest|yuge
gen9natdexdraft-2334062445,https://replay.pokemonshowdown.com/gen9natdexdraft-2334062445,54,c,,,,,,,,,,,,unknown,unhandled_event, hydrationdad|HUGE,False,False,False,False,False,False,|c| hydrationdad|HUGE
gen9natdexdraft-2334062445,https://replay.pokemonshowdown.com/gen9natdexdraft-2334062445,54,c,,,,,,,,,,,,unknown,unhandled_event, Rzoneflame|wow,False,False,False,False,False,False,|c| Rzoneflame|wow
gen9natdexdraft-2334062445,https://replay.pokemonshowdown.com/gen9natdexdraft-2334062445,54,unknown,,,,,,,,,,,,unknown,unhandled_event,,False,False,False,False,False,False,|
gen9natdexdraft-2334062445,https://replay.pokemonshowdown.com/gen9natdexdraft-2334062445,54,timestamp,,,,,,,,,,,,unknown,,1743646028,False,False,False,False,False,False,|t:|1743646028
gen9natdexdraft-2334062445,https://replay.pokemonshowdown.com/gen9natdexdraft-2334062445,54,move,charuzar,B. CROCODILO,Landorus-Therian,Wailord,Weezing-Galar,U-turn,,,,,,unknown,move,,False,False,False,False,False,False,|move|p2a: B. CROCODILO|U-turn|p1a: Wailord
gen9natdexdraft-2334062445,https://replay.pokemonshowdown.com/gen9natdexdraft-2334062445,54,resisted,,B. CROCODILO,Landorus-Therian,Wailord,Weezing-Galar,U-turn,,,,,,unknown,,p1a: Wailord,False,False,False,False,False,False,|-resisted|p1a: Wailord
gen9natdexdraft-2334062445,https://replay.pokemonshowdown.com/gen9natdexdraft-2334062445,54,damage,FluffySingh,B. CROCODILO,Landorus-Therian,Wailord,Weezing-Galar,U-turn,,,2,84/100,82/100,percent,move,U-turn,True,False,False,False,False,False,|-damage|p1a: Wailord|82/100
gen9natdexdraft-2334062445,https://replay.pokemonshowdown.com/gen9natdexdraft-2334062445,54,damage,charuzar,Wailord,Weezing-Galar,B. CROCODILO,Landorus-Therian,,,Rocky Helmet,16,61/100 brn,45/100 brn,percent,item,Rocky Helmet,False,True,False,False,False,False,|-damage|p2a: B. CROCODILO|45/100 brn|[from] item: Rocky Helmet|[of] p1a: Wailord
gen9natdexdraft-2334062445,https://replay.pokemonshowdown.com/gen9natdexdraft-2334062445,54,c,,,,,,,,,,,,unknown,unhandled_event, hydrationdad|charu will o wisp is something weezing always runs,False,False,False,False,False,False,|c| hydrationdad|charu will o wisp is something weezing always runs
gen9natdexdraft-2334062445,https://replay.pokemonshowdown.com/gen9natdexdraft-2334062445,54,c,,,,,,,,,,,,unknown,unhandled_event, Rzoneflame|these 54 turns have been a whole lot of nothing,False,False,False,False,False,False,|c| Rzoneflame|these 54 turns have been a whole lot of nothing
gen9natdexdraft-2334062445,https://replay.pokemonshowdown.com/gen9natdexdraft-2334062445,54,unknown,,,,,,,,,,,,unknown,unhandled_event,,False,False,False,False,False,False,|
gen9natdexdraft-2334062445,https://replay.pokemonshowdown.com/gen9natdexdraft-2334062445,54,timestamp,,,,,,,,,,,,unknown,,1743646033,False,False,False,False,False,False,|t:|1743646033
gen9natdexdraft-2334062445,https://replay.pokemonshowdown.com/gen9natdexdraft-2334062445,54,switch,charuzar,,,Rotom-in-Heat,Rotom-Heat,,,,,,61/100,percent,switch,,False,False,False,False,False,False,|switch|p2a: Rotom-in-Heat|Rotom-Heat|61/100|[from] U-turn
gen9natdexdraft-2334062445,https://replay.pokemonshowdown.com/gen9natdexdraft-2334062445,54,move,FluffySingh,Wailord,Weezing-Galar,Rotom-in-Heat,Rotom-Heat,Defog,,,,,,unknown,move,,False,False,False,False,False,False,|move|p1a: Wailord|Defog|p2a: Rotom-in-Heat
gen9natdexdraft-2334062445,https://replay.pokemonshowdown.com/gen9natdexdraft-2334062445,54,unboost,charuzar,Wailord,Weezing-Galar,Rotom-in-Heat,Rotom-Heat,,,,-1,,,unknown,evasion,,False,False,False,False,False,False,|-unboost|p2a: Rotom-in-Heat|evasion|1
gen9natdexdraft-2334062445,https://replay.pokemonshowdown.com/gen9natdexdraft-2334062445,54,sideend,FluffySingh,Wailord,Weezing-Galar,,,,,,,,,unknown,Stealth Rock,B. CROCODILO,False,False,False,False,False,False,|-sideend|p1: FluffySingh|Stealth Rock|[from] move: Defog|[of] p1a: Wailord
gen9natdexdraft-2334062445,https://replay.pokemonshowdown.com/gen9natdexdraft-2334062445,54,unknown,,,,,,,,,,,,unknown,unhandled_event,,False,False,False,False,False,False,|
gen9natdexdraft-2334062445,https://replay.pokemonshowdown.com/gen9natdexdraft-2334062445,54,upkeep,,,,,,,,,,,,unknown,unhandled_event,,False,False,False,False,False,False,|upkeep
gen9natdexdraft-2334062445,https://replay.pokemonshowdown.com/gen9natdexdraft-2334062445,55,turn,,,,,,,,,,,,unknown,,55,False,False,False,False,False,False,|turn|55
gen9natdexdraft-2334062445,https://replay.pokemonshowdown.com/gen9natdexdraft-2334062445,55,c,,,,,,,,,,,,unknown,unhandled_event, hydrationdad|PEAK,False,False,False,False,False,False,|c| hydrationdad|PEAK
gen9natdexdraft-2334062445,https://replay.pokemonshowdown.com/gen9natdexdraft-2334062445,55,unknown,,,,,,,,,,,,unknown,unhandled_event,,False,False,False,False,False,False,|
gen9natdexdraft-2334062445,https://replay.pokemonshowdown.com/gen9natdexdraft-2334062445,55,timestamp,,,,,,,,,,,,unknown,,1743646052,False,False,False,False,False,False,|t:|1743646052
gen9natdexdraft-2334062445,https://replay.pokemonshowdown.com/gen9natdexdraft-2334062445,55,switch,FluffySingh,,,Wailord,Gliscor,,,,,,100/100 tox,percent,switch,,False,False,False,False,False,False,"|switch|p1a: Wailord|Gliscor, F|100/100 tox"
gen9natdexdraft-2334062445,https://replay.pokemonshowdown.com/gen9natdexdraft-2334062445,55,move,charuzar,Rotom-in-Heat,Rotom-Heat,Wailord,Gliscor,Pain Split,,,,,,unknown,move,,False,False,False,False,False,False,|move|p2a: Rotom-in-Heat|Pain Split|p1a: Wailord
gen9natdexdraft-2334062445,https://replay.pokemonshowdown.com/gen9natdexdraft-2334062445,55,-sethp,,,,,,,,,,,,unknown,unhandled_event,p1a: Wailord|77/100 tox|[from] move: Pain Split|[silent],False,False,False,False,False,False,|-sethp|p1a: Wailord|77/100 tox|[from] move: Pain Split|[silent]
gen9natdexdraft-2334062445,https://replay.pokemonshowdown.com/gen9natdexdraft-2334062445,55,-sethp,,,,,,,,,,,,unknown,unhandled_event,p2a: Rotom-in-Heat|89/100|[from] move: Pain Split,False,False,False,False,False,False,|-sethp|p2a: Rotom-in-Heat|89/100|[from] move: Pain Split
gen9natdexdraft-2334062445,https://replay.pokemonshowdown.com/gen9natdexdraft-2334062445,55,unknown,,,,,,,,,,,,unknown,unhandled_event,,False,False,False,False,False,False,|
gen9natdexdraft-2334062445,https://replay.pokemonshowdown.com/gen9natdexdraft-2334062445,55,heal,FluffySingh,Wailord,Gliscor,Wailord,Gliscor,,Poison Heal,,0,100/100 tox,89/100 tox,percent,ability,Poison Heal,False,False,False,False,False,True,|-heal|p1a: Wailord|89/100 tox|[from] ability: Poison Heal
gen9natdexdraft-2334062445,https://replay.pokemonshowdown.com/gen9natdexdraft-2334062445,55,upkeep,,,,,,,,,,,,unknown,unhandled_event,,False,False,False,False,False,False,|upkeep
gen9natdexdraft-2334062445,https://replay.pokemonshowdown.com/gen9natdexdraft-2334062445,56,turn,,,,,,,,,,,,unknown,,56,False,False,False,False,False,False,|turn|56
gen9natdexdraft-2334062445,https://replay.pokemonshowdown.com/gen9natdexdraft-2334062445,56,unknown,,,,,,,,,,,,unknown,unhandled_event,,False,False,False,False,False,False,|
gen9natdexdraft-2334062445,https://replay.pokemonshowdown.com/gen9natdexdraft-2334062445,56,timestamp,,,,,,,,,,,,unknown,,1743646073,False,False,False,False,False,False,|t:|1743646073
gen9natdexdraft-2334062445,https://replay.pokemonshowdown.com/gen9natdexdraft-2334062445,56,switch,FluffySingh,,,Wailord,Weezing-Galar,,,,,,82/100,percent,switch,,False,False,False,False,False,False,"|switch|p1a: Wailord|Weezing-Galar, M|82/100"
gen9natdexdraft-2334062445,https://replay.pokemonshowdown.com/gen9natdexdraft-2334062445,56,switch,charuzar,,,TUNGTUNGTUNGSAHUR,Shiinotic,,,,,,76/100 tox,percent,switch,,False,False,False,False,False,False,"|switch|p2a: TUNGTUNGTUNGSAHUR|Shiinotic, F|76/100 tox"
gen9natdexdraft-2334062445,https://replay.pokemonshowdown.com/gen9natdexdraft-2334062445,56,unknown,,,,,,,,,,,,unknown,unhandled_event,,False,False,False,False,False,False,|
gen9natdexdraft-2334062445,https://replay.pokemonshowdown.com/gen9natdexdraft-2334062445,56,damage,charuzar,unknown,,TUNGTUNGTUNGSAHUR,Shiinotic,,,,6,76/100 tox,70/100 tox,percent,status,poison,False,True,False,False,False,False,|-damage|p2a: TUNGTUNGTUNGSAHUR|70/100 tox|[from] psn
gen9natdexdraft-2334062445,https://replay.pokemonshowdown.com/gen9natdexdraft-2334062445,56,upkeep,,,,,,,,,,,,unknown,unhandled_event,,False,False,False,False,False,False,|upkeep
gen9natdexdraft-2334062445,https://replay.pokemonshowdown.com/gen9natdexdraft-2334062445,57,turn,,,,,,,,,,,,unknown,,57,False,False,False,False,False,False,|turn|57
gen9natdexdraft-2334062445,https://replay.pokemonshowdown.com/gen9natdexdraft-2334062445,57,unknown,,,,,,,,,,,,unknown,unhandled_event,,False,False,False,False,False,False,|
gen9natdexdraft-2334062445,https://replay.pokemonshowdown.com/gen9natdexdraft-2334062445,57,timestamp,,,,,,,,,,,,unknown,,1743646085,False,False,False,False,False,False,|t:|1743646085
gen9natdexdraft-2334062445,https://replay.pokemonshowdown.com/gen9natdexdraft-2334062445,57,switch,charuzar,,,Rotom-in-Heat,Rotom-Heat,,,,,,89/100,percent,switch,,False,False,False,False,False,False,|switch|p2a: Rotom-in-Heat|Rotom-Heat|89/100
gen9natdexdraft-2334062445,https://replay.pokemonshowdown.com/gen9natdexdraft-2334062445,57,move,FluffySingh,Wailord,Weezing-Galar,Rotom-in-Heat,Rotom-Heat,Play Rough,,,,,,unknown,move,,False,False,False,False,False,False,|move|p1a: Wailord|Play Rough|p2a: Rotom-in-Heat
gen9natdexdraft-2334062445,https://replay.pokemonshowdown.com/gen9natdexdraft-2334062445,57,resisted,,Wailord,Weezing-Galar,Rotom-in-Heat,Rotom-Heat,Play Rough,,,,,,unknown,,p2a: Rotom-in-Heat,False,False,False,False,False,False,|-resisted|p2a: Rotom-in-Heat
gen9natdexdraft-2334062445,https://replay.pokemonshowdown.com/gen9natdexdraft-2334062445,57,damage,charuzar,Wailord,Weezing-Galar,Rotom-in-Heat,Rotom-Heat,Play Rough,,,13,89/100,76/100,percent,move,Play Rough,True,False,False,False,False,False,|-damage|p2a: Rotom-in-Heat|76/100
gen9natdexdraft-2334062445,https://replay.pokemonshowdown.com/gen9natdexdraft-2334062445,57,unboost,charuzar,Wailord,Weezing-Galar,Rotom-in-Heat,Rotom-Heat,,,,-1,,,unknown,atk,,False,False,False,False,False,False,|-unboost|p2a: Rotom-in-Heat|atk|1
gen9natdexdraft-2334062445,https://replay.pokemonshowdown.com/gen9natdexdraft-2334062445,57,unknown,,,,,,,,,,,,unknown,unhandled_event,,False,False,False,False,False,False,|
gen9natdexdraft-2334062445,https://replay.pokemonshowdown.com/gen9natdexdraft-2334062445,57,upkeep,,,,,,,,,,,,unknown,unhandled_event,,False,False,False,False,False,False,|upkeep
gen9natdexdraft-2334062445,https://replay.pokemonshowdown.com/gen9natdexdraft-2334062445,58,turn,,,,,,,,,,,,unknown,,58,False,False,False,False,False,False,|turn|58
gen9natdexdraft-2334062445,https://replay.pokemonshowdown.com/gen9natdexdraft-2334062445,58,unknown,,,,,,,,,,,,unknown,unhandled_event,,False,False,False,False,False,False,|
gen9natdexdraft-2334062445,https://replay.pokemonshowdown.com/gen9natdexdraft-2334062445,58,timestamp,,,,,,,,,,,,unknown,,1743646103,False,False,False,False,False,False,|t:|1743646103
gen9natdexdraft-2334062445,https://replay.pokemonshowdown.com/gen9natdexdraft-2334062445,58,switch,FluffySingh,,,Wailord,Gliscor,,,,,,89/100 tox,percent,switch,,False,False,False,False,False,False,"|switch|p1a: Wailord|Gliscor, F|89/100 tox"
gen9natdexdraft-2334062445,https://replay.pokemonshowdown.com/gen9natdexdraft-2334062445,58,move,charuzar,Rotom-in-Heat,Rotom-Heat,Wailord,Gliscor,Volt Switch,,,,,,unknown,move,,False,False,False,False,False,False,|move|p2a: Rotom-in-Heat|Volt Switch|p1a: Wailord
gen9natdexdraft-2334062445,https://replay.pokemonshowdown.com/gen9natdexdraft-2334062445,58,immune,,,,,,,,,,,,unknown,,p1a: Wailord,False,False,False,False,False,False,|-immune|p1a: Wailord
gen9natdexdraft-2334062445,https://replay.pokemonshowdown.com/gen9natdexdraft-2334062445,58,unknown,,,,,,,,,,,,unknown,unhandled_event,,False,False,False,False,False,False,|
gen9natdexdraft-2334062445,https://replay.pokemonshowdown.com/gen9natdexdraft-2334062445,58,heal,FluffySingh,Wailord,Gliscor,Wailord,Gliscor,,Poison Heal,,11,89/100 tox,100/100 tox,percent,ability,Poison Heal,False,False,False,False,False,True,|-heal|p1a: Wailord|100/100 tox|[from] ability: Poison Heal
gen9natdexdraft-2334062445,https://replay.pokemonshowdown.com/gen9natdexdraft-2334062445,58,upkeep,,,,,,,,,,,,unknown,unhandled_event,,False,False,False,False,False,False,|upkeep
gen9natdexdraft-2334062445,https://replay.pokemonshowdown.com/gen9natdexdraft-2334062445,59,turn,,,,,,,,,,,,unknown,,59,False,False,False,False,False,False,|turn|59
gen9natdexdraft-2334062445,https://replay.pokemonshowdown.com/gen9natdexdraft-2334062445,59,unknown,,,,,,,,,,,,unknown,unhandled_event,,False,False,False,False,False,False,|
gen9natdexdraft-2334062445,https://replay.pokemonshowdown.com/gen9natdexdraft-2334062445,59,timestamp,,,,,,,,,,,,unknown,,1743646111,False,False,False,False,False,False,|t:|1743646111
gen9natdexdraft-2334062445,https://replay.pokemonshowdown.com/gen9natdexdraft-2334062445,59,switch,charuzar,,,TUNGTUNGTUNGSAHUR,Shiinotic,,,,,,70/100 tox,percent,switch,,False,False,False,False,False,False,"|switch|p2a: TUNGTUNGTUNGSAHUR|Shiinotic, F|70/100 tox"
gen9natdexdraft-2334062445,https://replay.pokemonshowdown.com/gen9natdexdraft-2334062445,59,move,FluffySingh,Wailord,Gliscor,TUNGTUNGTUNGSAHUR,Shiinotic,Earthquake,,,,,,unknown,move,,False,False,False,False,False,False,|move|p1a: Wailord|Earthquake|p2a: TUNGTUNGTUNGSAHUR
gen9natdexdraft-2334062445,https://replay.pokemonshowdown.com/gen9natdexdraft-2334062445,59,resisted,,Wailord,Gliscor,TUNGTUNGTUNGSAHUR,Shiinotic,Earthquake,,,,,,unknown,,p2a: TUNGTUNGTUNGSAHUR,False,False,False,False,False,False,|-resisted|p2a: TUNGTUNGTUNGSAHUR
gen9natdexdraft-2334062445,https://replay.pokemonshowdown.com/gen9natdexdraft-2334062445,59,damage,charuzar,Wailord,Gliscor,TUNGTUNGTUNGSAHUR,Shiinotic,Earthquake,,,21,70/100 tox,49/100 tox,percent,move,Earthquake,True,False,False,False,False,False,|-damage|p2a: TUNGTUNGTUNGSAHUR|49/100 tox
gen9natdexdraft-2334062445,https://replay.pokemonshowdown.com/gen9natdexdraft-2334062445,59,unknown,,,,,,,,,,,,unknown,unhandled_event,,False,False,False,False,False,False,|
gen9natdexdraft-2334062445,https://replay.pokemonshowdown.com/gen9natdexdraft-2334062445,59,damage,charuzar,unknown,,TUNGTUNGTUNGSAHUR,Shiinotic,,,,6,49/100 tox,43/100 tox,percent,status,poison,False,True,False,False,False,False,|-damage|p2a: TUNGTUNGTUNGSAHUR|43/100 tox|[from] psn
gen9natdexdraft-2334062445,https://replay.pokemonshowdown.com/gen9natdexdraft-2334062445,59,upkeep,,,,,,,,,,,,unknown,unhandled_event,,False,False,False,False,False,False,|upkeep
gen9natdexdraft-2334062445,https://replay.pokemonshowdown.com/gen9natdexdraft-2334062445,60,turn,,,,,,,,,,,,unknown,,60,False,False,False,False,False,False,|turn|60
gen9natdexdraft-2334062445,https://replay.pokemonshowdown.com/gen9natdexdraft-2334062445,60,unknown,,,,,,,,,,,,unknown,unhandled_event,,False,False,False,False,False,False,|
gen9natdexdraft-2334062445,https://replay.pokemonshowdown.com/gen9natdexdraft-2334062445,60,timestamp,,,,,,,,,,,,unknown,,1743646120,False,False,False,False,False,False,|t:|1743646120
gen9natdexdraft-2334062445,https://replay.pokemonshowdown.com/gen9natdexdraft-2334062445,60,switch,FluffySingh,,,Wailord,Weezing-Galar,,,,,,82/100,percent,switch,,False,False,False,False,False,False,"|switch|p1a: Wailord|Weezing-Galar, M|82/100"
gen9natdexdraft-2334062445,https://replay.pokemonshowdown.com/gen9natdexdraft-2334062445,60,move,charuzar,TUNGTUNGTUNGSAHUR,Shiinotic,Wailord,Weezing-Galar,Leech Seed,,,,,,unknown,move,,False,False,False,False,False,False,|move|p2a: TUNGTUNGTUNGSAHUR|Leech Seed|p1a: Wailord
gen9natdexdraft-2334062445,https://replay.pokemonshowdown.com/gen9natdexdraft-2334062445,60,start,,TUNGTUNGTUNGSAHUR,Shiinotic,Wailord,Weezing-Galar,,,,,,,unknown,Leech Seed,,False,False,False,False,False,False,|-start|p1a: Wailord|move: Leech Seed
gen9natdexdraft-2334062445,https://replay.pokemonshowdown.com/gen9natdexdraft-2334062445,60,unknown,,,,,,,,,,,,unknown,unhandled_event,,False,False,False,False,False,False,|
gen9natdexdraft-2334062445,https://replay.pokemonshowdown.com/gen9natdexdraft-2334062445,60,damage,FluffySingh,TUNGTUNGTUNGSAHUR,Shiinotic,Wailord,Weezing-Galar,Leech Seed,,,12,82/100,70/100,percent,move,Leech Seed,False,True,False,False,False,False,|-damage|p1a: Wailord|70/100|[from] Leech Seed|[of] p2a: TUNGTUNGTUNGSAHUR
gen9natdexdraft-2334062445,https://replay.pokemonshowdown.com/gen9natdexdraft-2334062445,60,heal,charuzar,TUNGTUNGTUNGSAHUR,Shiinotic,TUNGTUNGTUNGSAHUR,Shiinotic,,,,12,43/100 tox,55/100 tox,percent,healing,unknown,False,False,False,False,False,True,|-heal|p2a: TUNGTUNGTUNGSAHUR|55/100 tox|[silent]
gen9natdexdraft-2334062445,https://replay.pokemonshowdown.com/gen9natdexdraft-2334062445,60,damage,charuzar,unknown,,TUNGTUNGTUNGSAHUR,Shiinotic,,,,12,55/100 tox,43/100 tox,percent,status,poison,False,True,False,False,False,False,|-damage|p2a: TUNGTUNGTUNGSAHUR|43/100 tox|[from] psn
gen9natdexdraft-2334062445,https://replay.pokemonshowdown.com/gen9natdexdraft-2334062445,60,upkeep,,,,,,,,,,,,unknown,unhandled_event,,False,False,False,False,False,False,|upkeep
gen9natdexdraft-2334062445,https://replay.pokemonshowdown.com/gen9natdexdraft-2334062445,61,turn,,,,,,,,,,,,unknown,,61,False,False,False,False,False,False,|turn|61
gen9natdexdraft-2334062445,https://replay.pokemonshowdown.com/gen9natdexdraft-2334062445,61,unknown,,,,,,,,,,,,unknown,unhandled_event,,False,False,False,False,False,False,|
gen9natdexdraft-2334062445,https://replay.pokemonshowdown.com/gen9natdexdraft-2334062445,61,timestamp,,,,,,,,,,,,unknown,,1743646130,False,False,False,False,False,False,|t:|1743646130
gen9natdexdraft-2334062445,https://replay.pokemonshowdown.com/gen9natdexdraft-2334062445,61,switch,charuzar,,,Rotom-in-Heat,Rotom-Heat,,,,,,76/100,percent,switch,,False,False,False,False,False,False,|switch|p2a: Rotom-in-Heat|Rotom-Heat|76/100
gen9natdexdraft-2334062445,https://replay.pokemonshowdown.com/gen9natdexdraft-2334062445,61,move,FluffySingh,Wailord,Weezing-Galar,Rotom-in-Heat,Rotom-Heat,Defog,,,,,,unknown,move,,False,False,False,False,False,False,|move|p1a: Wailord|Defog|p2a: Rotom-in-Heat
gen9natdexdraft-2334062445,https://replay.pokemonshowdown.com/gen9natdexdraft-2334062445,61,unboost,charuzar,Wailord,Weezing-Galar,Rotom-in-Heat,Rotom-Heat,,,,-1,,,unknown,evasion,,False,False,False,False,False,False,|-unboost|p2a: Rotom-in-Heat|evasion|1
gen9natdexdraft-2334062445,https://replay.pokemonshowdown.com/gen9natdexdraft-2334062445,61,unknown,,,,,,,,,,,,unknown,unhandled_event,,False,False,False,False,False,False,|
gen9natdexdraft-2334062445,https://replay.pokemonshowdown.com/gen9natdexdraft-2334062445,61,damage,FluffySingh,Rotom-in-Heat,Rotom-Heat,Wailord,Weezing-Galar,Leech Seed,,,12,70/100,58/100,percent,move,Leech Seed,False,True,False,False,False,False,|-damage|p1a: Wailord|58/100|[from] Leech Seed|[of] p2a: Rotom-in-Heat
gen9natdexdraft-2334062445,https://replay.pokemonshowdown.com/gen9natdexdraft-2334062445,61,heal,charuzar,Rotom-in-Heat,Rotom-Heat,Rotom-in-Heat,Rotom-Heat,,,,13,76/100,89/100,percent,healing,unknown,False,False,False,False,False,True,|-heal|p2a: Rotom-in-Heat|89/100|[silent]
gen9natdexdraft-2334062445,https://replay.pokemonshowdown.com/gen9natdexdraft-2334062445,61,upkeep,,,,,,,,,,,,unknown,unhandled_event,,False,False,False,False,False,False,|upkeep
gen9natdexdraft-2334062445,https://replay.pokemonshowdown.com/gen9natdexdraft-2334062445,62,turn,,,,,,,,,,,,unknown,,62,False,False,False,False,False,False,|turn|62
gen9natdexdraft-2334062445,https://replay.pokemonshowdown.com/gen9natdexdraft-2334062445,62,unknown,,,,,,,,,,,,unknown,unhandled_event,,False,False,False,False,False,False,|
gen9natdexdraft-2334062445,https://replay.pokemonshowdown.com/gen9natdexdraft-2334062445,62,timestamp,,,,,,,,,,,,unknown,,1743646146,False,False,False,False,False,False,|t:|1743646146
gen9natdexdraft-2334062445,https://replay.pokemonshowdown.com/gen9natdexdraft-2334062445,62,switch,FluffySingh,,,Wailord,Gliscor,,,,,,100/100 tox,percent,switch,,False,False,False,False,False,False,"|switch|p1a: Wailord|Gliscor, F|100/100 tox"
gen9natdexdraft-2334062445,https://replay.pokemonshowdown.com/gen9natdexdraft-2334062445,62,move,charuzar,Rotom-in-Heat,Rotom-Heat,Wailord,Gliscor,Overheat,,,,,,unknown,move,,False,False,False,False,False,False,|move|p2a: Rotom-in-Heat|Overheat|p1a: Wailord
gen9natdexdraft-2334062445,https://replay.pokemonshowdown.com/gen9natdexdraft-2334062445,62,damage,FluffySingh,Rotom-in-Heat,Rotom-Heat,Wailord,Gliscor,Overheat,,,43,100/100 tox,57/100 tox,percent,move,Overheat,True,False,False,False,False,False,|-damage|p1a: Wailord|57/100 tox
gen9natdexdraft-2334062445,https://replay.pokemonshowdown.com/gen9natdexdraft-2334062445,62,unboost,charuzar,Rotom-in-Heat,Rotom-Heat,Rotom-in-Heat,Rotom-Heat,,,,-2,,,unknown,spa,,False,False,False,False,False,False,|-unboost|p2a: Rotom-in-Heat|spa|2
gen9natdexdraft-2334062445,https://replay.pokemonshowdown.com/gen9natdexdraft-2334062445,62,unknown,,,,,,,,,,,,unknown,unhandled_event,,False,False,False,False,False,False,|
gen9natdexdraft-2334062445,https://replay.pokemonshowdown.com/gen9natdexdraft-2334062445,62,heal,FluffySingh,Wailord,Gliscor,Wailord,Gliscor,,Poison Heal,,13,57/100 tox,70/100 tox,percent,ability,Poison Heal,False,False,False,False,False,True,|-heal|p1a: Wailord|70/100 tox|[from] ability: Poison Heal
gen9natdexdraft-2334062445,https://replay.pokemonshowdown.com/gen9natdexdraft-2334062445,62,upkeep,,,,,,,,,,,,unknown,unhandled_event,,False,False,False,False,False,False,|upkeep
gen9natdexdraft-2334062445,https://replay.pokemonshowdown.com/gen9natdexdraft-2334062445,63,turn,,,,,,,,,,,,unknown,,63,False,False,False,False,False,False,|turn|63
gen9natdexdraft-2334062445,https://replay.pokemonshowdown.com/gen9natdexdraft-2334062445,63,unknown,,,,,,,,,,,,unknown,unhandled_event,,False,False,False,False,False,False,|
gen9natdexdraft-2334062445,https://replay.pokemonshowdown.com/gen9natdexdraft-2334062445,63,timestamp,,,,,,,,,,,,unknown,,1743646165,False,False,False,False,False,False,|t:|1743646165
gen9natdexdraft-2334062445,https://replay.pokemonshowdown.com/gen9natdexdraft-2334062445,63,switch,charuzar,,,TRULIMEROTRULICINA,Scream Tail,,,,,,100/100,percent,switch,,False,False,False,False,False,False,|switch|p2a: TRULIMEROTRULICINA|Scream Tail|100/100
gen9natdexdraft-2334062445,https://replay.pokemonshowdown.com/gen9natdexdraft-2334062445,63,move,FluffySingh,Wailord,Gliscor,,,Protect,,,,,,unknown,move,,False,False,False,False,False,False,|move|p1a: Wailord|Protect||[still]
gen9natdexdraft-2334062445,https://replay.pokemonshowdown.com/gen9natdexdraft-2334062445,63,fail,,,,,,,,,,,,unknown,,p1a: Wailord,False,False,False,False,False,False,|-fail|p1a: Wailord
gen9natdexdraft-2334062445,https://replay.pokemonshowdown.com/gen9natdexdraft-2334062445,63,unknown,,,,,,,,,,,,unknown,unhandled_event,,False,False,False,False,False,False,|
gen9natdexdraft-2334062445,https://replay.pokemonshowdown.com/gen9natdexdraft-2334062445,63,heal,FluffySingh,Wailord,Gliscor,Wailord,Gliscor,,Poison Heal,,12,70/100 tox,82/100 tox,percent,ability,Poison Heal,False,False,False,False,False,True,|-heal|p1a: Wailord|82/100 tox|[from] ability: Poison Heal
gen9natdexdraft-2334062445,https://replay.pokemonshowdown.com/gen9natdexdraft-2334062445,63,upkeep,,,,,,,,,,,,unknown,unhandled_event,,False,False,False,False,False,False,|upkeep
gen9natdexdraft-2334062445,https://replay.pokemonshowdown.com/gen9natdexdraft-2334062445,64,turn,,,,,,,,,,,,unknown,,64,False,False,False,False,False,False,|turn|64
gen9natdexdraft-2334062445,https://replay.pokemonshowdown.com/gen9natdexdraft-2334062445,64,unknown,,,,,,,,,,,,unknown,unhandled_event,,False,False,False,False,False,False,|
gen9natdexdraft-2334062445,https://replay.pokemonshowdown.com/gen9natdexdraft-2334062445,64,timestamp,,,,,,,,,,,,unknown,,1743646175,False,False,False,False,False,False,|t:|1743646175
gen9natdexdraft-2334062445,https://replay.pokemonshowdown.com/gen9natdexdraft-2334062445,64,end,,,,TRULIMEROTRULICINA,Scream Tail,,,,,,,unknown,Protosynthesis,,False,False,False,False,False,False,|-end|p2a: TRULIMEROTRULICINA|Protosynthesis|[silent]
gen9natdexdraft-2334062445,https://replay.pokemonshowdown.com/gen9natdexdraft-2334062445,64,switch,charuzar,,,TUNGTUNGTUNGSAHUR,Shiinotic,,,,,,43/100 tox,percent,switch,,False,False,False,False,False,False,"|switch|p2a: TUNGTUNGTUNGSAHUR|Shiinotic, F|43/100 tox"
gen9natdexdraft-2334062445,https://replay.pokemonshowdown.com/gen9natdexdraft-2334062445,64,move,FluffySingh,Wailord,Gliscor,TUNGTUNGTUNGSAHUR,Shiinotic,Toxic,,,,,,unknown,move,,False,False,False,False,False,False,|move|p1a: Wailord|Toxic|p2a: TUNGTUNGTUNGSAHUR|[miss]
gen9natdexdraft-2334062445,https://replay.pokemonshowdown.com/gen9natdexdraft-2334062445,64,miss,,Wailord,Gliscor,TUNGTUNGTUNGSAHUR,Shiinotic,Toxic,,,,,,unknown,,,False,False,False,False,False,False,|-miss|p1a: Wailord|p2a: TUNGTUNGTUNGSAHUR
gen9natdexdraft-2334062445,https://replay.pokemonshowdown.com/gen9natdexdraft-2334062445,64,unknown,,,,,,,,,,,,unknown,unhandled_event,,False,False,False,False,False,False,|
gen9natdexdraft-2334062445,https://replay.pokemonshowdown.com/gen9natdexdraft-2334062445,64,heal,FluffySingh,Wailord,Gliscor,Wailord,Gliscor,,Poison Heal,,13,82/100 tox,95/100 tox,percent,ability,Poison Heal,False,False,False,False,False,True,|-heal|p1a: Wailord|95/100 tox|[from] ability: Poison Heal
gen9natdexdraft-2334062445,https://replay.pokemonshowdown.com/gen9natdexdraft-2334062445,64,damage,charuzar,unknown,,TUNGTUNGTUNGSAHUR,Shiinotic,,,,6,43/100 tox,37/100 tox,percent,status,poison,False,True,False,False,False,False,|-damage|p2a: TUNGTUNGTUNGSAHUR|37/100 tox|[from] psn
gen9natdexdraft-2334062445,https://replay.pokemonshowdown.com/gen9natdexdraft-2334062445,64,upkeep,,,,,,,,,,,,unknown,unhandled_event,,False,False,False,False,False,False,|upkeep
gen9natdexdraft-2334062445,https://replay.pokemonshowdown.com/gen9natdexdraft-2334062445,65,turn,,,,,,,,,,,,unknown,,65,False,False,False,False,False,False,|turn|65
gen9natdexdraft-2334062445,https://replay.pokemonshowdown.com/gen9natdexdraft-2334062445,65,unknown,,,,,,,,,,,,unknown,unhandled_event,,False,False,False,False,False,False,|
gen9natdexdraft-2334062445,https://replay.pokemonshowdown.com/gen9natdexdraft-2334062445,65,timestamp,,,,,,,,,,,,unknown,,1743646185,False,False,False,False,False,False,|t:|1743646185
gen9natdexdraft-2334062445,https://replay.pokemonshowdown.com/gen9natdexdraft-2334062445,65,move,FluffySingh,Wailord,Gliscor,TUNGTUNGTUNGSAHUR,Shiinotic,Earthquake,,,,,,unknown,move,,False,False,False,False,False,False,|move|p1a: Wailord|Earthquake|p2a: TUNGTUNGTUNGSAHUR
gen9natdexdraft-2334062445,https://replay.pokemonshowdown.com/gen9natdexdraft-2334062445,65,resisted,,Wailord,Gliscor,TUNGTUNGTUNGSAHUR,Shiinotic,Earthquake,,,,,,unknown,,p2a: TUNGTUNGTUNGSAHUR,False,False,False,False,False,False,|-resisted|p2a: TUNGTUNGTUNGSAHUR
gen9natdexdraft-2334062445,https://replay.pokemonshowdown.com/gen9natdexdraft-2334062445,65,damage,charuzar,Wailord,Gliscor,TUNGTUNGTUNGSAHUR,Shiinotic,Earthquake,,,20,37/100 tox,17/100 tox,percent,move,Earthquake,True,False,False,False,False,False,|-damage|p2a: TUNGTUNGTUNGSAHUR|17/100 tox
gen9natdexdraft-2334062445,https://replay.pokemonshowdown.com/gen9natdexdraft-2334062445,65,move,charuzar,TUNGTUNGTUNGSAHUR,Shiinotic,Wailord,Gliscor,Strength Sap,,,,,,unknown,move,,False,False,False,False,False,False,|move|p2a: TUNGTUNGTUNGSAHUR|Strength Sap|p1a: Wailord
gen9natdexdraft-2334062445,https://replay.pokemonshowdown.com/gen9natdexdraft-2334062445,65,unboost,FluffySingh,TUNGTUNGTUNGSAHUR,Shiinotic,Wailord,Gliscor,,,,-1,,,unknown,atk,,False,False,False,False,False,False,|-unboost|p1a: Wailord|atk|1
gen9natdexdraft-2334062445,https://replay.pokemonshowdown.com/gen9natdexdraft-2334062445,65,heal,charuzar,TUNGTUNGTUNGSAHUR,Shiinotic,TUNGTUNGTUNGSAHUR,Shiinotic,,,,70,17/100 tox,87/100 tox,percent,healing,unknown,False,False,False,False,False,True,|-heal|p2a: TUNGTUNGTUNGSAHUR|87/100 tox
gen9natdexdraft-2334062445,https://replay.pokemonshowdown.com/gen9natdexdraft-2334062445,65,unknown,,,,,,,,,,,,unknown,unhandled_event,,False,False,False,False,False,False,|
gen9natdexdraft-2334062445,https://replay.pokemonshowdown.com/gen9natdexdraft-2334062445,65,heal,FluffySingh,Wailord,Gliscor,Wailord,Gliscor,,Poison Heal,,5,95/100 tox,100/100 tox,percent,ability,Poison Heal,False,False,False,False,False,True,|-heal|p1a: Wailord|100/100 tox|[from] ability: Poison Heal
gen9natdexdraft-2334062445,https://replay.pokemonshowdown.com/gen9natdexdraft-2334062445,65,damage,charuzar,unknown,,TUNGTUNGTUNGSAHUR,Shiinotic,,,,13,87/100 tox,74/100 tox,percent,status,poison,False,True,False,False,False,False,|-damage|p2a: TUNGTUNGTUNGSAHUR|74/100 tox|[from] psn
gen9natdexdraft-2334062445,https://replay.pokemonshowdown.com/gen9natdexdraft-2334062445,65,upkeep,,,,,,,,,,,,unknown,unhandled_event,,False,False,False,False,False,False,|upkeep
gen9natdexdraft-2334062445,https://replay.pokemonshowdown.com/gen9natdexdraft-2334062445,66,turn,,,,,,,,,,,,unknown,,66,False,False,False,False,False,False,|turn|66
gen9natdexdraft-2334062445,https://replay.pokemonshowdown.com/gen9natdexdraft-2334062445,66,c,,,,,,,,,,,,unknown,unhandled_event, johnny weest|truly,False,False,False,False,False,False,|c| johnny weest|truly
gen9natdexdraft-2334062445,https://replay.pokemonshowdown.com/gen9natdexdraft-2334062445,66,c,,,,,,,,,,,,unknown,unhandled_event, Rzoneflame|theres no way this shit is gonna go until pp,False,False,False,False,False,False,|c| Rzoneflame|theres no way this shit is gonna go until pp
gen9natdexdraft-2334062445,https://replay.pokemonshowdown.com/gen9natdexdraft-2334062445,66,c,,,,,,,,,,,,unknown,unhandled_event, johnny weest|a game of all time,False,False,False,False,False,False,|c| johnny weest|a game of all time
gen9natdexdraft-2334062445,https://replay.pokemonshowdown.com/gen9natdexdraft-2334062445,66,unknown,,,,,,,,,,,,unknown,unhandled_event,,False,False,False,False,False,False,|
gen9natdexdraft-2334062445,https://replay.pokemonshowdown.com/gen9natdexdraft-2334062445,66,timestamp,,,,,,,,,,,,unknown,,1743646200,False,False,False,False,False,False,|t:|1743646200
gen9natdexdraft-2334062445,https://replay.pokemonshowdown.com/gen9natdexdraft-2334062445,66,switch,FluffySingh,,,Wailord,Weezing-Galar,,,,,,58/100,percent,switch,,False,False,False,False,False,False,"|switch|p1a: Wailord|Weezing-Galar, M|58/100"
gen9natdexdraft-2334062445,https://replay.pokemonshowdown.com/gen9natdexdraft-2334062445,66,switch,charuzar,,,B. CROCODILO,Landorus-Therian,,,,,,45/100 brn,percent,switch,,False,False,False,False,False,False,"|switch|p2a: B. CROCODILO|Landorus-Therian, M|45/100 brn"
gen9natdexdraft-2334062445,https://replay.pokemonshowdown.com/gen9natdexdraft-2334062445,66,ability,charuzar,,,B. CROCODILO,Landorus-Therian,,Intimidate,,,,,unknown,,,False,False,False,False,False,False,|-ability|p2a: B. CROCODILO|Intimidate|boost
gen9natdexdraft-2334062445,https://replay.pokemonshowdown.com/gen9natdexdraft-2334062445,66,unboost,FluffySingh,,,Wailord,Weezing-Galar,,,,-1,,,unknown,atk,,False,False,False,False,False,False,|-unboost|p1a: Wailord|atk|1
gen9natdexdraft-2334062445,https://replay.pokemonshowdown.com/gen9natdexdraft-2334062445,66,unknown,,,,,,,,,,,,unknown,unhandled_event,,False,False,False,False,False,False,|
gen9natdexdraft-2334062445,https://replay.pokemonshowdown.com/gen9natdexdraft-2334062445,66,damage,charuzar,Wailord,Weezing-Galar,B. CROCODILO,Landorus-Therian,,,,6,45/100 brn,39/100 brn,percent,status,burn,False,True,False,False,False,False,|-damage|p2a: B. CROCODILO|39/100 brn|[from] brn
gen9natdexdraft-2334062445,https://replay.pokemonshowdown.com/gen9natdexdraft-2334062445,66,upkeep,,,,,,,,,,,,unknown,unhandled_event,,False,False,False,False,False,False,|upkeep
gen9natdexdraft-2334062445,https://replay.pokemonshowdown.com/gen9natdexdraft-2334062445,67,turn,,,,,,,,,,,,unknown,,67,False,False,False,False,False,False,|turn|67
gen9natdexdraft-2334062445,https://replay.pokemonshowdown.com/gen9natdexdraft-2334062445,67,unknown,,,,,,,,,,,,unknown,unhandled_event,,False,False,False,False,False,False,|
gen9natdexdraft-2334062445,https://replay.pokemonshowdown.com/gen9natdexdraft-2334062445,67,timestamp,,,,,,,,,,,,unknown,,1743646216,False,False,False,False,False,False,|t:|1743646216
gen9natdexdraft-2334062445,https://replay.pokemonshowdown.com/gen9natdexdraft-2334062445,67,switch,FluffySingh,,,Wailord,Gliscor,,,,,,100/100 tox,percent,switch,,False,False,False,False,False,False,"|switch|p1a: Wailord|Gliscor, F|100/100 tox"
gen9natdexdraft-2334062445,https://replay.pokemonshowdown.com/gen9natdexdraft-2334062445,67,move,charuzar,B. CROCODILO,Landorus-Therian,Wailord,Gliscor,Stealth Rock,,,,,,unknown,move,,False,False,False,False,False,False,|move|p2a: B. CROCODILO|Stealth Rock|p1a: Wailord
gen9natdexdraft-2334062445,https://replay.pokemonshowdown.com/gen9natdexdraft-2334062445,67,sidestart,FluffySingh,B. CROCODILO,Landorus-Therian,,,,,,,,,unknown,Stealth Rock,,False,False,False,False,False,False,|-sidestart|p1: FluffySingh|move: Stealth Rock
gen9natdexdraft-2334062445,https://replay.pokemonshowdown.com/gen9natdexdraft-2334062445,67,unknown,,,,,,,,,,,,unknown,unhandled_event,,False,False,False,False,False,False,|
gen9natdexdraft-2334062445,https://replay.pokemonshowdown.com/gen9natdexdraft-2334062445,67,damage,charuzar,Wailord,Weezing-Galar,B. CROCODILO,Landorus-Therian,,,,6,39/100 brn,33/100 brn,percent,status,burn,False,True,False,False,False,False,|-damage|p2a: B. CROCODILO|33/100 brn|[from] brn
gen9natdexdraft-2334062445,https://replay.pokemonshowdown.com/gen9natdexdraft-2334062445,67,upkeep,,,,,,,,,,,,unknown,unhandled_event,,False,False,False,False,False,False,|upkeep
gen9natdexdraft-2334062445,https://replay.pokemonshowdown.com/gen9natdexdraft-2334062445,68,turn,,,,,,,,,,,,unknown,,68,False,False,False,False,False,False,|turn|68
gen9natdexdraft-2334062445,https://replay.pokemonshowdown.com/gen9natdexdraft-2334062445,68,c,,,,,,,,,,,,unknown,unhandled_event, 3ricwh0|this is very entertaining,False,False,False,False,False,False,|c| 3ricwh0|this is very entertaining
gen9natdexdraft-2334062445,https://replay.pokemonshowdown.com/gen9natdexdraft-2334062445,68,unknown,,,,,,,,,,,,unknown,unhandled_event,,False,False,False,False,False,False,|
gen9natdexdraft-2334062445,https://replay.pokemonshowdown.com/gen9natdexdraft-2334062445,68,timestamp,,,,,,,,,,,,unknown,,1743646239,False,False,False,False,False,False,|t:|1743646239
gen9natdexdraft-2334062445,https://replay.pokemonshowdown.com/gen9natdexdraft-2334062445,68,switch,FluffySingh,,,Wailord,Weezing-Galar,,,,,,58/100,percent,switch,,False,False,False,False,False,False,"|switch|p1a: Wailord|Weezing-Galar, M|58/100"
gen9natdexdraft-2334062445,https://replay.pokemonshowdown.com/gen9natdexdraft-2334062445,68,damage,FluffySingh,B. CROCODILO,Landorus-Therian,Wailord,Weezing-Galar,Stealth Rock,,,13,58/100,45/100,percent,hazard,Stealth Rock,False,True,True,False,False,False,|-damage|p1a: Wailord|45/100|[from] Stealth Rock
gen9natdexdraft-2334062445,https://replay.pokemonshowdown.com/gen9natdexdraft-2334062445,68,switch,charuzar,,,TUNGTUNGTUNGSAHUR,Shiinotic,,,,,,74/100 tox,percent,switch,,False,False,False,False,False,False,"|switch|p2a: TUNGTUNGTUNGSAHUR|Shiinotic, F|74/100 tox"
gen9natdexdraft-2334062445,https://replay.pokemonshowdown.com/gen9natdexdraft-2334062445,68,unknown,,,,,,,,,,,,unknown,unhandled_event,,False,False,False,False,False,False,|
gen9natdexdraft-2334062445,https://replay.pokemonshowdown.com/gen9natdexdraft-2334062445,68,damage,charuzar,unknown,,TUNGTUNGTUNGSAHUR,Shiinotic,,,,6,74/100 tox,68/100 tox,percent,status,poison,False,True,False,False,False,False,|-damage|p2a: TUNGTUNGTUNGSAHUR|68/100 tox|[from] psn
gen9natdexdraft-2334062445,https://replay.pokemonshowdown.com/gen9natdexdraft-2334062445,68,upkeep,,,,,,,,,,,,unknown,unhandled_event,,False,False,False,False,False,False,|upkeep
gen9natdexdraft-2334062445,https://replay.pokemonshowdown.com/gen9natdexdraft-2334062445,69,turn,,,,,,,,,,,,unknown,,69,False,False,False,False,False,False,|turn|69
gen9natdexdraft-2334062445,https://replay.pokemonshowdown.com/gen9natdexdraft-2334062445,69,unknown,,,,,,,,,,,,unknown,unhandled_event,,False,False,False,False,False,False,|
gen9natdexdraft-2334062445,https://replay.pokemonshowdown.com/gen9natdexdraft-2334062445,69,timestamp,,,,,,,,,,,,unknown,,1743646252,False,False,False,False,False,False,|t:|1743646252
gen9natdexdraft-2334062445,https://replay.pokemonshowdown.com/gen9natdexdraft-2334062445,69,switch,charuzar,,,TRALALERO TRALALA,Gallade-Mega,,,,,,100/100,percent,switch,,False,False,False,False,False,False,"|switch|p2a: TRALALERO TRALALA|Gallade-Mega, M|100/100"
gen9natdexdraft-2334062445,https://replay.pokemonshowdown.com/gen9natdexdraft-2334062445,69,move,FluffySingh,Wailord,Weezing-Galar,TRALALERO TRALALA,Gallade-Mega,Pain Split,,,,,,unknown,move,,False,False,False,False,False,False,|move|p1a: Wailord|Pain Split|p2a: TRALALERO TRALALA
gen9natdexdraft-2334062445,https://replay.pokemonshowdown.com/gen9natdexdraft-2334062445,69,-sethp,,,,,,,,,,,,unknown,unhandled_event,p2a: TRALALERO TRALALA|77/100|[from] move: Pain Split|[silent],False,False,False,False,False,False,|-sethp|p2a: TRALALERO TRALALA|77/100|[from] move: Pain Split|[silent]
gen9natdexdraft-2334062445,https://replay.pokemonshowdown.com/gen9natdexdraft-2334062445,69,-sethp,,,,,,,,,,,,unknown,unhandled_event,p1a: Wailord|64/100|[from] move: Pain Split,False,False,False,False,False,False,|-sethp|p1a: Wailord|64/100|[from] move: Pain Split
gen9natdexdraft-2334062445,https://replay.pokemonshowdown.com/gen9natdexdraft-2334062445,69,unknown,,,,,,,,,,,,unknown,unhandled_event,,False,False,False,False,False,False,|
gen9natdexdraft-2334062445,https://replay.pokemonshowdown.com/gen9natdexdraft-2334062445,69,upkeep,,,,,,,,,,,,unknown,unhandled_event,,False,False,False,False,False,False,|upkeep
gen9natdexdraft-2334062445,https://replay.pokemonshowdown.com/gen9natdexdraft-2334062445,70,turn,,,,,,,,,,,,unknown,,70,False,False,False,False,False,False,|turn|70
gen9natdexdraft-2334062445,https://replay.pokemonshowdown.com/gen9natdexdraft-2334062445,70,unknown,,,,,,,,,,,,unknown,unhandled_event,,False,False,False,False,False,False,|
gen9natdexdraft-2334062445,https://replay.pokemonshowdown.com/gen9natdexdraft-2334062445,70,timestamp,,,,,,,,,,,,unknown,,1743646284,False,False,False,False,False,False,|t:|1743646284
gen9natdexdraft-2334062445,https://replay.pokemonshowdown.com/gen9natdexdraft-2334062445,70,switch,FluffySingh,,,Wailord,Uxie,,,,,,58/100 par,percent,switch,,False,False,False,False,False,False,|switch|p1a: Wailord|Uxie|58/100 par
gen9natdexdraft-2334062445,https://replay.pokemonshowdown.com/gen9natdexdraft-2334062445,70,damage,FluffySingh,B. CROCODILO,Landorus-Therian,Wailord,Uxie,Stealth Rock,,,12,58/100 par,46/100 par,percent,hazard,Stealth Rock,False,True,True,False,False,False,|-damage|p1a: Wailord|46/100 par|[from] Stealth Rock
gen9natdexdraft-2334062445,https://replay.pokemonshowdown.com/gen9natdexdraft-2334062445,70,move,charuzar,TRALALERO TRALALA,Gallade-Mega,Wailord,Uxie,Zen Headbutt,,,,,,unknown,move,,False,False,False,False,False,False,|move|p2a: TRALALERO TRALALA|Zen Headbutt|p1a: Wailord
gen9natdexdraft-2334062445,https://replay.pokemonshowdown.com/gen9natdexdraft-2334062445,70,resisted,,TRALALERO TRALALA,Gallade-Mega,Wailord,Uxie,Zen Headbutt,,,,,,unknown,,p1a: Wailord,False,False,False,False,False,False,|-resisted|p1a: Wailord
gen9natdexdraft-2334062445,https://replay.pokemonshowdown.com/gen9natdexdraft-2334062445,70,damage,FluffySingh,TRALALERO TRALALA,Gallade-Mega,Wailord,Uxie,Zen Headbutt,,,15,46/100 par,31/100 par,percent,move,Zen Headbutt,True,False,False,False,False,False,|-damage|p1a: Wailord|31/100 par
gen9natdexdraft-2334062445,https://replay.pokemonshowdown.com/gen9natdexdraft-2334062445,70,unknown,,,,,,,,,,,,unknown,unhandled_event,,False,False,False,False,False,False,|
gen9natdexdraft-2334062445,https://replay.pokemonshowdown.com/gen9natdexdraft-2334062445,70,heal,FluffySingh,Wailord,Uxie,Wailord,Uxie,,,Leftovers,7,31/100 par,38/100 par,percent,item,Leftovers,False,False,False,False,False,True,|-heal|p1a: Wailord|38/100 par|[from] item: Leftovers
gen9natdexdraft-2334062445,https://replay.pokemonshowdown.com/gen9natdexdraft-2334062445,70,upkeep,,,,,,,,,,,,unknown,unhandled_event,,False,False,False,False,False,False,|upkeep
gen9natdexdraft-2334062445,https://replay.pokemonshowdown.com/gen9natdexdraft-2334062445,71,turn,,,,,,,,,,,,unknown,,71,False,False,False,False,False,False,|turn|71
gen9natdexdraft-2334062445,https://replay.pokemonshowdown.com/gen9natdexdraft-2334062445,71,unknown,,,,,,,,,,,,unknown,unhandled_event,,False,False,False,False,False,False,|
gen9natdexdraft-2334062445,https://replay.pokemonshowdown.com/gen9natdexdraft-2334062445,71,timestamp,,,,,,,,,,,,unknown,,1743646299,False,False,False,False,False,False,|t:|1743646299
gen9natdexdraft-2334062445,https://replay.pokemonshowdown.com/gen9natdexdraft-2334062445,71,switch,charuzar,,,B. CROCODILO,Landorus-Therian,,,,,,33/100 brn,percent,switch,,False,False,False,False,False,False,"|switch|p2a: B. CROCODILO|Landorus-Therian, M|33/100 brn"
gen9natdexdraft-2334062445,https://replay.pokemonshowdown.com/gen9natdexdraft-2334062445,71,ability,charuzar,,,B. CROCODILO,Landorus-Therian,,Intimidate,,,,,unknown,,,False,False,False,False,False,False,|-ability|p2a: B. CROCODILO|Intimidate|boost
gen9natdexdraft-2334062445,https://replay.pokemonshowdown.com/gen9natdexdraft-2334062445,71,unboost,FluffySingh,,,Wailord,Uxie,,,,-1,,,unknown,atk,,False,False,False,False,False,False,|-unboost|p1a: Wailord|atk|1
gen9natdexdraft-2334062445,https://replay.pokemonshowdown.com/gen9natdexdraft-2334062445,71,cant,,,,,,,,,,,,unknown,unhandled_event,p1a: Wailord|par,False,False,False,False,False,False,|cant|p1a: Wailord|par
gen9natdexdraft-2334062445,https://replay.pokemonshowdown.com/gen9natdexdraft-2334062445,71,unknown,,,,,,,,,,,,unknown,unhandled_event,,False,False,False,False,False,False,|
gen9natdexdraft-2334062445,https://replay.pokemonshowdown.com/gen9natdexdraft-2334062445,71,heal,FluffySingh,Wailord,Uxie,Wailord,Uxie,,,Leftovers,6,38/100 par,44/100 par,percent,item,Leftovers,False,False,False,False,False,True,|-heal|p1a: Wailord|44/100 par|[from] item: Leftovers
gen9natdexdraft-2334062445,https://replay.pokemonshowdown.com/gen9natdexdraft-2334062445,71,damage,charuzar,Wailord,Weezing-Galar,B. CROCODILO,Landorus-Therian,,,,6,33/100 brn,27/100 brn,percent,status,burn,False,True,False,False,False,False,|-damage|p2a: B. CROCODILO|27/100 brn|[from] brn
gen9natdexdraft-2334062445,https://replay.pokemonshowdown.com/gen9natdexdraft-2334062445,71,upkeep,,,,,,,,,,,,unknown,unhandled_event,,False,False,False,False,False,False,|upkeep
gen9natdexdraft-2334062445,https://replay.pokemonshowdown.com/gen9natdexdraft-2334062445,72,turn,,,,,,,,,,,,unknown,,72,False,False,False,False,False,False,|turn|72
gen9natdexdraft-2334062445,https://replay.pokemonshowdown.com/gen9natdexdraft-2334062445,72,unknown,,,,,,,,,,,,unknown,unhandled_event,,False,False,False,False,False,False,|
gen9natdexdraft-2334062445,https://replay.pokemonshowdown.com/gen9natdexdraft-2334062445,72,timestamp,,,,,,,,,,,,unknown,,1743646312,False,False,False,False,False,False,|t:|1743646312
gen9natdexdraft-2334062445,https://replay.pokemonshowdown.com/gen9natdexdraft-2334062445,72,switch,FluffySingh,,,Wailord,Weezing-Galar,,,,,,64/100,percent,switch,,False,False,False,False,False,False,"|switch|p1a: Wailord|Weezing-Galar, M|64/100"
gen9natdexdraft-2334062445,https://replay.pokemonshowdown.com/gen9natdexdraft-2334062445,72,damage,FluffySingh,B. CROCODILO,Landorus-Therian,Wailord,Weezing-Galar,Stealth Rock,,,12,64/100,52/100,percent,hazard,Stealth Rock,False,True,True,False,False,False,|-damage|p1a: Wailord|52/100|[from] Stealth Rock
gen9natdexdraft-2334062445,https://replay.pokemonshowdown.com/gen9natdexdraft-2334062445,72,move,charuzar,B. CROCODILO,Landorus-Therian,Wailord,Weezing-Galar,U-turn,,,,,,unknown,move,,False,False,False,False,False,False,|move|p2a: B. CROCODILO|U-turn|p1a: Wailord
gen9natdexdraft-2334062445,https://replay.pokemonshowdown.com/gen9natdexdraft-2334062445,72,resisted,,B. CROCODILO,Landorus-Therian,Wailord,Weezing-Galar,U-turn,,,,,,unknown,,p1a: Wailord,False,False,False,False,False,False,|-resisted|p1a: Wailord
gen9natdexdraft-2334062445,https://replay.pokemonshowdown.com/gen9natdexdraft-2334062445,72,damage,FluffySingh,B. CROCODILO,Landorus-Therian,Wailord,Weezing-Galar,U-turn,,,2,52/100,50/100,percent,move,U-turn,True,False,False,False,False,False,|-damage|p1a: Wailord|50/100
gen9natdexdraft-2334062445,https://replay.pokemonshowdown.com/gen9natdexdraft-2334062445,72,damage,charuzar,Wailord,Weezing-Galar,B. CROCODILO,Landorus-Therian,,,Rocky Helmet,17,27/100 brn,10/100 brn,percent,item,Rocky Helmet,False,True,False,False,False,False,|-damage|p2a: B. CROCODILO|10/100 brn|[from] item: Rocky Helmet|[of] p1a: Wailord
gen9natdexdraft-2334062445,https://replay.pokemonshowdown.com/gen9natdexdraft-2334062445,72,unknown,,,,,,,,,,,,unknown,unhandled_event,,False,False,False,False,False,False,|
gen9natdexdraft-2334062445,https://replay.pokemonshowdown.com/gen9natdexdraft-2334062445,72,timestamp,,,,,,,,,,,,unknown,,1743646321,False,False,False,False,False,False,|t:|1743646321
gen9natdexdraft-2334062445,https://replay.pokemonshowdown.com/gen9natdexdraft-2334062445,72,switch,charuzar,,,TRALALERO TRALALA,Gallade-Mega,,,,,,77/100,percent,switch,,False,False,False,False,False,False,"|switch|p2a: TRALALERO TRALALA|Gallade-Mega, M|77/100|[from] U-turn"
gen9natdexdraft-2334062445,https://replay.pokemonshowdown.com/gen9natdexdraft-2334062445,72,unknown,,,,,,,,,,,,unknown,unhandled_event,,False,False,False,False,False,False,|
gen9natdexdraft-2334062445,https://replay.pokemonshowdown.com/gen9natdexdraft-2334062445,72,upkeep,,,,,,,,,,,,unknown,unhandled_event,,False,False,False,False,False,False,|upkeep
gen9natdexdraft-2334062445,https://replay.pokemonshowdown.com/gen9natdexdraft-2334062445,73,turn,,,,,,,,,,,,unknown,,73,False,False,False,False,False,False,|turn|73
gen9natdexdraft-2334062445,https://replay.pokemonshowdown.com/gen9natdexdraft-2334062445,73,l,,,,,,,,,,,,unknown,unhandled_event, hydrationdad,False,False,False,False,False,False,|l| hydrationdad
gen9natdexdraft-2334062445,https://replay.pokemonshowdown.com/gen9natdexdraft-2334062445,73,j,,,,,,,,,,,,unknown,unhandled_event, hydrationdad,False,False,False,False,False,False,|j| hydrationdad
gen9natdexdraft-2334062445,https://replay.pokemonshowdown.com/gen9natdexdraft-2334062445,73,unknown,,,,,,,,,,,,unknown,unhandled_event,,False,False,False,False,False,False,|
gen9natdexdraft-2334062445,https://replay.pokemonshowdown.com/gen9natdexdraft-2334062445,73,timestamp,,,,,,,,,,,,unknown,,1743646507,False,False,False,False,False,False,|t:|1743646507
gen9natdexdraft-2334062445,https://replay.pokemonshowdown.com/gen9natdexdraft-2334062445,73,switch,FluffySingh,,,Wailord,Uxie,,,,,,44/100 par,percent,switch,,False,False,False,False,False,False,|switch|p1a: Wailord|Uxie|44/100 par
gen9natdexdraft-2334062445,https://replay.pokemonshowdown.com/gen9natdexdraft-2334062445,73,damage,FluffySingh,B. CROCODILO,Landorus-Therian,Wailord,Uxie,Stealth Rock,,,13,44/100 par,31/100 par,percent,hazard,Stealth Rock,False,True,True,False,False,False,|-damage|p1a: Wailord|31/100 par|[from] Stealth Rock
gen9natdexdraft-2334062445,https://replay.pokemonshowdown.com/gen9natdexdraft-2334062445,73,move,charuzar,TRALALERO TRALALA,Gallade-Mega,Wailord,Uxie,Zen Headbutt,,,,,,unknown,move,,False,False,False,False,False,False,|move|p2a: TRALALERO TRALALA|Zen Headbutt|p1a: Wailord
gen9natdexdraft-2334062445,https://replay.pokemonshowdown.com/gen9natdexdraft-2334062445,73,resisted,,TRALALERO TRALALA,Gallade-Mega,Wailord,Uxie,Zen Headbutt,,,,,,unknown,,p1a: Wailord,False,False,False,False,False,False,|-resisted|p1a: Wailord
gen9natdexdraft-2334062445,https://replay.pokemonshowdown.com/gen9natdexdraft-2334062445,73,damage,FluffySingh,TRALALERO TRALALA,Gallade-Mega,Wailord,Uxie,Zen Headbutt,,,15,31/100 par,16/100 par,percent,move,Zen Headbutt,True,False,False,False,False,False,|-damage|p1a: Wailord|16/100 par
gen9natdexdraft-2334062445,https://replay.pokemonshowdown.com/gen9natdexdraft-2334062445,73,unknown,,,,,,,,,,,,unknown,unhandled_event,,False,False,False,False,False,False,|
gen9natdexdraft-2334062445,https://replay.pokemonshowdown.com/gen9natdexdraft-2334062445,73,heal,FluffySingh,Wailord,Uxie,Wailord,Uxie,,,Leftovers,6,16/100 par,22/100 par,percent,item,Leftovers,False,False,False,False,False,True,|-heal|p1a: Wailord|22/100 par|[from] item: Leftovers
gen9natdexdraft-2334062445,https://replay.pokemonshowdown.com/gen9natdexdraft-2334062445,73,upkeep,,,,,,,,,,,,unknown,unhandled_event,,False,False,False,False,False,False,|upkeep
gen9natdexdraft-2334062445,https://replay.pokemonshowdown.com/gen9natdexdraft-2334062445,74,turn,,,,,,,,,,,,unknown,,74,False,False,False,False,False,False,|turn|74
gen9natdexdraft-2334062445,https://replay.pokemonshowdown.com/gen9natdexdraft-2334062445,74,unknown,,,,,,,,,,,,unknown,unhandled_event,,False,False,False,False,False,False,|
gen9natdexdraft-2334062445,https://replay.pokemonshowdown.com/gen9natdexdraft-2334062445,74,timestamp,,,,,,,,,,,,unknown,,1743646531,False,False,False,False,False,False,|t:|1743646531
gen9natdexdraft-2334062445,https://replay.pokemonshowdown.com/gen9natdexdraft-2334062445,74,move,charuzar,TRALALERO TRALALA,Gallade-Mega,Wailord,Uxie,Triple Axel,,,,,,unknown,move,,False,False,False,False,False,False,|move|p2a: TRALALERO TRALALA|Triple Axel|p1a: Wailord
gen9natdexdraft-2334062445,https://replay.pokemonshowdown.com/gen9natdexdraft-2334062445,74,damage,FluffySingh,TRALALERO TRALALA,Gallade-Mega,Wailord,Uxie,Triple Axel,,,5,22/100 par,17/100 par,percent,move,Triple Axel,True,False,False,False,False,False,|-damage|p1a: Wailord|17/100 par
gen9natdexdraft-2334062445,https://replay.pokemonshowdown.com/gen9natdexdraft-2334062445,74,damage,FluffySingh,TRALALERO TRALALA,Gallade-Mega,Wailord,Uxie,Triple Axel,,,9,17/100 par,8/100 par,percent,move,Triple Axel,True,False,False,False,False,False,|-damage|p1a: Wailord|8/100 par
gen9natdexdraft-2334062445,https://replay.pokemonshowdown.com/gen9natdexdraft-2334062445,74,damage,FluffySingh,TRALALERO TRALALA,Gallade-Mega,Wailord,Uxie,Triple Axel,,,8,8/100 par,0 fnt,percent,move,Triple Axel,True,False,False,False,False,False,|-damage|p1a: Wailord|0 fnt
gen9natdexdraft-2334062445,https://replay.pokemonshowdown.com/gen9natdexdraft-2334062445,74,faint,FluffySingh,TRALALERO TRALALA,Gallade-Mega,Wailord,Uxie,Triple Axel,,,,,,unknown,move,Triple Axel,True,False,False,False,False,False,|faint|p1a: Wailord
gen9natdexdraft-2334062445,https://replay.pokemonshowdown.com/gen9natdexdraft-2334062445,74,hitcount,,,,,,,,,3,,,unknown,,,False,False,False,False,False,False,|-hitcount|p1: Wailord|3
gen9natdexdraft-2334062445,https://replay.pokemonshowdown.com/gen9natdexdraft-2334062445,74,unknown,,,,,,,,,,,,unknown,unhandled_event,,False,False,False,False,False,False,|
gen9natdexdraft-2334062445,https://replay.pokemonshowdown.com/gen9natdexdraft-2334062445,74,upkeep,,,,,,,,,,,,unknown,unhandled_event,,False,False,False,False,False,False,|upkeep
gen9natdexdraft-2334062445,https://replay.pokemonshowdown.com/gen9natdexdraft-2334062445,74,unknown,,,,,,,,,,,,unknown,unhandled_event,,False,False,False,False,False,False,|
gen9natdexdraft-2334062445,https://replay.pokemonshowdown.com/gen9natdexdraft-2334062445,74,timestamp,,,,,,,,,,,,unknown,,1743646540,False,False,False,False,False,False,|t:|1743646540
gen9natdexdraft-2334062445,https://replay.pokemonshowdown.com/gen9natdexdraft-2334062445,74,switch,FluffySingh,,,Wailord,Latios,,,,,,71/100,percent,switch,,False,False,False,False,False,False,"|switch|p1a: Wailord|Latios, M|71/100"
gen9natdexdraft-2334062445,https://replay.pokemonshowdown.com/gen9natdexdraft-2334062445,74,damage,FluffySingh,B. CROCODILO,Landorus-Therian,Wailord,Latios,Stealth Rock,,,13,71/100,58/100,percent,hazard,Stealth Rock,False,True,True,False,False,False,|-damage|p1a: Wailord|58/100|[from] Stealth Rock
gen9natdexdraft-2334062445,https://replay.pokemonshowdown.com/gen9natdexdraft-2334062445,75,turn,,,,,,,,,,,,unknown,,75,False,False,False,False,False,False,|turn|75
gen9natdexdraft-2334062445,https://replay.pokemonshowdown.com/gen9natdexdraft-2334062445,75,c,,,,,,,,,,,,unknown,unhandled_event, johnny weest|turn 74 first death,False,False,False,False,False,False,|c| johnny weest|turn 74 first death
gen9natdexdraft-2334062445,https://replay.pokemonshowdown.com/gen9natdexdraft-2334062445,75,c,,,,,,,,,,,,unknown,unhandled_event, johnny weest|new record,False,False,False,False,False,False,|c| johnny weest|new record
gen9natdexdraft-2334062445,https://replay.pokemonshowdown.com/gen9natdexdraft-2334062445,75,unknown,,,,,,,,,,,,unknown,unhandled_event,,False,False,False,False,False,False,|
gen9natdexdraft-2334062445,https://replay.pokemonshowdown.com/gen9natdexdraft-2334062445,75,timestamp,,,,,,,,,,,,unknown,,1743646600,False,False,False,False,False,False,|t:|1743646600
gen9natdexdraft-2334062445,https://replay.pokemonshowdown.com/gen9natdexdraft-2334062445,75,switch,charuzar,,,B. CROCODILO,Landorus-Therian,,,,,,10/100 brn,percent,switch,,False,False,False,False,False,False,"|switch|p2a: B. CROCODILO|Landorus-Therian, M|10/100 brn"
gen9natdexdraft-2334062445,https://replay.pokemonshowdown.com/gen9natdexdraft-2334062445,75,ability,charuzar,,,B. CROCODILO,Landorus-Therian,,Intimidate,,,,,unknown,,,False,False,False,False,False,False,|-ability|p2a: B. CROCODILO|Intimidate|boost
gen9natdexdraft-2334062445,https://replay.pokemonshowdown.com/gen9natdexdraft-2334062445,75,unboost,FluffySingh,,,Wailord,Latios,,,,-1,,,unknown,atk,,False,False,False,False,False,False,|-unboost|p1a: Wailord|atk|1
gen9natdexdraft-2334062445,https://replay.pokemonshowdown.com/gen9natdexdraft-2334062445,75,move,FluffySingh,Wailord,Latios,B. CROCODILO,Landorus-Therian,Shadow Ball,,,,,,unknown,move,,False,False,False,False,False,False,|move|p1a: Wailord|Shadow Ball|p2a: B. CROCODILO
gen9natdexdraft-2334062445,https://replay.pokemonshowdown.com/gen9natdexdraft-2334062445,75,damage,charuzar,Wailord,Latios,B. CROCODILO,Landorus-Therian,Shadow Ball,,,10,10/100 brn,0 fnt,percent,move,Shadow Ball,True,False,False,False,False,False,|-damage|p2a: B. CROCODILO|0 fnt
gen9natdexdraft-2334062445,https://replay.pokemonshowdown.com/gen9natdexdraft-2334062445,75,faint,charuzar,Wailord,Latios,B. CROCODILO,Landorus-Therian,Shadow Ball,,,,,,unknown,move,Shadow Ball,True,False,False,False,False,False,|faint|p2a: B. CROCODILO
gen9natdexdraft-2334062445,https://replay.pokemonshowdown.com/gen9natdexdraft-2334062445,75,damage,FluffySingh,Wailord,Latios,Wailord,Latios,,,Life Orb,10,58/100,48/100,percent,item,Life Orb,False,True,False,True,True,False,|-damage|p1a: Wailord|48/100|[from] item: Life Orb
gen9natdexdraft-2334062445,https://replay.pokemonshowdown.com/gen9natdexdraft-2334062445,75,unknown,,,,,,,,,,,,unknown,unhandled_event,,False,False,False,False,False,False,|
gen9natdexdraft-2334062445,https://replay.pokemonshowdown.com/gen9natdexdraft-2334062445,75,upkeep,,,,,,,,,,,,unknown,unhandled_event,,False,False,False,False,False,False,|upkeep
gen9natdexdraft-2334062445,https://replay.pokemonshowdown.com/gen9natdexdraft-2334062445,75,unknown,,,,,,,,,,,,unknown,unhandled_event,,False,False,False,False,False,False,|
gen9natdexdraft-2334062445,https://replay.pokemonshowdown.com/gen9natdexdraft-2334062445,75,timestamp,,,,,,,,,,,,unknown,,1743646618,False,False,False,False,False,False,|t:|1743646618
gen9natdexdraft-2334062445,https://replay.pokemonshowdown.com/gen9natdexdraft-2334062445,75,switch,charuzar,,,TRULIMEROTRULICINA,Scream Tail,,,,,,100/100,percent,switch,,False,False,False,False,False,False,|switch|p2a: TRULIMEROTRULICINA|Scream Tail|100/100
gen9natdexdraft-2334062445,https://replay.pokemonshowdown.com/gen9natdexdraft-2334062445,76,turn,,,,,,,,,,,,unknown,,76,False,False,False,False,False,False,|turn|76
gen9natdexdraft-2334062445,https://replay.pokemonshowdown.com/gen9natdexdraft-2334062445,76,unknown,,,,,,,,,,,,unknown,unhandled_event,,False,False,False,False,False,False,|
gen9natdexdraft-2334062445,https://replay.pokemonshowdown.com/gen9natdexdraft-2334062445,76,timestamp,,,,,,,,,,,,unknown,,1743646623,False,False,False,False,False,False,|t:|1743646623
gen9natdexdraft-2334062445,https://replay.pokemonshowdown.com/gen9natdexdraft-2334062445,76,switch,FluffySingh,,,Wailord,Vaporeon,,,,,,88/100 par,percent,switch,,False,False,False,False,False,False,"|switch|p1a: Wailord|Vaporeon, F|88/100 par"
gen9natdexdraft-2334062445,https://replay.pokemonshowdown.com/gen9natdexdraft-2334062445,76,damage,FluffySingh,B. CROCODILO,Landorus-Therian,Wailord,Vaporeon,Stealth Rock,,,13,88/100 par,75/100 par,percent,hazard,Stealth Rock,False,True,True,False,False,False,|-damage|p1a: Wailord|75/100 par|[from] Stealth Rock
gen9natdexdraft-2334062445,https://replay.pokemonshowdown.com/gen9natdexdraft-2334062445,76,move,charuzar,TRULIMEROTRULICINA,Scream Tail,TRULIMEROTRULICINA,Scream Tail,Wish,,,,,,unknown,move,,False,False,False,False,False,False,|move|p2a: TRULIMEROTRULICINA|Wish|p2a: TRULIMEROTRULICINA
gen9natdexdraft-2334062445,https://replay.pokemonshowdown.com/gen9natdexdraft-2334062445,76,unknown,,,,,,,,,,,,unknown,unhandled_event,,False,False,False,False,False,False,|
gen9natdexdraft-2334062445,https://replay.pokemonshowdown.com/gen9natdexdraft-2334062445,76,heal,FluffySingh,Wailord,Vaporeon,Wailord,Vaporeon,,,Leftovers,7,75/100 par,82/100 par,percent,item,Leftovers,False,False,False,False,False,True,|-heal|p1a: Wailord|82/100 par|[from] item: Leftovers
gen9natdexdraft-2334062445,https://replay.pokemonshowdown.com/gen9natdexdraft-2334062445,76,upkeep,,,,,,,,,,,,unknown,unhandled_event,,False,False,False,False,False,False,|upkeep
gen9natdexdraft-2334062445,https://replay.pokemonshowdown.com/gen9natdexdraft-2334062445,77,turn,,,,,,,,,,,,unknown,,77,False,False,False,False,False,False,|turn|77
gen9natdexdraft-2334062445,https://replay.pokemonshowdown.com/gen9natdexdraft-2334062445,77,unknown,,,,,,,,,,,,unknown,unhandled_event,,False,False,False,False,False,False,|
gen9natdexdraft-2334062445,https://replay.pokemonshowdown.com/gen9natdexdraft-2334062445,77,timestamp,,,,,,,,,,,,unknown,,1743646640,False,False,False,False,False,False,|t:|1743646640
gen9natdexdraft-2334062445,https://replay.pokemonshowdown.com/gen9natdexdraft-2334062445,77,end,,,,TRULIMEROTRULICINA,Scream Tail,,,,,,,unknown,Protosynthesis,,False,False,False,False,False,False,|-end|p2a: TRULIMEROTRULICINA|Protosynthesis|[silent]
gen9natdexdraft-2334062445,https://replay.pokemonshowdown.com/gen9natdexdraft-2334062445,77,switch,charuzar,,,LIRILÌ LARILÀ,Overqwil,,,,,,29/100,percent,switch,,False,False,False,False,False,False,"|switch|p2a: LIRILÌ LARILÀ|Overqwil, F|29/100"
gen9natdexdraft-2334062445,https://replay.pokemonshowdown.com/gen9natdexdraft-2334062445,77,ability,charuzar,,,LIRILÌ LARILÀ,Overqwil,,Intimidate,,,,,unknown,,,False,False,False,False,False,False,|-ability|p2a: LIRILÌ LARILÀ|Intimidate|boost
gen9natdexdraft-2334062445,https://replay.pokemonshowdown.com/gen9natdexdraft-2334062445,77,unboost,FluffySingh,,,Wailord,Vaporeon,,,,-1,,,unknown,atk,,False,False,False,False,False,False,|-unboost|p1a: Wailord|atk|1
gen9natdexdraft-2334062445,https://replay.pokemonshowdown.com/gen9natdexdraft-2334062445,77,move,FluffySingh,Wailord,Vaporeon,Wailord,Vaporeon,Wish,,,,,,unknown,move,,False,False,False,False,False,False,|move|p1a: Wailord|Wish|p1a: Wailord
gen9natdexdraft-2334062445,https://replay.pokemonshowdown.com/gen9natdexdraft-2334062445,77,unknown,,,,,,,,,,,,unknown,unhandled_event,,False,False,False,False,False,False,|
gen9natdexdraft-2334062445,https://replay.pokemonshowdown.com/gen9natdexdraft-2334062445,77,heal,charuzar,TRULIMEROTRULICINA,Scream Tail,LIRILÌ LARILÀ,Overqwil,Wish,,,63,29/100,92/100,percent,move,Wish,False,False,False,False,False,True,|-heal|p2a: LIRILÌ LARILÀ|92/100|[from] move: Wish|[wisher] TRULIMEROTRULICINA
gen9natdexdraft-2334062445,https://replay.pokemonshowdown.com/gen9natdexdraft-2334062445,77,heal,FluffySingh,Wailord,Vaporeon,Wailord,Vaporeon,,,Leftovers,6,82/100 par,88/100 par,percent,item,Leftovers,False,False,False,False,False,True,|-heal|p1a: Wailord|88/100 par|[from] item: Leftovers
gen9natdexdraft-2334062445,https://replay.pokemonshowdown.com/gen9natdexdraft-2334062445,77,upkeep,,,,,,,,,,,,unknown,unhandled_event,,False,False,False,False,False,False,|upkeep
gen9natdexdraft-2334062445,https://replay.pokemonshowdown.com/gen9natdexdraft-2334062445,78,turn,,,,,,,,,,,,unknown,,78,False,False,False,False,False,False,|turn|78
gen9natdexdraft-2334062445,https://replay.pokemonshowdown.com/gen9natdexdraft-2334062445,78,c,,,,,,,,,,,,unknown,unhandled_event, AlphaSingh|Charu u can wrap it up,False,False,False,False,False,False,|c| AlphaSingh|Charu u can wrap it up
gen9natdexdraft-2334062445,https://replay.pokemonshowdown.com/gen9natdexdraft-2334062445,78,j,,,,,,,,,,,,unknown,unhandled_event, MrPokemon3345,False,False,False,False,False,False,|j| MrPokemon3345
gen9natdexdraft-2334062445,https://replay.pokemonshowdown.com/gen9natdexdraft-2334062445,78,c,,,,,,,,,,,,unknown,unhandled_event, AlphaSingh|FF,False,False,False,False,False,False,|c| AlphaSingh|FF
gen9natdexdraft-2334062445,https://replay.pokemonshowdown.com/gen9natdexdraft-2334062445,78,unknown,,,,,,,,,,,,unknown,unhandled_event,,False,False,False,False,False,False,|
gen9natdexdraft-2334062445,https://replay.pokemonshowdown.com/gen9natdexdraft-2334062445,78,timestamp,,,,,,,,,,,,unknown,,1743646714,False,False,False,False,False,False,|t:|1743646714
gen9natdexdraft-2334062445,https://replay.pokemonshowdown.com/gen9natdexdraft-2334062445,78,switch,FluffySingh,,,Wailord,Weezing-Galar,,,,,,50/100,percent,switch,,False,False,False,False,False,False,"|switch|p1a: Wailord|Weezing-Galar, M|50/100"
gen9natdexdraft-2334062445,https://replay.pokemonshowdown.com/gen9natdexdraft-2334062445,78,damage,FluffySingh,B. CROCODILO,Landorus-Therian,Wailord,Weezing-Galar,Stealth Rock,,,12,50/100,38/100,percent,hazard,Stealth Rock,False,True,True,False,False,False,|-damage|p1a: Wailord|38/100|[from] Stealth Rock
gen9natdexdraft-2334062445,https://replay.pokemonshowdown.com/gen9natdexdraft-2334062445,78,move,charuzar,LIRILÌ LARILÀ,Overqwil,Wailord,Weezing-Galar,Throat Chop,,,,,,unknown,move,,False,False,False,False,False,False,|move|p2a: LIRILÌ LARILÀ|Throat Chop|p1a: Wailord
gen9natdexdraft-2334062445,https://replay.pokemonshowdown.com/gen9natdexdraft-2334062445,78,resisted,,LIRILÌ LARILÀ,Overqwil,Wailord,Weezing-Galar,Throat Chop,,,,,,unknown,,p1a: Wailord,False,False,False,False,False,False,|-resisted|p1a: Wailord
gen9natdexdraft-2334062445,https://replay.pokemonshowdown.com/gen9natdexdraft-2334062445,78,damage,FluffySingh,LIRILÌ LARILÀ,Overqwil,Wailord,Weezing-Galar,Throat Chop,,,10,38/100,28/100,percent,move,Throat Chop,True,False,False,False,False,False,|-damage|p1a: Wailord|28/100
gen9natdexdraft-2334062445,https://replay.pokemonshowdown.com/gen9natdexdraft-2334062445,78,start,,LIRILÌ LARILÀ,Overqwil,Wailord,Weezing-Galar,,,,,,,unknown,Throat Chop,,False,False,False,False,False,False,|-start|p1a: Wailord|Throat Chop|[silent]
gen9natdexdraft-2334062445,https://replay.pokemonshowdown.com/gen9natdexdraft-2334062445,78,damage,charuzar,Wailord,Weezing-Galar,LIRILÌ LARILÀ,Overqwil,,,Rocky Helmet,17,92/100,75/100,percent,item,Rocky Helmet,False,True,False,False,False,False,|-damage|p2a: LIRILÌ LARILÀ|75/100|[from] item: Rocky Helmet|[of] p1a: Wailord
gen9natdexdraft-2334062445,https://replay.pokemonshowdown.com/gen9natdexdraft-2334062445,78,unknown,,,,,,,,,,,,unknown,unhandled_event,,False,False,False,False,False,False,|
gen9natdexdraft-2334062445,https://replay.pokemonshowdown.com/gen9natdexdraft-2334062445,78,heal,FluffySingh,Wailord,Vaporeon,Wailord,Weezing-Galar,Wish,,,69,28/100,97/100,percent,move,Wish,False,False,False,False,False,True,|-heal|p1a: Wailord|97/100|[from] move: Wish|[wisher] Wailord
gen9natdexdraft-2334062445,https://replay.pokemonshowdown.com/gen9natdexdraft-2334062445,78,upkeep,,,,,,,,,,,,unknown,unhandled_event,,False,False,False,False,False,False,|upkeep
gen9natdexdraft-2334062445,https://replay.pokemonshowdown.com/gen9natdexdraft-2334062445,79,turn,,,,,,,,,,,,unknown,,79,False,False,False,False,False,False,|turn|79
gen9natdexdraft-2334062445,https://replay.pokemonshowdown.com/gen9natdexdraft-2334062445,79,unknown,,,,,,,,,,,,unknown,unhandled_event,,False,False,False,False,False,False,|
gen9natdexdraft-2334062445,https://replay.pokemonshowdown.com/gen9natdexdraft-2334062445,79,timestamp,,,,,,,,,,,,unknown,,1743646731,False,False,False,False,False,False,|t:|1743646731
gen9natdexdraft-2334062445,https://replay.pokemonshowdown.com/gen9natdexdraft-2334062445,79,switch,charuzar,,,TRULIMEROTRULICINA,Scream Tail,,,,,,100/100,percent,switch,,False,False,False,False,False,False,|switch|p2a: TRULIMEROTRULICINA|Scream Tail|100/100
gen9natdexdraft-2334062445,https://replay.pokemonshowdown.com/gen9natdexdraft-2334062445,79,move,FluffySingh,Wailord,Weezing-Galar,TRULIMEROTRULICINA,Scream Tail,Defog,,,,,,unknown,move,,False,False,False,False,False,False,|move|p1a: Wailord|Defog|p2a: TRULIMEROTRULICINA
gen9natdexdraft-2334062445,https://replay.pokemonshowdown.com/gen9natdexdraft-2334062445,79,unboost,charuzar,Wailord,Weezing-Galar,TRULIMEROTRULICINA,Scream Tail,,,,-1,,,unknown,evasion,,False,False,False,False,False,False,|-unboost|p2a: TRULIMEROTRULICINA|evasion|1
gen9natdexdraft-2334062445,https://replay.pokemonshowdown.com/gen9natdexdraft-2334062445,79,sideend,FluffySingh,Wailord,Weezing-Galar,,,,,,,,,unknown,Stealth Rock,B. CROCODILO,False,False,False,False,False,False,|-sideend|p1: FluffySingh|Stealth Rock|[from] move: Defog|[of] p1a: Wailord
gen9natdexdraft-2334062445,https://replay.pokemonshowdown.com/gen9natdexdraft-2334062445,79,unknown,,,,,,,,,,,,unknown,unhandled_event,,False,False,False,False,False,False,|
gen9natdexdraft-2334062445,https://replay.pokemonshowdown.com/gen9natdexdraft-2334062445,79,end,,,,Wailord,Weezing-Galar,,,,,,,unknown,Throat Chop,,False,False,False,False,False,False,|-end|p1a: Wailord|Throat Chop|[silent]
gen9natdexdraft-2334062445,https://replay.pokemonshowdown.com/gen9natdexdraft-2334062445,79,upkeep,,,,,,,,,,,,unknown,unhandled_event,,False,False,False,False,False,False,|upkeep
gen9natdexdraft-2334062445,https://replay.pokemonshowdown.com/gen9natdexdraft-2334062445,80,turn,,,,,,,,,,,,unknown,,80,False,False,False,False,False,False,|turn|80
gen9natdexdraft-2334062445,https://replay.pokemonshowdown.com/gen9natdexdraft-2334062445,80,l,,,,,,,,,,,,unknown,unhandled_event, MrPokemon3345,False,False,False,False,False,False,|l| MrPokemon3345
gen9natdexdraft-2334062445,https://replay.pokemonshowdown.com/gen9natdexdraft-2334062445,80,unknown,,,,,,,,,,,,unknown,unhandled_event,,False,False,False,False,False,False,|
gen9natdexdraft-2334062445,https://replay.pokemonshowdown.com/gen9natdexdraft-2334062445,80,timestamp,,,,,,,,,,,,unknown,,1743646747,False,False,False,False,False,False,|t:|1743646747
gen9natdexdraft-2334062445,https://replay.pokemonshowdown.com/gen9natdexdraft-2334062445,80,switch,FluffySingh,,,Wailord,Vaporeon,,,,,,88/100 par,percent,switch,,False,False,False,False,False,False,"|switch|p1a: Wailord|Vaporeon, F|88/100 par"
gen9natdexdraft-2334062445,https://replay.pokemonshowdown.com/gen9natdexdraft-2334062445,80,move,charuzar,TRULIMEROTRULICINA,Scream Tail,Wailord,Vaporeon,Psychic Noise,,,,,,unknown,move,,False,False,False,False,False,False,|move|p2a: TRULIMEROTRULICINA|Psychic Noise|p1a: Wailord
gen9natdexdraft-2334062445,https://replay.pokemonshowdown.com/gen9natdexdraft-2334062445,80,damage,FluffySingh,TRULIMEROTRULICINA,Scream Tail,Wailord,Vaporeon,Psychic Noise,,,10,88/100 par,78/100 par,percent,move,Psychic Noise,True,False,False,False,False,False,|-damage|p1a: Wailord|78/100 par
gen9natdexdraft-2334062445,https://replay.pokemonshowdown.com/gen9natdexdraft-2334062445,80,start,,TRULIMEROTRULICINA,Scream Tail,Wailord,Vaporeon,,,,,,,unknown,Heal Block,,False,False,False,False,False,False,|-start|p1a: Wailord|move: Heal Block
gen9natdexdraft-2334062445,https://replay.pokemonshowdown.com/gen9natdexdraft-2334062445,80,unknown,,,,,,,,,,,,unknown,unhandled_event,,False,False,False,False,False,False,|
gen9natdexdraft-2334062445,https://replay.pokemonshowdown.com/gen9natdexdraft-2334062445,80,upkeep,,,,,,,,,,,,unknown,unhandled_event,,False,False,False,False,False,False,|upkeep
gen9natdexdraft-2334062445,https://replay.pokemonshowdown.com/gen9natdexdraft-2334062445,81,turn,,,,,,,,,,,,unknown,,81,False,False,False,False,False,False,|turn|81
gen9natdexdraft-2334062445,https://replay.pokemonshowdown.com/gen9natdexdraft-2334062445,81,unknown,,,,,,,,,,,,unknown,unhandled_event,,False,False,False,False,False,False,|
gen9natdexdraft-2334062445,https://replay.pokemonshowdown.com/gen9natdexdraft-2334062445,81,timestamp,,,,,,,,,,,,unknown,,1743646786,False,False,False,False,False,False,|t:|1743646786
gen9natdexdraft-2334062445,https://replay.pokemonshowdown.com/gen9natdexdraft-2334062445,81,end,,,,TRULIMEROTRULICINA,Scream Tail,,,,,,,unknown,Protosynthesis,,False,False,False,False,False,False,|-end|p2a: TRULIMEROTRULICINA|Protosynthesis|[silent]
gen9natdexdraft-2334062445,https://replay.pokemonshowdown.com/gen9natdexdraft-2334062445,81,switch,charuzar,,,TUNGTUNGTUNGSAHUR,Shiinotic,,,,,,68/100 tox,percent,switch,,False,False,False,False,False,False,"|switch|p2a: TUNGTUNGTUNGSAHUR|Shiinotic, F|68/100 tox"
gen9natdexdraft-2334062445,https://replay.pokemonshowdown.com/gen9natdexdraft-2334062445,81,move,FluffySingh,Wailord,Vaporeon,TUNGTUNGTUNGSAHUR,Shiinotic,Toxic,,,,,,unknown,move,,False,False,False,False,False,False,|move|p1a: Wailord|Toxic|p2a: TUNGTUNGTUNGSAHUR
gen9natdexdraft-2334062445,https://replay.pokemonshowdown.com/gen9natdexdraft-2334062445,81,fail,,,,,,,,,,,,unknown,,p2a: TUNGTUNGTUNGSAHUR|tox,False,False,False,False,False,False,|-fail|p2a: TUNGTUNGTUNGSAHUR|tox
gen9natdexdraft-2334062445,https://replay.pokemonshowdown.com/gen9natdexdraft-2334062445,81,unknown,,,,,,,,,,,,unknown,unhandled_event,,False,False,False,False,False,False,|
gen9natdexdraft-2334062445,https://replay.pokemonshowdown.com/gen9natdexdraft-2334062445,81,damage,charuzar,unknown,,TUNGTUNGTUNGSAHUR,Shiinotic,,,,6,68/100 tox,62/100 tox,percent,status,poison,False,True,False,False,False,False,|-damage|p2a: TUNGTUNGTUNGSAHUR|62/100 tox|[from] psn
gen9natdexdraft-2334062445,https://replay.pokemonshowdown.com/gen9natdexdraft-2334062445,81,end,,,,Wailord,Vaporeon,,,,,,,unknown,Heal Block,,False,False,False,False,False,False,|-end|p1a: Wailord|move: Heal Block
gen9natdexdraft-2334062445,https://replay.pokemonshowdown.com/gen9natdexdraft-2334062445,81,upkeep,,,,,,,,,,,,unknown,unhandled_event,,False,False,False,False,False,False,|upkeep
gen9natdexdraft-2334062445,https://replay.pokemonshowdown.com/gen9natdexdraft-2334062445,82,turn,,,,,,,,,,,,unknown,,82,False,False,False,False,False,False,|turn|82
gen9natdexdraft-2334062445,https://replay.pokemonshowdown.com/gen9natdexdraft-2334062445,82,unknown,,,,,,,,,,,,unknown,unhandled_event,,False,False,False,False,False,False,|
gen9natdexdraft-2334062445,https://replay.pokemonshowdown.com/gen9natdexdraft-2334062445,82,timestamp,,,,,,,,,,,,unknown,,1743646811,False,False,False,False,False,False,|t:|1743646811
gen9natdexdraft-2334062445,https://replay.pokemonshowdown.com/gen9natdexdraft-2334062445,82,move,FluffySingh,Wailord,Vaporeon,Wailord,Vaporeon,Protect,,,,,,unknown,move,,False,False,False,False,False,False,|move|p1a: Wailord|Protect|p1a: Wailord
gen9natdexdraft-2334062445,https://replay.pokemonshowdown.com/gen9natdexdraft-2334062445,82,-singleturn,,,,,,,,,,,,unknown,unhandled_event,p1a: Wailord|Protect,False,False,False,False,False,False,|-singleturn|p1a: Wailord|Protect
gen9natdexdraft-2334062445,https://replay.pokemonshowdown.com/gen9natdexdraft-2334062445,82,move,charuzar,TUNGTUNGTUNGSAHUR,Shiinotic,Wailord,Vaporeon,Leech Seed,,,,,,unknown,move,,False,False,False,False,False,False,|move|p2a: TUNGTUNGTUNGSAHUR|Leech Seed|p1a: Wailord
gen9natdexdraft-2334062445,https://replay.pokemonshowdown.com/gen9natdexdraft-2334062445,82,activate,,,,Wailord,Vaporeon,,,,,,,unknown,Protect,,False,False,False,False,False,False,|-activate|p1a: Wailord|move: Protect
gen9natdexdraft-2334062445,https://replay.pokemonshowdown.com/gen9natdexdraft-2334062445,82,unknown,,,,,,,,,,,,unknown,unhandled_event,,False,False,False,False,False,False,|
gen9natdexdraft-2334062445,https://replay.pokemonshowdown.com/gen9natdexdraft-2334062445,82,heal,FluffySingh,Wailord,Vaporeon,Wailord,Vaporeon,,,Leftovers,7,78/100 par,85/100 par,percent,item,Leftovers,False,False,False,False,False,True,|-heal|p1a: Wailord|85/100 par|[from] item: Leftovers
gen9natdexdraft-2334062445,https://replay.pokemonshowdown.com/gen9natdexdraft-2334062445,82,damage,charuzar,unknown,,TUNGTUNGTUNGSAHUR,Shiinotic,,,,12,62/100 tox,50/100 tox,percent,status,poison,False,True,False,False,False,False,|-damage|p2a: TUNGTUNGTUNGSAHUR|50/100 tox|[from] psn
gen9natdexdraft-2334062445,https://replay.pokemonshowdown.com/gen9natdexdraft-2334062445,82,upkeep,,,,,,,,,,,,unknown,unhandled_event,,False,False,False,False,False,False,|upkeep
gen9natdexdraft-2334062445,https://replay.pokemonshowdown.com/gen9natdexdraft-2334062445,83,turn,,,,,,,,,,,,unknown,,83,False,False,False,False,False,False,|turn|83
gen9natdexdraft-2334062445,https://replay.pokemonshowdown.com/gen9natdexdraft-2334062445,83,unknown,,,,,,,,,,,,unknown,unhandled_event,,False,False,False,False,False,False,|
gen9natdexdraft-2334062445,https://replay.pokemonshowdown.com/gen9natdexdraft-2334062445,83,timestamp,,,,,,,,,,,,unknown,,1743646824,False,False,False,False,False,False,|t:|1743646824
gen9natdexdraft-2334062445,https://replay.pokemonshowdown.com/gen9natdexdraft-2334062445,83,move,charuzar,TUNGTUNGTUNGSAHUR,Shiinotic,Wailord,Vaporeon,Leech Seed,,,,,,unknown,move,,False,False,False,False,False,False,|move|p2a: TUNGTUNGTUNGSAHUR|Leech Seed|p1a: Wailord
gen9natdexdraft-2334062445,https://replay.pokemonshowdown.com/gen9natdexdraft-2334062445,83,start,,TUNGTUNGTUNGSAHUR,Shiinotic,Wailord,Vaporeon,,,,,,,unknown,Leech Seed,,False,False,False,False,False,False,|-start|p1a: Wailord|move: Leech Seed
gen9natdexdraft-2334062445,https://replay.pokemonshowdown.com/gen9natdexdraft-2334062445,83,move,FluffySingh,Wailord,Vaporeon,Wailord,Vaporeon,Wish,,,,,,unknown,move,,False,False,False,False,False,False,|move|p1a: Wailord|Wish|p1a: Wailord
gen9natdexdraft-2334062445,https://replay.pokemonshowdown.com/gen9natdexdraft-2334062445,83,unknown,,,,,,,,,,,,unknown,unhandled_event,,False,False,False,False,False,False,|
gen9natdexdraft-2334062445,https://replay.pokemonshowdown.com/gen9natdexdraft-2334062445,83,heal,FluffySingh,Wailord,Vaporeon,Wailord,Vaporeon,,,Leftovers,6,85/100 par,91/100 par,percent,item,Leftovers,False,False,False,False,False,True,|-heal|p1a: Wailord|91/100 par|[from] item: Leftovers
gen9natdexdraft-2334062445,https://replay.pokemonshowdown.com/gen9natdexdraft-2334062445,83,damage,FluffySingh,TUNGTUNGTUNGSAHUR,Shiinotic,Wailord,Vaporeon,Leech Seed,,,13,91/100 par,78/100 par,percent,move,Leech Seed,False,True,False,False,False,False,|-damage|p1a: Wailord|78/100 par|[from] Leech Seed|[of] p2a: TUNGTUNGTUNGSAHUR
gen9natdexdraft-2334062445,https://replay.pokemonshowdown.com/gen9natdexdraft-2334062445,83,heal,charuzar,TUNGTUNGTUNGSAHUR,Shiinotic,TUNGTUNGTUNGSAHUR,Shiinotic,,,,17,50/100 tox,67/100 tox,percent,healing,unknown,False,False,False,False,False,True,|-heal|p2a: TUNGTUNGTUNGSAHUR|67/100 tox|[silent]
gen9natdexdraft-2334062445,https://replay.pokemonshowdown.com/gen9natdexdraft-2334062445,83,damage,charuzar,unknown,,TUNGTUNGTUNGSAHUR,Shiinotic,,,,18,67/100 tox,49/100 tox,percent,status,poison,False,True,False,False,False,False,|-damage|p2a: TUNGTUNGTUNGSAHUR|49/100 tox|[from] psn
gen9natdexdraft-2334062445,https://replay.pokemonshowdown.com/gen9natdexdraft-2334062445,83,upkeep,,,,,,,,,,,,unknown,unhandled_event,,False,False,False,False,False,False,|upkeep
gen9natdexdraft-2334062445,https://replay.pokemonshowdown.com/gen9natdexdraft-2334062445,84,turn,,,,,,,,,,,,unknown,,84,False,False,False,False,False,False,|turn|84
gen9natdexdraft-2334062445,https://replay.pokemonshowdown.com/gen9natdexdraft-2334062445,84,unknown,,,,,,,,,,,,unknown,unhandled_event,,False,False,False,False,False,False,|
gen9natdexdraft-2334062445,https://replay.pokemonshowdown.com/gen9natdexdraft-2334062445,84,timestamp,,,,,,,,,,,,unknown,,1743646837,False,False,False,False,False,False,|t:|1743646837
gen9natdexdraft-2334062445,https://replay.pokemonshowdown.com/gen9natdexdraft-2334062445,84,switch,FluffySingh,,,Wailord,Latios,,,,,,48/100,percent,switch,,False,False,False,False,False,False,"|switch|p1a: Wailord|Latios, M|48/100"
gen9natdexdraft-2334062445,https://replay.pokemonshowdown.com/gen9natdexdraft-2334062445,84,move,charuzar,TUNGTUNGTUNGSAHUR,Shiinotic,Wailord,Latios,Thunder Wave,,,,,,unknown,move,,False,False,False,False,False,False,|move|p2a: TUNGTUNGTUNGSAHUR|Thunder Wave|p1a: Wailord
gen9natdexdraft-2334062445,https://replay.pokemonshowdown.com/gen9natdexdraft-2334062445,84,status,FluffySingh,TUNGTUNGTUNGSAHUR,Shiinotic,Wailord,Latios,,,,,,,unknown,move,Thunder Wave,False,False,False,False,False,False,|-status|p1a: Wailord|par
gen9natdexdraft-2334062445,https://replay.pokemonshowdown.com/gen9natdexdraft-2334062445,84,unknown,,,,,,,,,,,,unknown,unhandled_event,,False,False,False,False,False,False,|
gen9natdexdraft-2334062445,https://replay.pokemonshowdown.com/gen9natdexdraft-2334062445,84,heal,FluffySingh,Wailord,Vaporeon,Wailord,Latios,Wish,,,52,48/100,100/100 par,percent,move,Wish,False,False,False,False,False,True,|-heal|p1a: Wailord|100/100 par|[from] move: Wish|[wisher] Wailord
gen9natdexdraft-2334062445,https://replay.pokemonshowdown.com/gen9natdexdraft-2334062445,84,damage,charuzar,unknown,,TUNGTUNGTUNGSAHUR,Shiinotic,,,,25,49/100 tox,24/100 tox,percent,status,poison,False,True,False,False,False,False,|-damage|p2a: TUNGTUNGTUNGSAHUR|24/100 tox|[from] psn
gen9natdexdraft-2334062445,https://replay.pokemonshowdown.com/gen9natdexdraft-2334062445,84,upkeep,,,,,,,,,,,,unknown,unhandled_event,,False,False,False,False,False,False,|upkeep
gen9natdexdraft-2334062445,https://replay.pokemonshowdown.com/gen9natdexdraft-2334062445,85,turn,,,,,,,,,,,,unknown,,85,False,False,False,False,False,False,|turn|85
gen9natdexdraft-2334062445,https://replay.pokemonshowdown.com/gen9natdexdraft-2334062445,85,c,,,,,,,,,,,,unknown,unhandled_event, johnny weest|big para,False,False,False,False,False,False,|c| johnny weest|big para
gen9natdexdraft-2334062445,https://replay.pokemonshowdown.com/gen9natdexdraft-2334062445,85,l,,,,,,,,,,,,unknown,unhandled_event, 3ricwh0,False,False,False,False,False,False,|l| 3ricwh0
gen9natdexdraft-2334062445,https://replay.pokemonshowdown.com/gen9natdexdraft-2334062445,85,j,,,,,,,,,,,,unknown,unhandled_event, 3ricwh0,False,False,False,False,False,False,|j| 3ricwh0
gen9natdexdraft-2334062445,https://replay.pokemonshowdown.com/gen9natdexdraft-2334062445,85,unknown,,,,,,,,,,,,unknown,unhandled_event,,False,False,False,False,False,False,|
gen9natdexdraft-2334062445,https://replay.pokemonshowdown.com/gen9natdexdraft-2334062445,85,timestamp,,,,,,,,,,,,unknown,,1743646897,False,False,False,False,False,False,|t:|1743646897
gen9natdexdraft-2334062445,https://replay.pokemonshowdown.com/gen9natdexdraft-2334062445,85,switch,charuzar,,,LIRILÌ LARILÀ,Overqwil,,,,,,75/100,percent,switch,,False,False,False,False,False,False,"|switch|p2a: LIRILÌ LARILÀ|Overqwil, F|75/100"
gen9natdexdraft-2334062445,https://replay.pokemonshowdown.com/gen9natdexdraft-2334062445,85,ability,charuzar,,,LIRILÌ LARILÀ,Overqwil,,Intimidate,,,,,unknown,,,False,False,False,False,False,False,|-ability|p2a: LIRILÌ LARILÀ|Intimidate|boost
gen9natdexdraft-2334062445,https://replay.pokemonshowdown.com/gen9natdexdraft-2334062445,85,unboost,FluffySingh,,,Wailord,Latios,,,,-1,,,unknown,atk,,False,False,False,False,False,False,|-unboost|p1a: Wailord|atk|1
gen9natdexdraft-2334062445,https://replay.pokemonshowdown.com/gen9natdexdraft-2334062445,85,move,FluffySingh,Wailord,Latios,LIRILÌ LARILÀ,Overqwil,Ice Beam,,,,,,unknown,move,,False,False,False,False,False,False,|move|p1a: Wailord|Ice Beam|p2a: LIRILÌ LARILÀ
gen9natdexdraft-2334062445,https://replay.pokemonshowdown.com/gen9natdexdraft-2334062445,85,damage,charuzar,Wailord,Latios,LIRILÌ LARILÀ,Overqwil,Ice Beam,,,24,75/100,51/100,percent,move,Ice Beam,True,False,False,False,False,False,|-damage|p2a: LIRILÌ LARILÀ|51/100
gen9natdexdraft-2334062445,https://replay.pokemonshowdown.com/gen9natdexdraft-2334062445,85,damage,FluffySingh,Wailord,Latios,Wailord,Latios,,,Life Orb,9,100/100 par,91/100 par,percent,item,Life Orb,False,True,False,True,True,False,|-damage|p1a: Wailord|91/100 par|[from] item: Life Orb
gen9natdexdraft-2334062445,https://replay.pokemonshowdown.com/gen9natdexdraft-2334062445,85,unknown,,,,,,,,,,,,unknown,unhandled_event,,False,False,False,False,False,False,|
gen9natdexdraft-2334062445,https://replay.pokemonshowdown.com/gen9natdexdraft-2334062445,85,upkeep,,,,,,,,,,,,unknown,unhandled_event,,False,False,False,False,False,False,|upkeep
gen9natdexdraft-2334062445,https://replay.pokemonshowdown.com/gen9natdexdraft-2334062445,86,turn,,,,,,,,,,,,unknown,,86,False,False,False,False,False,False,|turn|86
gen9natdexdraft-2334062445,https://replay.pokemonshowdown.com/gen9natdexdraft-2334062445,86,unknown,,,,,,,,,,,,unknown,unhandled_event,,False,False,False,False,False,False,|
gen9natdexdraft-2334062445,https://replay.pokemonshowdown.com/gen9natdexdraft-2334062445,86,timestamp,,,,,,,,,,,,unknown,,1743646927,False,False,False,False,False,False,|t:|1743646927
gen9natdexdraft-2334062445,https://replay.pokemonshowdown.com/gen9natdexdraft-2334062445,86,switch,FluffySingh,,,Wailord,Weezing-Galar,,,,,,97/100,percent,switch,,False,False,False,False,False,False,"|switch|p1a: Wailord|Weezing-Galar, M|97/100"
gen9natdexdraft-2334062445,https://replay.pokemonshowdown.com/gen9natdexdraft-2334062445,86,move,charuzar,LIRILÌ LARILÀ,Overqwil,Wailord,Weezing-Galar,Throat Chop,,,,,,unknown,move,,False,False,False,False,False,False,|move|p2a: LIRILÌ LARILÀ|Throat Chop|p1a: Wailord
gen9natdexdraft-2334062445,https://replay.pokemonshowdown.com/gen9natdexdraft-2334062445,86,resisted,,LIRILÌ LARILÀ,Overqwil,Wailord,Weezing-Galar,Throat Chop,,,,,,unknown,,p1a: Wailord,False,False,False,False,False,False,|-resisted|p1a: Wailord
gen9natdexdraft-2334062445,https://replay.pokemonshowdown.com/gen9natdexdraft-2334062445,86,damage,FluffySingh,LIRILÌ LARILÀ,Overqwil,Wailord,Weezing-Galar,Throat Chop,,,11,97/100,86/100,percent,move,Throat Chop,True,False,False,False,False,False,|-damage|p1a: Wailord|86/100
gen9natdexdraft-2334062445,https://replay.pokemonshowdown.com/gen9natdexdraft-2334062445,86,start,,LIRILÌ LARILÀ,Overqwil,Wailord,Weezing-Galar,,,,,,,unknown,Throat Chop,,False,False,False,False,False,False,|-start|p1a: Wailord|Throat Chop|[silent]
gen9natdexdraft-2334062445,https://replay.pokemonshowdown.com/gen9natdexdraft-2334062445,86,damage,charuzar,Wailord,Weezing-Galar,LIRILÌ LARILÀ,Overqwil,,,Rocky Helmet,17,51/100,34/100,percent,item,Rocky Helmet,False,True,False,False,False,False,|-damage|p2a: LIRILÌ LARILÀ|34/100|[from] item: Rocky Helmet|[of] p1a: Wailord
gen9natdexdraft-2334062445,https://replay.pokemonshowdown.com/gen9natdexdraft-2334062445,86,unknown,,,,,,,,,,,,unknown,unhandled_event,,False,False,False,False,False,False,|
gen9natdexdraft-2334062445,https://replay.pokemonshowdown.com/gen9natdexdraft-2334062445,86,upkeep,,,,,,,,,,,,unknown,unhandled_event,,False,False,False,False,False,False,|upkeep
gen9natdexdraft-2334062445,https://replay.pokemonshowdown.com/gen9natdexdraft-2334062445,87,turn,,,,,,,,,,,,unknown,,87,False,False,False,False,False,False,|turn|87
gen9natdexdraft-2334062445,https://replay.pokemonshowdown.com/gen9natdexdraft-2334062445,87,unknown,,,,,,,,,,,,unknown,unhandled_event,,False,False,False,False,False,False,|
gen9natdexdraft-2334062445,https://replay.pokemonshowdown.com/gen9natdexdraft-2334062445,87,timestamp,,,,,,,,,,,,unknown,,1743646940,False,False,False,False,False,False,|t:|1743646940
gen9natdexdraft-2334062445,https://replay.pokemonshowdown.com/gen9natdexdraft-2334062445,87,switch,charuzar,,,TRULIMEROTRULICINA,Scream Tail,,,,,,100/100,percent,switch,,False,False,False,False,False,False,|switch|p2a: TRULIMEROTRULICINA|Scream Tail|100/100
gen9natdexdraft-2334062445,https://replay.pokemonshowdown.com/gen9natdexdraft-2334062445,87,move,FluffySingh,Wailord,Weezing-Galar,TRULIMEROTRULICINA,Scream Tail,Play Rough,,,,,,unknown,move,,False,False,False,False,False,False,|move|p1a: Wailord|Play Rough|p2a: TRULIMEROTRULICINA
gen9natdexdraft-2334062445,https://replay.pokemonshowdown.com/gen9natdexdraft-2334062445,87,damage,charuzar,Wailord,Weezing-Galar,TRULIMEROTRULICINA,Scream Tail,Play Rough,,,15,100/100,85/100,percent,move,Play Rough,True,False,False,False,False,False,|-damage|p2a: TRULIMEROTRULICINA|85/100
gen9natdexdraft-2334062445,https://replay.pokemonshowdown.com/gen9natdexdraft-2334062445,87,unknown,,,,,,,,,,,,unknown,unhandled_event,,False,False,False,False,False,False,|
gen9natdexdraft-2334062445,https://replay.pokemonshowdown.com/gen9natdexdraft-2334062445,87,end,,,,Wailord,Weezing-Galar,,,,,,,unknown,Throat Chop,,False,False,False,False,False,False,|-end|p1a: Wailord|Throat Chop|[silent]
gen9natdexdraft-2334062445,https://replay.pokemonshowdown.com/gen9natdexdraft-2334062445,87,upkeep,,,,,,,,,,,,unknown,unhandled_event,,False,False,False,False,False,False,|upkeep
gen9natdexdraft-2334062445,https://replay.pokemonshowdown.com/gen9natdexdraft-2334062445,88,turn,,,,,,,,,,,,unknown,,88,False,False,False,False,False,False,|turn|88
gen9natdexdraft-2334062445,https://replay.pokemonshowdown.com/gen9natdexdraft-2334062445,88,unknown,,,,,,,,,,,,unknown,unhandled_event,,False,False,False,False,False,False,|
gen9natdexdraft-2334062445,https://replay.pokemonshowdown.com/gen9natdexdraft-2334062445,88,timestamp,,,,,,,,,,,,unknown,,1743646956,False,False,False,False,False,False,|t:|1743646956
gen9natdexdraft-2334062445,https://replay.pokemonshowdown.com/gen9natdexdraft-2334062445,88,switch,FluffySingh,,,Wailord,Vaporeon,,,,,,78/100 par,percent,switch,,False,False,False,False,False,False,"|switch|p1a: Wailord|Vaporeon, F|78/100 par"
gen9natdexdraft-2334062445,https://replay.pokemonshowdown.com/gen9natdexdraft-2334062445,88,move,charuzar,TRULIMEROTRULICINA,Scream Tail,TRULIMEROTRULICINA,Scream Tail,Wish,,,,,,unknown,move,,False,False,False,False,False,False,|move|p2a: TRULIMEROTRULICINA|Wish|p2a: TRULIMEROTRULICINA
gen9natdexdraft-2334062445,https://replay.pokemonshowdown.com/gen9natdexdraft-2334062445,88,unknown,,,,,,,,,,,,unknown,unhandled_event,,False,False,False,False,False,False,|
gen9natdexdraft-2334062445,https://replay.pokemonshowdown.com/gen9natdexdraft-2334062445,88,heal,FluffySingh,Wailord,Vaporeon,Wailord,Vaporeon,,,Leftovers,7,78/100 par,85/100 par,percent,item,Leftovers,False,False,False,False,False,True,|-heal|p1a: Wailord|85/100 par|[from] item: Leftovers
gen9natdexdraft-2334062445,https://replay.pokemonshowdown.com/gen9natdexdraft-2334062445,88,upkeep,,,,,,,,,,,,unknown,unhandled_event,,False,False,False,False,False,False,|upkeep
gen9natdexdraft-2334062445,https://replay.pokemonshowdown.com/gen9natdexdraft-2334062445,89,turn,,,,,,,,,,,,unknown,,89,False,False,False,False,False,False,|turn|89
gen9natdexdraft-2334062445,https://replay.pokemonshowdown.com/gen9natdexdraft-2334062445,89,unknown,,,,,,,,,,,,unknown,unhandled_event,,False,False,False,False,False,False,|
gen9natdexdraft-2334062445,https://replay.pokemonshowdown.com/gen9natdexdraft-2334062445,89,timestamp,,,,,,,,,,,,unknown,,1743646988,False,False,False,False,False,False,|t:|1743646988
gen9natdexdraft-2334062445,https://replay.pokemonshowdown.com/gen9natdexdraft-2334062445,89,end,,,,TRULIMEROTRULICINA,Scream Tail,,,,,,,unknown,Protosynthesis,,False,False,False,False,False,False,|-end|p2a: TRULIMEROTRULICINA|Protosynthesis|[silent]
gen9natdexdraft-2334062445,https://replay.pokemonshowdown.com/gen9natdexdraft-2334062445,89,switch,charuzar,,,LIRILÌ LARILÀ,Overqwil,,,,,,34/100,percent,switch,,False,False,False,False,False,False,"|switch|p2a: LIRILÌ LARILÀ|Overqwil, F|34/100"
gen9natdexdraft-2334062445,https://replay.pokemonshowdown.com/gen9natdexdraft-2334062445,89,ability,charuzar,,,LIRILÌ LARILÀ,Overqwil,,Intimidate,,,,,unknown,,,False,False,False,False,False,False,|-ability|p2a: LIRILÌ LARILÀ|Intimidate|boost
gen9natdexdraft-2334062445,https://replay.pokemonshowdown.com/gen9natdexdraft-2334062445,89,unboost,FluffySingh,,,Wailord,Vaporeon,,,,-1,,,unknown,atk,,False,False,False,False,False,False,|-unboost|p1a: Wailord|atk|1
gen9natdexdraft-2334062445,https://replay.pokemonshowdown.com/gen9natdexdraft-2334062445,89,switch,FluffySingh,,,Wailord,Weezing-Galar,,,,,,86/100,percent,switch,,False,False,False,False,False,False,"|switch|p1a: Wailord|Weezing-Galar, M|86/100"
gen9natdexdraft-2334062445,https://replay.pokemonshowdown.com/gen9natdexdraft-2334062445,89,unknown,,,,,,,,,,,,unknown,unhandled_event,,False,False,False,False,False,False,|
gen9natdexdraft-2334062445,https://replay.pokemonshowdown.com/gen9natdexdraft-2334062445,89,heal,charuzar,TRULIMEROTRULICINA,Scream Tail,LIRILÌ LARILÀ,Overqwil,Wish,,,62,34/100,96/100,percent,move,Wish,False,False,False,False,False,True,|-heal|p2a: LIRILÌ LARILÀ|96/100|[from] move: Wish|[wisher] TRULIMEROTRULICINA
gen9natdexdraft-2334062445,https://replay.pokemonshowdown.com/gen9natdexdraft-2334062445,89,upkeep,,,,,,,,,,,,unknown,unhandled_event,,False,False,False,False,False,False,|upkeep
gen9natdexdraft-2334062445,https://replay.pokemonshowdown.com/gen9natdexdraft-2334062445,90,turn,,,,,,,,,,,,unknown,,90,False,False,False,False,False,False,|turn|90
gen9natdexdraft-2334062445,https://replay.pokemonshowdown.com/gen9natdexdraft-2334062445,90,c,,,,,,,,,,,,unknown,unhandled_event, Rzoneflame|bring psychic noise against these two,False,False,False,False,False,False,|c| Rzoneflame|bring psychic noise against these two
gen9natdexdraft-2334062445,https://replay.pokemonshowdown.com/gen9natdexdraft-2334062445,90,unknown,,,,,,,,,,,,unknown,unhandled_event,,False,False,False,False,False,False,|
gen9natdexdraft-2334062445,https://replay.pokemonshowdown.com/gen9natdexdraft-2334062445,90,timestamp,,,,,,,,,,,,unknown,,1743647004,False,False,False,False,False,False,|t:|1743647004
gen9natdexdraft-2334062445,https://replay.pokemonshowdown.com/gen9natdexdraft-2334062445,90,switch,charuzar,,,TRULIMEROTRULICINA,Scream Tail,,,,,,85/100,percent,switch,,False,False,False,False,False,False,|switch|p2a: TRULIMEROTRULICINA|Scream Tail|85/100
gen9natdexdraft-2334062445,https://replay.pokemonshowdown.com/gen9natdexdraft-2334062445,90,move,FluffySingh,Wailord,Weezing-Galar,TRULIMEROTRULICINA,Scream Tail,Play Rough,,,,,,unknown,move,,False,False,False,False,False,False,|move|p1a: Wailord|Play Rough|p2a: TRULIMEROTRULICINA
gen9natdexdraft-2334062445,https://replay.pokemonshowdown.com/gen9natdexdraft-2334062445,90,damage,charuzar,Wailord,Weezing-Galar,TRULIMEROTRULICINA,Scream Tail,Play Rough,,,17,85/100,68/100,percent,move,Play Rough,True,False,False,False,False,False,|-damage|p2a: TRULIMEROTRULICINA|68/100
gen9natdexdraft-2334062445,https://replay.pokemonshowdown.com/gen9natdexdraft-2334062445,90,unknown,,,,,,,,,,,,unknown,unhandled_event,,False,False,False,False,False,False,|
gen9natdexdraft-2334062445,https://replay.pokemonshowdown.com/gen9natdexdraft-2334062445,90,upkeep,,,,,,,,,,,,unknown,unhandled_event,,False,False,False,False,False,False,|upkeep
gen9natdexdraft-2334062445,https://replay.pokemonshowdown.com/gen9natdexdraft-2334062445,91,turn,,,,,,,,,,,,unknown,,91,False,False,False,False,False,False,|turn|91
gen9natdexdraft-2334062445,https://replay.pokemonshowdown.com/gen9natdexdraft-2334062445,91,j,,,,,,,,,,,,unknown,unhandled_event, legendpokemaster25,False,False,False,False,False,False,|j| legendpokemaster25
gen9natdexdraft-2334062445,https://replay.pokemonshowdown.com/gen9natdexdraft-2334062445,91,unknown,,,,,,,,,,,,unknown,unhandled_event,,False,False,False,False,False,False,|
gen9natdexdraft-2334062445,https://replay.pokemonshowdown.com/gen9natdexdraft-2334062445,91,timestamp,,,,,,,,,,,,unknown,,1743647016,False,False,False,False,False,False,|t:|1743647016
gen9natdexdraft-2334062445,https://replay.pokemonshowdown.com/gen9natdexdraft-2334062445,91,move,charuzar,TRULIMEROTRULICINA,Scream Tail,Wailord,Weezing-Galar,Psychic Noise,,,,,,unknown,move,,False,False,False,False,False,False,|move|p2a: TRULIMEROTRULICINA|Psychic Noise|p1a: Wailord
gen9natdexdraft-2334062445,https://replay.pokemonshowdown.com/gen9natdexdraft-2334062445,91,supereffective,,TRULIMEROTRULICINA,Scream Tail,Wailord,Weezing-Galar,Psychic Noise,,,,,,unknown,,p1a: Wailord,False,False,False,False,False,False,|-supereffective|p1a: Wailord
gen9natdexdraft-2334062445,https://replay.pokemonshowdown.com/gen9natdexdraft-2334062445,91,damage,FluffySingh,TRULIMEROTRULICINA,Scream Tail,Wailord,Weezing-Galar,Psychic Noise,,,49,86/100,37/100,percent,move,Psychic Noise,True,False,False,False,False,False,|-damage|p1a: Wailord|37/100
gen9natdexdraft-2334062445,https://replay.pokemonshowdown.com/gen9natdexdraft-2334062445,91,start,,TRULIMEROTRULICINA,Scream Tail,Wailord,Weezing-Galar,,,,,,,unknown,Heal Block,,False,False,False,False,False,False,|-start|p1a: Wailord|move: Heal Block
gen9natdexdraft-2334062445,https://replay.pokemonshowdown.com/gen9natdexdraft-2334062445,91,move,FluffySingh,Wailord,Weezing-Galar,TRULIMEROTRULICINA,Scream Tail,Play Rough,,,,,,unknown,move,,False,False,False,False,False,False,|move|p1a: Wailord|Play Rough|p2a: TRULIMEROTRULICINA
gen9natdexdraft-2334062445,https://replay.pokemonshowdown.com/gen9natdexdraft-2334062445,91,damage,charuzar,Wailord,Weezing-Galar,TRULIMEROTRULICINA,Scream Tail,Play Rough,,,17,68/100,51/100,percent,move,Play Rough,True,False,False,False,False,False,|-damage|p2a: TRULIMEROTRULICINA|51/100
gen9natdexdraft-2334062445,https://replay.pokemonshowdown.com/gen9natdexdraft-2334062445,91,unknown,,,,,,,,,,,,unknown,unhandled_event,,False,False,False,False,False,False,|
gen9natdexdraft-2334062445,https://replay.pokemonshowdown.com/gen9natdexdraft-2334062445,91,upkeep,,,,,,,,,,,,unknown,unhandled_event,,False,False,False,False,False,False,|upkeep
gen9natdexdraft-2334062445,https://replay.pokemonshowdown.com/gen9natdexdraft-2334062445,92,turn,,,,,,,,,,,,unknown,,92,False,False,False,False,False,False,|turn|92
gen9natdexdraft-2334062445,https://replay.pokemonshowdown.com/gen9natdexdraft-2334062445,92,c,,,,,,,,,,,,unknown,unhandled_event, legendpokemaster25|bro wtf is this,False,False,False,False,False,False,|c| legendpokemaster25|bro wtf is this
gen9natdexdraft-2334062445,https://replay.pokemonshowdown.com/gen9natdexdraft-2334062445,92,c,,,,,,,,,,,,unknown,unhandled_event, Rzoneflame|bing dmg,False,False,False,False,False,False,|c| Rzoneflame|bing dmg
gen9natdexdraft-2334062445,https://replay.pokemonshowdown.com/gen9natdexdraft-2334062445,92,c,,,,,,,,,,,,unknown,unhandled_event, legendpokemaster25|i left for 30 mins,False,False,False,False,False,False,|c| legendpokemaster25|i left for 30 mins
gen9natdexdraft-2334062445,https://replay.pokemonshowdown.com/gen9natdexdraft-2334062445,92,c,,,,,,,,,,,,unknown,unhandled_event, Rzoneflame|jashan why u playing,False,False,False,False,False,False,|c| Rzoneflame|jashan why u playing
gen9natdexdraft-2334062445,https://replay.pokemonshowdown.com/gen9natdexdraft-2334062445,92,unknown,,,,,,,,,,,,unknown,unhandled_event,,False,False,False,False,False,False,|
gen9natdexdraft-2334062445,https://replay.pokemonshowdown.com/gen9natdexdraft-2334062445,92,timestamp,,,,,,,,,,,,unknown,,1743647041,False,False,False,False,False,False,|t:|1743647041
gen9natdexdraft-2334062445,https://replay.pokemonshowdown.com/gen9natdexdraft-2334062445,92,end,,,,TRULIMEROTRULICINA,Scream Tail,,,,,,,unknown,Protosynthesis,,False,False,False,False,False,False,|-end|p2a: TRULIMEROTRULICINA|Protosynthesis|[silent]
gen9natdexdraft-2334062445,https://replay.pokemonshowdown.com/gen9natdexdraft-2334062445,92,switch,charuzar,,,Rotom-in-Heat,Rotom-Heat,,,,,,89/100,percent,switch,,False,False,False,False,False,False,|switch|p2a: Rotom-in-Heat|Rotom-Heat|89/100
gen9natdexdraft-2334062445,https://replay.pokemonshowdown.com/gen9natdexdraft-2334062445,92,switch,FluffySingh,,,Wailord,Vaporeon,,,,,,85/100 par,percent,switch,,False,False,False,False,False,False,"|switch|p1a: Wailord|Vaporeon, F|85/100 par"
gen9natdexdraft-2334062445,https://replay.pokemonshowdown.com/gen9natdexdraft-2334062445,92,unknown,,,,,,,,,,,,unknown,unhandled_event,,False,False,False,False,False,False,|
gen9natdexdraft-2334062445,https://replay.pokemonshowdown.com/gen9natdexdraft-2334062445,92,heal,FluffySingh,Wailord,Vaporeon,Wailord,Vaporeon,,,Leftovers,6,85/100 par,91/100 par,percent,item,Leftovers,False,False,False,False,False,True,|-heal|p1a: Wailord|91/100 par|[from] item: Leftovers
gen9natdexdraft-2334062445,https://replay.pokemonshowdown.com/gen9natdexdraft-2334062445,92,upkeep,,,,,,,,,,,,unknown,unhandled_event,,False,False,False,False,False,False,|upkeep
gen9natdexdraft-2334062445,https://replay.pokemonshowdown.com/gen9natdexdraft-2334062445,93,turn,,,,,,,,,,,,unknown,,93,False,False,False,False,False,False,|turn|93
gen9natdexdraft-2334062445,https://replay.pokemonshowdown.com/gen9natdexdraft-2334062445,93,unknown,,,,,,,,,,,,unknown,unhandled_event,,False,False,False,False,False,False,|
gen9natdexdraft-2334062445,https://replay.pokemonshowdown.com/gen9natdexdraft-2334062445,93,timestamp,,,,,,,,,,,,unknown,,1743647049,False,False,False,False,False,False,|t:|1743647049
gen9natdexdraft-2334062445,https://replay.pokemonshowdown.com/gen9natdexdraft-2334062445,93,switch,FluffySingh,,,Wailord,Gliscor,,,,,,100/100 tox,percent,switch,,False,False,False,False,False,False,"|switch|p1a: Wailord|Gliscor, F|100/100 tox"
gen9natdexdraft-2334062445,https://replay.pokemonshowdown.com/gen9natdexdraft-2334062445,93,move,charuzar,Rotom-in-Heat,Rotom-Heat,Wailord,Gliscor,Volt Switch,,,,,,unknown,move,,False,False,False,False,False,False,|move|p2a: Rotom-in-Heat|Volt Switch|p1a: Wailord
gen9natdexdraft-2334062445,https://replay.pokemonshowdown.com/gen9natdexdraft-2334062445,93,immune,,,,,,,,,,,,unknown,,p1a: Wailord,False,False,False,False,False,False,|-immune|p1a: Wailord
gen9natdexdraft-2334062445,https://replay.pokemonshowdown.com/gen9natdexdraft-2334062445,93,unknown,,,,,,,,,,,,unknown,unhandled_event,,False,False,False,False,False,False,|
gen9natdexdraft-2334062445,https://replay.pokemonshowdown.com/gen9natdexdraft-2334062445,93,upkeep,,,,,,,,,,,,unknown,unhandled_event,,False,False,False,False,False,False,|upkeep
gen9natdexdraft-2334062445,https://replay.pokemonshowdown.com/gen9natdexdraft-2334062445,94,turn,,,,,,,,,,,,unknown,,94,False,False,False,False,False,False,|turn|94
gen9natdexdraft-2334062445,https://replay.pokemonshowdown.com/gen9natdexdraft-2334062445,94,c,,,,,,,,,,,,unknown,unhandled_event, legendpokemaster25|insane,False,False,False,False,False,False,|c| legendpokemaster25|insane
gen9natdexdraft-2334062445,https://replay.pokemonshowdown.com/gen9natdexdraft-2334062445,94,c,,,,,,,,,,,,unknown,unhandled_event, hydrationdad|jashan,False,False,False,False,False,False,|c| hydrationdad|jashan
gen9natdexdraft-2334062445,https://replay.pokemonshowdown.com/gen9natdexdraft-2334062445,94,c,,,,,,,,,,,,unknown,unhandled_event, hydrationdad|peak game,False,False,False,False,False,False,|c| hydrationdad|peak game
gen9natdexdraft-2334062445,https://replay.pokemonshowdown.com/gen9natdexdraft-2334062445,94,unknown,,,,,,,,,,,,unknown,unhandled_event,,False,False,False,False,False,False,|
gen9natdexdraft-2334062445,https://replay.pokemonshowdown.com/gen9natdexdraft-2334062445,94,timestamp,,,,,,,,,,,,unknown,,1743647064,False,False,False,False,False,False,|t:|1743647064
gen9natdexdraft-2334062445,https://replay.pokemonshowdown.com/gen9natdexdraft-2334062445,94,move,FluffySingh,Wailord,Gliscor,Rotom-in-Heat,Rotom-Heat,Earthquake,,,,,,unknown,move,,False,False,False,False,False,False,|move|p1a: Wailord|Earthquake|p2a: Rotom-in-Heat
gen9natdexdraft-2334062445,https://replay.pokemonshowdown.com/gen9natdexdraft-2334062445,94,immune,,,,,,,,,,,,unknown,,p2a: Rotom-in-Heat|[from] ability: Levitate,False,False,False,False,False,False,|-immune|p2a: Rotom-in-Heat|[from] ability: Levitate
gen9natdexdraft-2334062445,https://replay.pokemonshowdown.com/gen9natdexdraft-2334062445,94,move,charuzar,Rotom-in-Heat,Rotom-Heat,Wailord,Gliscor,Overheat,,,,,,unknown,move,,False,False,False,False,False,False,|move|p2a: Rotom-in-Heat|Overheat|p1a: Wailord
gen9natdexdraft-2334062445,https://replay.pokemonshowdown.com/gen9natdexdraft-2334062445,94,damage,FluffySingh,Rotom-in-Heat,Rotom-Heat,Wailord,Gliscor,Overheat,,,40,100/100 tox,60/100 tox,percent,move,Overheat,True,False,False,False,False,False,|-damage|p1a: Wailord|60/100 tox
gen9natdexdraft-2334062445,https://replay.pokemonshowdown.com/gen9natdexdraft-2334062445,94,unboost,charuzar,Rotom-in-Heat,Rotom-Heat,Rotom-in-Heat,Rotom-Heat,,,,-2,,,unknown,spa,,False,False,False,False,False,False,|-unboost|p2a: Rotom-in-Heat|spa|2
gen9natdexdraft-2334062445,https://replay.pokemonshowdown.com/gen9natdexdraft-2334062445,94,unknown,,,,,,,,,,,,unknown,unhandled_event,,False,False,False,False,False,False,|
gen9natdexdraft-2334062445,https://replay.pokemonshowdown.com/gen9natdexdraft-2334062445,94,heal,FluffySingh,Wailord,Gliscor,Wailord,Gliscor,,Poison Heal,,13,60/100 tox,73/100 tox,percent,ability,Poison Heal,False,False,False,False,False,True,|-heal|p1a: Wailord|73/100 tox|[from] ability: Poison Heal
gen9natdexdraft-2334062445,https://replay.pokemonshowdown.com/gen9natdexdraft-2334062445,94,upkeep,,,,,,,,,,,,unknown,unhandled_event,,False,False,False,False,False,False,|upkeep
gen9natdexdraft-2334062445,https://replay.pokemonshowdown.com/gen9natdexdraft-2334062445,95,turn,,,,,,,,,,,,unknown,,95,False,False,False,False,False,False,|turn|95
gen9natdexdraft-2334062445,https://replay.pokemonshowdown.com/gen9natdexdraft-2334062445,95,c,,,,,,,,,,,,unknown,unhandled_event, Rzoneflame|wait do  u have the april fools sprite still active?,False,False,False,False,False,False,|c| Rzoneflame|wait do  u have the april fools sprite still active?
gen9natdexdraft-2334062445,https://replay.pokemonshowdown.com/gen9natdexdraft-2334062445,95,c,,,,,,,,,,,,unknown,unhandled_event," johnny weest|i left, went to go get food, warmed it up, came back, started eating, and am almost done eating. AND THEYRE STILL NOT DONE",False,False,False,False,False,False,"|c| johnny weest|i left, went to go get food, warmed it up, came back, started eating, and am almost done eating. AND THEYRE STILL NOT DONE"
gen9natdexdraft-2334062445,https://replay.pokemonshowdown.com/gen9natdexdraft-2334062445,95,c,,,,,,,,,,,,unknown,unhandled_event, johnny weest|smh.,False,False,False,False,False,False,|c| johnny weest|smh.
gen9natdexdraft-2334062445,https://replay.pokemonshowdown.com/gen9natdexdraft-2334062445,95,c,,,,,,,,,,,,unknown,unhandled_event, legendpokemaster25|i do,False,False,False,False,False,False,|c| legendpokemaster25|i do
gen9natdexdraft-2334062445,https://replay.pokemonshowdown.com/gen9natdexdraft-2334062445,95,c,,,,,,,,,,,,unknown,unhandled_event, legendpokemaster25|yea,False,False,False,False,False,False,|c| legendpokemaster25|yea
gen9natdexdraft-2334062445,https://replay.pokemonshowdown.com/gen9natdexdraft-2334062445,95,unknown,,,,,,,,,,,,unknown,unhandled_event,,False,False,False,False,False,False,|
gen9natdexdraft-2334062445,https://replay.pokemonshowdown.com/gen9natdexdraft-2334062445,95,timestamp,,,,,,,,,,,,unknown,,1743647088,False,False,False,False,False,False,|t:|1743647088
gen9natdexdraft-2334062445,https://replay.pokemonshowdown.com/gen9natdexdraft-2334062445,95,switch,charuzar,,,TRALALERO TRALALA,Gallade-Mega,,,,,,77/100,percent,switch,,False,False,False,False,False,False,"|switch|p2a: TRALALERO TRALALA|Gallade-Mega, M|77/100"
gen9natdexdraft-2334062445,https://replay.pokemonshowdown.com/gen9natdexdraft-2334062445,95,move,FluffySingh,Wailord,Gliscor,TRALALERO TRALALA,Gallade-Mega,Earthquake,,,,,,unknown,move,,False,False,False,False,False,False,|move|p1a: Wailord|Earthquake|p2a: TRALALERO TRALALA
gen9natdexdraft-2334062445,https://replay.pokemonshowdown.com/gen9natdexdraft-2334062445,95,damage,charuzar,Wailord,Gliscor,TRALALERO TRALALA,Gallade-Mega,Earthquake,,,45,77/100,32/100,percent,move,Earthquake,True,False,False,False,False,False,|-damage|p2a: TRALALERO TRALALA|32/100
gen9natdexdraft-2334062445,https://replay.pokemonshowdown.com/gen9natdexdraft-2334062445,95,unknown,,,,,,,,,,,,unknown,unhandled_event,,False,False,False,False,False,False,|
gen9natdexdraft-2334062445,https://replay.pokemonshowdown.com/gen9natdexdraft-2334062445,95,heal,FluffySingh,Wailord,Gliscor,Wailord,Gliscor,,Poison Heal,,12,73/100 tox,85/100 tox,percent,ability,Poison Heal,False,False,False,False,False,True,|-heal|p1a: Wailord|85/100 tox|[from] ability: Poison Heal
gen9natdexdraft-2334062445,https://replay.pokemonshowdown.com/gen9natdexdraft-2334062445,95,upkeep,,,,,,,,,,,,unknown,unhandled_event,,False,False,False,False,False,False,|upkeep
gen9natdexdraft-2334062445,https://replay.pokemonshowdown.com/gen9natdexdraft-2334062445,96,turn,,,,,,,,,,,,unknown,,96,False,False,False,False,False,False,|turn|96
gen9natdexdraft-2334062445,https://replay.pokemonshowdown.com/gen9natdexdraft-2334062445,96,c,,,,,,,,,,,,unknown,unhandled_event, hydrationdad|do /afd full,False,False,False,False,False,False,|c| hydrationdad|do /afd full
gen9natdexdraft-2334062445,https://replay.pokemonshowdown.com/gen9natdexdraft-2334062445,96,c,,,,,,,,,,,,unknown,unhandled_event, hydrationdad|rovin,False,False,False,False,False,False,|c| hydrationdad|rovin
gen9natdexdraft-2334062445,https://replay.pokemonshowdown.com/gen9natdexdraft-2334062445,96,unknown,,,,,,,,,,,,unknown,unhandled_event,,False,False,False,False,False,False,|
gen9natdexdraft-2334062445,https://replay.pokemonshowdown.com/gen9natdexdraft-2334062445,96,timestamp,,,,,,,,,,,,unknown,,1743647097,False,False,False,False,False,False,|t:|1743647097
gen9natdexdraft-2334062445,https://replay.pokemonshowdown.com/gen9natdexdraft-2334062445,96,move,FluffySingh,Wailord,Gliscor,Wailord,Gliscor,Protect,,,,,,unknown,move,,False,False,False,False,False,False,|move|p1a: Wailord|Protect|p1a: Wailord
gen9natdexdraft-2334062445,https://replay.pokemonshowdown.com/gen9natdexdraft-2334062445,96,-singleturn,,,,,,,,,,,,unknown,unhandled_event,p1a: Wailord|Protect,False,False,False,False,False,False,|-singleturn|p1a: Wailord|Protect
gen9natdexdraft-2334062445,https://replay.pokemonshowdown.com/gen9natdexdraft-2334062445,96,move,charuzar,TRALALERO TRALALA,Gallade-Mega,Wailord,Gliscor,Triple Axel,,,,,,unknown,move,,False,False,False,False,False,False,|move|p2a: TRALALERO TRALALA|Triple Axel|p1a: Wailord
gen9natdexdraft-2334062445,https://replay.pokemonshowdown.com/gen9natdexdraft-2334062445,96,activate,,,,Wailord,Gliscor,,,,,,,unknown,Protect,,False,False,False,False,False,False,|-activate|p1a: Wailord|move: Protect
gen9natdexdraft-2334062445,https://replay.pokemonshowdown.com/gen9natdexdraft-2334062445,96,unknown,,,,,,,,,,,,unknown,unhandled_event,,False,False,False,False,False,False,|
gen9natdexdraft-2334062445,https://replay.pokemonshowdown.com/gen9natdexdraft-2334062445,96,heal,FluffySingh,Wailord,Gliscor,Wailord,Gliscor,,Poison Heal,,13,85/100 tox,98/100 tox,percent,ability,Poison Heal,False,False,False,False,False,True,|-heal|p1a: Wailord|98/100 tox|[from] ability: Poison Heal
gen9natdexdraft-2334062445,https://replay.pokemonshowdown.com/gen9natdexdraft-2334062445,96,upkeep,,,,,,,,,,,,unknown,unhandled_event,,False,False,False,False,False,False,|upkeep
gen9natdexdraft-2334062445,https://replay.pokemonshowdown.com/gen9natdexdraft-2334062445,97,turn,,,,,,,,,,,,unknown,,97,False,False,False,False,False,False,|turn|97
gen9natdexdraft-2334062445,https://replay.pokemonshowdown.com/gen9natdexdraft-2334062445,97,c,,,,,,,,,,,,unknown,unhandled_event, legendpokemaster25|tralalero tralala,False,False,False,False,False,False,|c| legendpokemaster25|tralalero tralala
gen9natdexdraft-2334062445,https://replay.pokemonshowdown.com/gen9natdexdraft-2334062445,97,c,,,,,,,,,,,,unknown,unhandled_event, Rzoneflame|thank you,False,False,False,False,False,False,|c| Rzoneflame|thank you
gen9natdexdraft-2334062445,https://replay.pokemonshowdown.com/gen9natdexdraft-2334062445,97,c,,,,,,,,,,,,unknown,unhandled_event, Rzoneflame|click explosion,False,False,False,False,False,False,|c| Rzoneflame|click explosion
gen9natdexdraft-2334062445,https://replay.pokemonshowdown.com/gen9natdexdraft-2334062445,97,c,,,,,,,,,,,,unknown,unhandled_event, legendpokemaster25|normal gem explosion,False,False,False,False,False,False,|c| legendpokemaster25|normal gem explosion
gen9natdexdraft-2334062445,https://replay.pokemonshowdown.com/gen9natdexdraft-2334062445,97,c,,,,,,,,,,,,unknown,unhandled_event, legendpokemaster25|cmon now,False,False,False,False,False,False,|c| legendpokemaster25|cmon now
gen9natdexdraft-2334062445,https://replay.pokemonshowdown.com/gen9natdexdraft-2334062445,97,unknown,,,,,,,,,,,,unknown,unhandled_event,,False,False,False,False,False,False,|
gen9natdexdraft-2334062445,https://replay.pokemonshowdown.com/gen9natdexdraft-2334062445,97,timestamp,,,,,,,,,,,,unknown,,1743647210,False,False,False,False,False,False,|t:|1743647210
gen9natdexdraft-2334062445,https://replay.pokemonshowdown.com/gen9natdexdraft-2334062445,97,switch,charuzar,,,Rotom-in-Heat,Rotom-Heat,,,,,,89/100,percent,switch,,False,False,False,False,False,False,|switch|p2a: Rotom-in-Heat|Rotom-Heat|89/100
gen9natdexdraft-2334062445,https://replay.pokemonshowdown.com/gen9natdexdraft-2334062445,97,switch,FluffySingh,,,Wailord,Weezing-Galar,,,,,,37/100,percent,switch,,False,False,False,False,False,False,"|switch|p1a: Wailord|Weezing-Galar, M|37/100"
gen9natdexdraft-2334062445,https://replay.pokemonshowdown.com/gen9natdexdraft-2334062445,97,unknown,,,,,,,,,,,,unknown,unhandled_event,,False,False,False,False,False,False,|
gen9natdexdraft-2334062445,https://replay.pokemonshowdown.com/gen9natdexdraft-2334062445,97,upkeep,,,,,,,,,,,,unknown,unhandled_event,,False,False,False,False,False,False,|upkeep
gen9natdexdraft-2334062445,https://replay.pokemonshowdown.com/gen9natdexdraft-2334062445,98,turn,,,,,,,,,,,,unknown,,98,False,False,False,False,False,False,|turn|98
gen9natdexdraft-2334062445,https://replay.pokemonshowdown.com/gen9natdexdraft-2334062445,98,c,,,,,,,,,,,,unknown,unhandled_event, Rzoneflame|alright volcanion,False,False,False,False,False,False,|c| Rzoneflame|alright volcanion
gen9natdexdraft-2334062445,https://replay.pokemonshowdown.com/gen9natdexdraft-2334062445,98,c,,,,,,,,,,,,unknown,unhandled_event, johnny weest|normal gem ff,False,False,False,False,False,False,|c| johnny weest|normal gem ff
gen9natdexdraft-2334062445,https://replay.pokemonshowdown.com/gen9natdexdraft-2334062445,98,c,,,,,,,,,,,,unknown,unhandled_event, johnny weest|rn,False,False,False,False,False,False,|c| johnny weest|rn
gen9natdexdraft-2334062445,https://replay.pokemonshowdown.com/gen9natdexdraft-2334062445,98,unknown,,,,,,,,,,,,unknown,unhandled_event,,False,False,False,False,False,False,|
gen9natdexdraft-2334062445,https://replay.pokemonshowdown.com/gen9natdexdraft-2334062445,98,timestamp,,,,,,,,,,,,unknown,,1743647226,False,False,False,False,False,False,|t:|1743647226
gen9natdexdraft-2334062445,https://replay.pokemonshowdown.com/gen9natdexdraft-2334062445,98,switch,charuzar,,,TRULIMEROTRULICINA,Scream Tail,,,,,,51/100,percent,switch,,False,False,False,False,False,False,|switch|p2a: TRULIMEROTRULICINA|Scream Tail|51/100
gen9natdexdraft-2334062445,https://replay.pokemonshowdown.com/gen9natdexdraft-2334062445,98,switch,FluffySingh,,,Wailord,Gliscor,,,,,,98/100 tox,percent,switch,,False,False,False,False,False,False,"|switch|p1a: Wailord|Gliscor, F|98/100 tox"
gen9natdexdraft-2334062445,https://replay.pokemonshowdown.com/gen9natdexdraft-2334062445,98,unknown,,,,,,,,,,,,unknown,unhandled_event,,False,False,False,False,False,False,|
gen9natdexdraft-2334062445,https://replay.pokemonshowdown.com/gen9natdexdraft-2334062445,98,heal,FluffySingh,Wailord,Gliscor,Wailord,Gliscor,,Poison Heal,,2,98/100 tox,100/100 tox,percent,ability,Poison Heal,False,False,False,False,False,True,|-heal|p1a: Wailord|100/100 tox|[from] ability: Poison Heal
gen9natdexdraft-2334062445,https://replay.pokemonshowdown.com/gen9natdexdraft-2334062445,98,upkeep,,,,,,,,,,,,unknown,unhandled_event,,False,False,False,False,False,False,|upkeep
gen9natdexdraft-2334062445,https://replay.pokemonshowdown.com/gen9natdexdraft-2334062445,99,turn,,,,,,,,,,,,unknown,,99,False,False,False,False,False,False,|turn|99
gen9natdexdraft-2334062445,https://replay.pokemonshowdown.com/gen9natdexdraft-2334062445,99,unknown,,,,,,,,,,,,unknown,unhandled_event,,False,False,False,False,False,False,|
gen9natdexdraft-2334062445,https://replay.pokemonshowdown.com/gen9natdexdraft-2334062445,99,timestamp,,,,,,,,,,,,unknown,,1743647237,False,False,False,False,False,False,|t:|1743647237
gen9natdexdraft-2334062445,https://replay.pokemonshowdown.com/gen9natdexdraft-2334062445,99,move,charuzar,TRULIMEROTRULICINA,Scream Tail,TRULIMEROTRULICINA,Scream Tail,Wish,,,,,,unknown,move,,False,False,False,False,False,False,|move|p2a: TRULIMEROTRULICINA|Wish|p2a: TRULIMEROTRULICINA
gen9natdexdraft-2334062445,https://replay.pokemonshowdown.com/gen9natdexdraft-2334062445,99,move,FluffySingh,Wailord,Gliscor,TRULIMEROTRULICINA,Scream Tail,Toxic,,,,,,unknown,move,,False,False,False,False,False,False,|move|p1a: Wailord|Toxic|p2a: TRULIMEROTRULICINA|[miss]
gen9natdexdraft-2334062445,https://replay.pokemonshowdown.com/gen9natdexdraft-2334062445,99,miss,,Wailord,Gliscor,TRULIMEROTRULICINA,Scream Tail,Toxic,,,,,,unknown,,,False,False,False,False,False,False,|-miss|p1a: Wailord|p2a: TRULIMEROTRULICINA
gen9natdexdraft-2334062445,https://replay.pokemonshowdown.com/gen9natdexdraft-2334062445,99,unknown,,,,,,,,,,,,unknown,unhandled_event,,False,False,False,False,False,False,|
gen9natdexdraft-2334062445,https://replay.pokemonshowdown.com/gen9natdexdraft-2334062445,99,upkeep,,,,,,,,,,,,unknown,unhandled_event,,False,False,False,False,False,False,|upkeep
gen9natdexdraft-2334062445,https://replay.pokemonshowdown.com/gen9natdexdraft-2334062445,100,turn,,,,,,,,,,,,unknown,,100,False,False,False,False,False,False,|turn|100
gen9natdexdraft-2334062445,https://replay.pokemonshowdown.com/gen9natdexdraft-2334062445,100,c,,,,,,,,,,,,unknown,unhandled_event, Rzoneflame|ahhh shit here we go again,False,False,False,False,False,False,|c| Rzoneflame|ahhh shit here we go again
gen9natdexdraft-2334062445,https://replay.pokemonshowdown.com/gen9natdexdraft-2334062445,100,c,,,,,,,,,,,,unknown,unhandled_event, Rzoneflame|NOOOO,False,False,False,False,False,False,|c| Rzoneflame|NOOOO
gen9natdexdraft-2334062445,https://replay.pokemonshowdown.com/gen9natdexdraft-2334062445,100,c,,,,,,,,,,,,unknown,unhandled_event, Rzoneflame|FUCK,False,False,False,False,False,False,|c| Rzoneflame|FUCK
gen9natdexdraft-2334062445,https://replay.pokemonshowdown.com/gen9natdexdraft-2334062445,100,c,,,,,,,,,,,,unknown,unhandled_event, legendpokemaster25|im actually watching a stall game,False,False,False,False,False,False,|c| legendpokemaster25|im actually watching a stall game
gen9natdexdraft-2334062445,https://replay.pokemonshowdown.com/gen9natdexdraft-2334062445,100,c,,,,,,,,,,,,unknown,unhandled_event, udays|NOOOOO,False,False,False,False,False,False,|c| udays|NOOOOO
gen9natdexdraft-2334062445,https://replay.pokemonshowdown.com/gen9natdexdraft-2334062445,100,c,,,,,,,,,,,,unknown,unhandled_event, johnny weest|big,False,False,False,False,False,False,|c| johnny weest|big
gen9natdexdraft-2334062445,https://replay.pokemonshowdown.com/gen9natdexdraft-2334062445,100,c,,,,,,,,,,,,unknown,unhandled_event, udays|PAYED OFF,False,False,False,False,False,False,|c| udays|PAYED OFF
gen9natdexdraft-2334062445,https://replay.pokemonshowdown.com/gen9natdexdraft-2334062445,100,l,,,,,,,,,,,,unknown,unhandled_event, legendpokemaster25,False,False,False,False,False,False,|l| legendpokemaster25
gen9natdexdraft-2334062445,https://replay.pokemonshowdown.com/gen9natdexdraft-2334062445,100,c,,,,,,,,,,,,unknown,unhandled_event, Rzoneflame|yo charu using bright powder,False,False,False,False,False,False,|c| Rzoneflame|yo charu using bright powder
gen9natdexdraft-2334062445,https://replay.pokemonshowdown.com/gen9natdexdraft-2334062445,100,c,,,,,,,,,,,,unknown,unhandled_event, Rzoneflame|mods ban him,False,False,False,False,False,False,|c| Rzoneflame|mods ban him
gen9natdexdraft-2334062445,https://replay.pokemonshowdown.com/gen9natdexdraft-2334062445,100,c,,,,,,,,,,,,unknown,unhandled_event, johnny weest|real,False,False,False,False,False,False,|c| johnny weest|real
gen9natdexdraft-2334062445,https://replay.pokemonshowdown.com/gen9natdexdraft-2334062445,100,c,,,,,,,,,,,,unknown,unhandled_event, johnny weest|send him to the peenar explosion chamber rn,False,False,False,False,False,False,|c| johnny weest|send him to the peenar explosion chamber rn
gen9natdexdraft-2334062445,https://replay.pokemonshowdown.com/gen9natdexdraft-2334062445,100,c,,,,,,,,,,,,unknown,unhandled_event, hydrationdad|item check on scream tail,False,False,False,False,False,False,|c| hydrationdad|item check on scream tail
gen9natdexdraft-2334062445,https://replay.pokemonshowdown.com/gen9natdexdraft-2334062445,100,c,,,,,,,,,,,,unknown,unhandled_event, hydrationdad|item check on rotom,False,False,False,False,False,False,|c| hydrationdad|item check on rotom
gen9natdexdraft-2334062445,https://replay.pokemonshowdown.com/gen9natdexdraft-2334062445,100,c,,,,,,,,,,,,unknown,unhandled_event, hydrationdad|bright powder spotted,False,False,False,False,False,False,|c| hydrationdad|bright powder spotted
gen9natdexdraft-2334062445,https://replay.pokemonshowdown.com/gen9natdexdraft-2334062445,100,c,,,,,,,,,,,,unknown,unhandled_event, hydrationdad|lax incense spotted,False,False,False,False,False,False,|c| hydrationdad|lax incense spotted
gen9natdexdraft-2334062445,https://replay.pokemonshowdown.com/gen9natdexdraft-2334062445,100,unknown,,,,,,,,,,,,unknown,unhandled_event,,False,False,False,False,False,False,|
gen9natdexdraft-2334062445,https://replay.pokemonshowdown.com/gen9natdexdraft-2334062445,100,timestamp,,,,,,,,,,,,unknown,,1743647346,False,False,False,False,False,False,|t:|1743647346
gen9natdexdraft-2334062445,https://replay.pokemonshowdown.com/gen9natdexdraft-2334062445,100,end,,,,TRULIMEROTRULICINA,Scream Tail,,,,,,,unknown,Protosynthesis,,False,False,False,False,False,False,|-end|p2a: TRULIMEROTRULICINA|Protosynthesis|[silent]
gen9natdexdraft-2334062445,https://replay.pokemonshowdown.com/gen9natdexdraft-2334062445,100,switch,charuzar,,,TUNGTUNGTUNGSAHUR,Shiinotic,,,,,,24/100 tox,percent,switch,,False,False,False,False,False,False,"|switch|p2a: TUNGTUNGTUNGSAHUR|Shiinotic, F|24/100 tox"
gen9natdexdraft-2334062445,https://replay.pokemonshowdown.com/gen9natdexdraft-2334062445,100,move,FluffySingh,Wailord,Gliscor,TUNGTUNGTUNGSAHUR,Shiinotic,Earthquake,,,,,,unknown,move,,False,False,False,False,False,False,|move|p1a: Wailord|Earthquake|p2a: TUNGTUNGTUNGSAHUR
gen9natdexdraft-2334062445,https://replay.pokemonshowdown.com/gen9natdexdraft-2334062445,100,resisted,,Wailord,Gliscor,TUNGTUNGTUNGSAHUR,Shiinotic,Earthquake,,,,,,unknown,,p2a: TUNGTUNGTUNGSAHUR,False,False,False,False,False,False,|-resisted|p2a: TUNGTUNGTUNGSAHUR
gen9natdexdraft-2334062445,https://replay.pokemonshowdown.com/gen9natdexdraft-2334062445,100,damage,charuzar,Wailord,Gliscor,TUNGTUNGTUNGSAHUR,Shiinotic,Earthquake,,,19,24/100 tox,5/100 tox,percent,move,Earthquake,True,False,False,False,False,False,|-damage|p2a: TUNGTUNGTUNGSAHUR|5/100 tox
gen9natdexdraft-2334062445,https://replay.pokemonshowdown.com/gen9natdexdraft-2334062445,100,unknown,,,,,,,,,,,,unknown,unhandled_event,,False,False,False,False,False,False,|
gen9natdexdraft-2334062445,https://replay.pokemonshowdown.com/gen9natdexdraft-2334062445,100,heal,charuzar,TRULIMEROTRULICINA,Scream Tail,TUNGTUNGTUNGSAHUR,Shiinotic,Wish,,,67,5/100 tox,72/100 tox,percent,move,Wish,False,False,False,False,False,True,|-heal|p2a: TUNGTUNGTUNGSAHUR|72/100 tox|[from] move: Wish|[wisher] TRULIMEROTRULICINA
gen9natdexdraft-2334062445,https://replay.pokemonshowdown.com/gen9natdexdraft-2334062445,100,damage,charuzar,unknown,,TUNGTUNGTUNGSAHUR,Shiinotic,,,,6,72/100 tox,66/100 tox,percent,status,poison,False,True,False,False,False,False,|-damage|p2a: TUNGTUNGTUNGSAHUR|66/100 tox|[from] psn
gen9natdexdraft-2334062445,https://replay.pokemonshowdown.com/gen9natdexdraft-2334062445,100,upkeep,,,,,,,,,,,,unknown,unhandled_event,,False,False,False,False,False,False,|upkeep
gen9natdexdraft-2334062445,https://replay.pokemonshowdown.com/gen9natdexdraft-2334062445,101,turn,,,,,,,,,,,,unknown,,101,False,False,False,False,False,False,|turn|101
gen9natdexdraft-2334062445,https://replay.pokemonshowdown.com/gen9natdexdraft-2334062445,101,c,,,,,,,,,,,,unknown,unhandled_event, Rzoneflame|12 more harnoor!,False,False,False,False,False,False,|c| Rzoneflame|12 more harnoor!
gen9natdexdraft-2334062445,https://replay.pokemonshowdown.com/gen9natdexdraft-2334062445,101,unknown,,,,,,,,,,,,unknown,unhandled_event,,False,False,False,False,False,False,|
gen9natdexdraft-2334062445,https://replay.pokemonshowdown.com/gen9natdexdraft-2334062445,101,timestamp,,,,,,,,,,,,unknown,,1743647372,False,False,False,False,False,False,|t:|1743647372
gen9natdexdraft-2334062445,https://replay.pokemonshowdown.com/gen9natdexdraft-2334062445,101,switch,FluffySingh,,,Wailord,Vaporeon,,,,,,91/100 par,percent,switch,,False,False,False,False,False,False,"|switch|p1a: Wailord|Vaporeon, F|91/100 par"
gen9natdexdraft-2334062445,https://replay.pokemonshowdown.com/gen9natdexdraft-2334062445,101,move,charuzar,TUNGTUNGTUNGSAHUR,Shiinotic,Wailord,Vaporeon,Leech Seed,,,,,,unknown,move,,False,False,False,False,False,False,|move|p2a: TUNGTUNGTUNGSAHUR|Leech Seed|p1a: Wailord
gen9natdexdraft-2334062445,https://replay.pokemonshowdown.com/gen9natdexdraft-2334062445,101,start,,TUNGTUNGTUNGSAHUR,Shiinotic,Wailord,Vaporeon,,,,,,,unknown,Leech Seed,,False,False,False,False,False,False,|-start|p1a: Wailord|move: Leech Seed
gen9natdexdraft-2334062445,https://replay.pokemonshowdown.com/gen9natdexdraft-2334062445,101,unknown,,,,,,,,,,,,unknown,unhandled_event,,False,False,False,False,False,False,|
gen9natdexdraft-2334062445,https://replay.pokemonshowdown.com/gen9natdexdraft-2334062445,101,heal,FluffySingh,Wailord,Vaporeon,Wailord,Vaporeon,,,Leftovers,6,91/100 par,97/100 par,percent,item,Leftovers,False,False,False,False,False,True,|-heal|p1a: Wailord|97/100 par|[from] item: Leftovers
gen9natdexdraft-2334062445,https://replay.pokemonshowdown.com/gen9natdexdraft-2334062445,101,damage,FluffySingh,TUNGTUNGTUNGSAHUR,Shiinotic,Wailord,Vaporeon,Leech Seed,,,12,97/100 par,85/100 par,percent,move,Leech Seed,False,True,False,False,False,False,|-damage|p1a: Wailord|85/100 par|[from] Leech Seed|[of] p2a: TUNGTUNGTUNGSAHUR
gen9natdexdraft-2334062445,https://replay.pokemonshowdown.com/gen9natdexdraft-2334062445,101,heal,charuzar,TUNGTUNGTUNGSAHUR,Shiinotic,TUNGTUNGTUNGSAHUR,Shiinotic,,,,18,66/100 tox,84/100 tox,percent,healing,unknown,False,False,False,False,False,True,|-heal|p2a: TUNGTUNGTUNGSAHUR|84/100 tox|[silent]
gen9natdexdraft-2334062445,https://replay.pokemonshowdown.com/gen9natdexdraft-2334062445,101,damage,charuzar,unknown,,TUNGTUNGTUNGSAHUR,Shiinotic,,,,13,84/100 tox,71/100 tox,percent,status,poison,False,True,False,False,False,False,|-damage|p2a: TUNGTUNGTUNGSAHUR|71/100 tox|[from] psn
gen9natdexdraft-2334062445,https://replay.pokemonshowdown.com/gen9natdexdraft-2334062445,101,upkeep,,,,,,,,,,,,unknown,unhandled_event,,False,False,False,False,False,False,|upkeep
gen9natdexdraft-2334062445,https://replay.pokemonshowdown.com/gen9natdexdraft-2334062445,102,turn,,,,,,,,,,,,unknown,,102,False,False,False,False,False,False,|turn|102
gen9natdexdraft-2334062445,https://replay.pokemonshowdown.com/gen9natdexdraft-2334062445,102,unknown,,,,,,,,,,,,unknown,unhandled_event,,False,False,False,False,False,False,|
gen9natdexdraft-2334062445,https://replay.pokemonshowdown.com/gen9natdexdraft-2334062445,102,timestamp,,,,,,,,,,,,unknown,,1743647386,False,False,False,False,False,False,|t:|1743647386
gen9natdexdraft-2334062445,https://replay.pokemonshowdown.com/gen9natdexdraft-2334062445,102,switch,charuzar,,,LIRILÌ LARILÀ,Overqwil,,,,,,96/100,percent,switch,,False,False,False,False,False,False,"|switch|p2a: LIRILÌ LARILÀ|Overqwil, F|96/100"
gen9natdexdraft-2334062445,https://replay.pokemonshowdown.com/gen9natdexdraft-2334062445,102,ability,charuzar,,,LIRILÌ LARILÀ,Overqwil,,Intimidate,,,,,unknown,,,False,False,False,False,False,False,|-ability|p2a: LIRILÌ LARILÀ|Intimidate|boost
gen9natdexdraft-2334062445,https://replay.pokemonshowdown.com/gen9natdexdraft-2334062445,102,unboost,FluffySingh,,,Wailord,Vaporeon,,,,-1,,,unknown,atk,,False,False,False,False,False,False,|-unboost|p1a: Wailord|atk|1
gen9natdexdraft-2334062445,https://replay.pokemonshowdown.com/gen9natdexdraft-2334062445,102,move,FluffySingh,Wailord,Vaporeon,Wailord,Vaporeon,Wish,,,,,,unknown,move,,False,False,False,False,False,False,|move|p1a: Wailord|Wish|p1a: Wailord
gen9natdexdraft-2334062445,https://replay.pokemonshowdown.com/gen9natdexdraft-2334062445,102,unknown,,,,,,,,,,,,unknown,unhandled_event,,False,False,False,False,False,False,|
gen9natdexdraft-2334062445,https://replay.pokemonshowdown.com/gen9natdexdraft-2334062445,102,heal,FluffySingh,Wailord,Vaporeon,Wailord,Vaporeon,,,Leftovers,6,85/100 par,91/100 par,percent,item,Leftovers,False,False,False,False,False,True,|-heal|p1a: Wailord|91/100 par|[from] item: Leftovers
gen9natdexdraft-2334062445,https://replay.pokemonshowdown.com/gen9natdexdraft-2334062445,102,damage,FluffySingh,LIRILÌ LARILÀ,Overqwil,Wailord,Vaporeon,Leech Seed,,,13,91/100 par,78/100 par,percent,move,Leech Seed,False,True,False,False,False,False,|-damage|p1a: Wailord|78/100 par|[from] Leech Seed|[of] p2a: LIRILÌ LARILÀ
gen9natdexdraft-2334062445,https://replay.pokemonshowdown.com/gen9natdexdraft-2334062445,102,heal,charuzar,LIRILÌ LARILÀ,Overqwil,LIRILÌ LARILÀ,Overqwil,,,,4,96/100,100/100,percent,healing,unknown,False,False,False,False,False,True,|-heal|p2a: LIRILÌ LARILÀ|100/100|[silent]
gen9natdexdraft-2334062445,https://replay.pokemonshowdown.com/gen9natdexdraft-2334062445,102,upkeep,,,,,,,,,,,,unknown,unhandled_event,,False,False,False,False,False,False,|upkeep
gen9natdexdraft-2334062445,https://replay.pokemonshowdown.com/gen9natdexdraft-2334062445,103,turn,,,,,,,,,,,,unknown,,103,False,False,False,False,False,False,|turn|103
gen9natdexdraft-2334062445,https://replay.pokemonshowdown.com/gen9natdexdraft-2334062445,103,unknown,,,,,,,,,,,,unknown,unhandled_event,,False,False,False,False,False,False,|
gen9natdexdraft-2334062445,https://replay.pokemonshowdown.com/gen9natdexdraft-2334062445,103,timestamp,,,,,,,,,,,,unknown,,1743647399,False,False,False,False,False,False,|t:|1743647399
gen9natdexdraft-2334062445,https://replay.pokemonshowdown.com/gen9natdexdraft-2334062445,103,switch,FluffySingh,,,Wailord,Weezing-Galar,,,,,,37/100,percent,switch,,False,False,False,False,False,False,"|switch|p1a: Wailord|Weezing-Galar, M|37/100"
gen9natdexdraft-2334062445,https://replay.pokemonshowdown.com/gen9natdexdraft-2334062445,103,move,charuzar,LIRILÌ LARILÀ,Overqwil,Wailord,Weezing-Galar,Gunk Shot,,,,,,unknown,move,,False,False,False,False,False,False,|move|p2a: LIRILÌ LARILÀ|Gunk Shot|p1a: Wailord|[miss]
gen9natdexdraft-2334062445,https://replay.pokemonshowdown.com/gen9natdexdraft-2334062445,103,miss,,LIRILÌ LARILÀ,Overqwil,Wailord,Weezing-Galar,Gunk Shot,,,,,,unknown,,,False,False,False,False,False,False,|-miss|p2a: LIRILÌ LARILÀ|p1a: Wailord
gen9natdexdraft-2334062445,https://replay.pokemonshowdown.com/gen9natdexdraft-2334062445,103,unknown,,,,,,,,,,,,unknown,unhandled_event,,False,False,False,False,False,False,|
gen9natdexdraft-2334062445,https://replay.pokemonshowdown.com/gen9natdexdraft-2334062445,103,heal,FluffySingh,Wailord,Vaporeon,Wailord,Weezing-Galar,Wish,,,63,37/100,100/100,percent,move,Wish,False,False,False,False,False,True,|-heal|p1a: Wailord|100/100|[from] move: Wish|[wisher] Wailord
gen9natdexdraft-2334062445,https://replay.pokemonshowdown.com/gen9natdexdraft-2334062445,103,upkeep,,,,,,,,,,,,unknown,unhandled_event,,False,False,False,False,False,False,|upkeep
gen9natdexdraft-2334062445,https://replay.pokemonshowdown.com/gen9natdexdraft-2334062445,104,turn,,,,,,,,,,,,unknown,,104,False,False,False,False,False,False,|turn|104
gen9natdexdraft-2334062445,https://replay.pokemonshowdown.com/gen9natdexdraft-2334062445,104,unknown,,,,,,,,,,,,unknown,unhandled_event,,False,False,False,False,False,False,|
gen9natdexdraft-2334062445,https://replay.pokemonshowdown.com/gen9natdexdraft-2334062445,104,timestamp,,,,,,,,,,,,unknown,,1743647417,False,False,False,False,False,False,|t:|1743647417
gen9natdexdraft-2334062445,https://replay.pokemonshowdown.com/gen9natdexdraft-2334062445,104,switch,charuzar,,,TRULIMEROTRULICINA,Scream Tail,,,,,,51/100,percent,switch,,False,False,False,False,False,False,|switch|p2a: TRULIMEROTRULICINA|Scream Tail|51/100
gen9natdexdraft-2334062445,https://replay.pokemonshowdown.com/gen9natdexdraft-2334062445,104,switch,FluffySingh,,,Wailord,Gliscor,,,,,,100/100 tox,percent,switch,,False,False,False,False,False,False,"|switch|p1a: Wailord|Gliscor, F|100/100 tox"
gen9natdexdraft-2334062445,https://replay.pokemonshowdown.com/gen9natdexdraft-2334062445,104,unknown,,,,,,,,,,,,unknown,unhandled_event,,False,False,False,False,False,False,|
gen9natdexdraft-2334062445,https://replay.pokemonshowdown.com/gen9natdexdraft-2334062445,104,upkeep,,,,,,,,,,,,unknown,unhandled_event,,False,False,False,False,False,False,|upkeep
gen9natdexdraft-2334062445,https://replay.pokemonshowdown.com/gen9natdexdraft-2334062445,105,turn,,,,,,,,,,,,unknown,,105,False,False,False,False,False,False,|turn|105
gen9natdexdraft-2334062445,https://replay.pokemonshowdown.com/gen9natdexdraft-2334062445,105,unknown,,,,,,,,,,,,unknown,unhandled_event,,False,False,False,False,False,False,|
gen9natdexdraft-2334062445,https://replay.pokemonshowdown.com/gen9natdexdraft-2334062445,105,timestamp,,,,,,,,,,,,unknown,,1743647429,False,False,False,False,False,False,|t:|1743647429
gen9natdexdraft-2334062445,https://replay.pokemonshowdown.com/gen9natdexdraft-2334062445,105,end,,,,TRULIMEROTRULICINA,Scream Tail,,,,,,,unknown,Protosynthesis,,False,False,False,False,False,False,|-end|p2a: TRULIMEROTRULICINA|Protosynthesis|[silent]
gen9natdexdraft-2334062445,https://replay.pokemonshowdown.com/gen9natdexdraft-2334062445,105,switch,charuzar,,,TUNGTUNGTUNGSAHUR,Shiinotic,,,,,,71/100 tox,percent,switch,,False,False,False,False,False,False,"|switch|p2a: TUNGTUNGTUNGSAHUR|Shiinotic, F|71/100 tox"
gen9natdexdraft-2334062445,https://replay.pokemonshowdown.com/gen9natdexdraft-2334062445,105,switch,FluffySingh,,,Wailord,Weezing-Galar,,,,,,100/100,percent,switch,,False,False,False,False,False,False,"|switch|p1a: Wailord|Weezing-Galar, M|100/100"
gen9natdexdraft-2334062445,https://replay.pokemonshowdown.com/gen9natdexdraft-2334062445,105,unknown,,,,,,,,,,,,unknown,unhandled_event,,False,False,False,False,False,False,|
gen9natdexdraft-2334062445,https://replay.pokemonshowdown.com/gen9natdexdraft-2334062445,105,damage,charuzar,unknown,,TUNGTUNGTUNGSAHUR,Shiinotic,,,,6,71/100 tox,65/100 tox,percent,status,poison,False,True,False,False,False,False,|-damage|p2a: TUNGTUNGTUNGSAHUR|65/100 tox|[from] psn
gen9natdexdraft-2334062445,https://replay.pokemonshowdown.com/gen9natdexdraft-2334062445,105,upkeep,,,,,,,,,,,,unknown,unhandled_event,,False,False,False,False,False,False,|upkeep
gen9natdexdraft-2334062445,https://replay.pokemonshowdown.com/gen9natdexdraft-2334062445,106,turn,,,,,,,,,,,,unknown,,106,False,False,False,False,False,False,|turn|106
gen9natdexdraft-2334062445,https://replay.pokemonshowdown.com/gen9natdexdraft-2334062445,106,unknown,,,,,,,,,,,,unknown,unhandled_event,,False,False,False,False,False,False,|
gen9natdexdraft-2334062445,https://replay.pokemonshowdown.com/gen9natdexdraft-2334062445,106,timestamp,,,,,,,,,,,,unknown,,1743647440,False,False,False,False,False,False,|t:|1743647440
gen9natdexdraft-2334062445,https://replay.pokemonshowdown.com/gen9natdexdraft-2334062445,106,move,FluffySingh,Wailord,Weezing-Galar,TUNGTUNGTUNGSAHUR,Shiinotic,Play Rough,,,,,,unknown,move,,False,False,False,False,False,False,|move|p1a: Wailord|Play Rough|p2a: TUNGTUNGTUNGSAHUR
gen9natdexdraft-2334062445,https://replay.pokemonshowdown.com/gen9natdexdraft-2334062445,106,damage,charuzar,Wailord,Weezing-Galar,TUNGTUNGTUNGSAHUR,Shiinotic,Play Rough,,,37,65/100 tox,28/100 tox,percent,move,Play Rough,True,False,False,False,False,False,|-damage|p2a: TUNGTUNGTUNGSAHUR|28/100 tox
gen9natdexdraft-2334062445,https://replay.pokemonshowdown.com/gen9natdexdraft-2334062445,106,move,charuzar,TUNGTUNGTUNGSAHUR,Shiinotic,Wailord,Weezing-Galar,Leech Seed,,,,,,unknown,move,,False,False,False,False,False,False,|move|p2a: TUNGTUNGTUNGSAHUR|Leech Seed|p1a: Wailord
gen9natdexdraft-2334062445,https://replay.pokemonshowdown.com/gen9natdexdraft-2334062445,106,start,,TUNGTUNGTUNGSAHUR,Shiinotic,Wailord,Weezing-Galar,,,,,,,unknown,Leech Seed,,False,False,False,False,False,False,|-start|p1a: Wailord|move: Leech Seed
gen9natdexdraft-2334062445,https://replay.pokemonshowdown.com/gen9natdexdraft-2334062445,106,unknown,,,,,,,,,,,,unknown,unhandled_event,,False,False,False,False,False,False,|
gen9natdexdraft-2334062445,https://replay.pokemonshowdown.com/gen9natdexdraft-2334062445,106,damage,FluffySingh,TUNGTUNGTUNGSAHUR,Shiinotic,Wailord,Weezing-Galar,Leech Seed,,,12,100/100,88/100,percent,move,Leech Seed,False,True,False,False,False,False,|-damage|p1a: Wailord|88/100|[from] Leech Seed|[of] p2a: TUNGTUNGTUNGSAHUR
gen9natdexdraft-2334062445,https://replay.pokemonshowdown.com/gen9natdexdraft-2334062445,106,heal,charuzar,TUNGTUNGTUNGSAHUR,Shiinotic,TUNGTUNGTUNGSAHUR,Shiinotic,,,,12,28/100 tox,40/100 tox,percent,healing,unknown,False,False,False,False,False,True,|-heal|p2a: TUNGTUNGTUNGSAHUR|40/100 tox|[silent]
gen9natdexdraft-2334062445,https://replay.pokemonshowdown.com/gen9natdexdraft-2334062445,106,damage,charuzar,unknown,,TUNGTUNGTUNGSAHUR,Shiinotic,,,,12,40/100 tox,28/100 tox,percent,status,poison,False,True,False,False,False,False,|-damage|p2a: TUNGTUNGTUNGSAHUR|28/100 tox|[from] psn
gen9natdexdraft-2334062445,https://replay.pokemonshowdown.com/gen9natdexdraft-2334062445,106,upkeep,,,,,,,,,,,,unknown,unhandled_event,,False,False,False,False,False,False,|upkeep
gen9natdexdraft-2334062445,https://replay.pokemonshowdown.com/gen9natdexdraft-2334062445,107,turn,,,,,,,,,,,,unknown,,107,False,False,False,False,False,False,|turn|107
gen9natdexdraft-2334062445,https://replay.pokemonshowdown.com/gen9natdexdraft-2334062445,107,unknown,,,,,,,,,,,,unknown,unhandled_event,,False,False,False,False,False,False,|
gen9natdexdraft-2334062445,https://replay.pokemonshowdown.com/gen9natdexdraft-2334062445,107,timestamp,,,,,,,,,,,,unknown,,1743647461,False,False,False,False,False,False,|t:|1743647461
gen9natdexdraft-2334062445,https://replay.pokemonshowdown.com/gen9natdexdraft-2334062445,107,switch,charuzar,,,TRULIMEROTRULICINA,Scream Tail,,,,,,51/100,percent,switch,,False,False,False,False,False,False,|switch|p2a: TRULIMEROTRULICINA|Scream Tail|51/100
gen9natdexdraft-2334062445,https://replay.pokemonshowdown.com/gen9natdexdraft-2334062445,107,move,FluffySingh,Wailord,Weezing-Galar,TRULIMEROTRULICINA,Scream Tail,Play Rough,,,,,,unknown,move,,False,False,False,False,False,False,|move|p1a: Wailord|Play Rough|p2a: TRULIMEROTRULICINA
gen9natdexdraft-2334062445,https://replay.pokemonshowdown.com/gen9natdexdraft-2334062445,107,damage,charuzar,Wailord,Weezing-Galar,TRULIMEROTRULICINA,Scream Tail,Play Rough,,,16,51/100,35/100,percent,move,Play Rough,True,False,False,False,False,False,|-damage|p2a: TRULIMEROTRULICINA|35/100
gen9natdexdraft-2334062445,https://replay.pokemonshowdown.com/gen9natdexdraft-2334062445,107,unknown,,,,,,,,,,,,unknown,unhandled_event,,False,False,False,False,False,False,|
gen9natdexdraft-2334062445,https://replay.pokemonshowdown.com/gen9natdexdraft-2334062445,107,damage,FluffySingh,TRULIMEROTRULICINA,Scream Tail,Wailord,Weezing-Galar,Leech Seed,,,12,88/100,76/100,percent,move,Leech Seed,False,True,False,False,False,False,|-damage|p1a: Wailord|76/100|[from] Leech Seed|[of] p2a: TRULIMEROTRULICINA
gen9natdexdraft-2334062445,https://replay.pokemonshowdown.com/gen9natdexdraft-2334062445,107,heal,charuzar,TRULIMEROTRULICINA,Scream Tail,TRULIMEROTRULICINA,Scream Tail,,,,9,35/100,44/100,percent,healing,unknown,False,False,False,False,False,True,|-heal|p2a: TRULIMEROTRULICINA|44/100|[silent]
gen9natdexdraft-2334062445,https://replay.pokemonshowdown.com/gen9natdexdraft-2334062445,107,upkeep,,,,,,,,,,,,unknown,unhandled_event,,False,False,False,False,False,False,|upkeep
gen9natdexdraft-2334062445,https://replay.pokemonshowdown.com/gen9natdexdraft-2334062445,108,turn,,,,,,,,,,,,unknown,,108,False,False,False,False,False,False,|turn|108
gen9natdexdraft-2334062445,https://replay.pokemonshowdown.com/gen9natdexdraft-2334062445,108,unknown,,,,,,,,,,,,unknown,unhandled_event,,False,False,False,False,False,False,|
gen9natdexdraft-2334062445,https://replay.pokemonshowdown.com/gen9natdexdraft-2334062445,108,timestamp,,,,,,,,,,,,unknown,,1743647471,False,False,False,False,False,False,|t:|1743647471
gen9natdexdraft-2334062445,https://replay.pokemonshowdown.com/gen9natdexdraft-2334062445,108,switch,FluffySingh,,,Wailord,Vaporeon,,,,,,78/100 par,percent,switch,,False,False,False,False,False,False,"|switch|p1a: Wailord|Vaporeon, F|78/100 par"
gen9natdexdraft-2334062445,https://replay.pokemonshowdown.com/gen9natdexdraft-2334062445,108,move,charuzar,TRULIMEROTRULICINA,Scream Tail,TRULIMEROTRULICINA,Scream Tail,Wish,,,,,,unknown,move,,False,False,False,False,False,False,|move|p2a: TRULIMEROTRULICINA|Wish|p2a: TRULIMEROTRULICINA
gen9natdexdraft-2334062445,https://replay.pokemonshowdown.com/gen9natdexdraft-2334062445,108,unknown,,,,,,,,,,,,unknown,unhandled_event,,False,False,False,False,False,False,|
gen9natdexdraft-2334062445,https://replay.pokemonshowdown.com/gen9natdexdraft-2334062445,108,heal,FluffySingh,Wailord,Vaporeon,Wailord,Vaporeon,,,Leftovers,7,78/100 par,85/100 par,percent,item,Leftovers,False,False,False,False,False,True,|-heal|p1a: Wailord|85/100 par|[from] item: Leftovers
gen9natdexdraft-2334062445,https://replay.pokemonshowdown.com/gen9natdexdraft-2334062445,108,upkeep,,,,,,,,,,,,unknown,unhandled_event,,False,False,False,False,False,False,|upkeep
gen9natdexdraft-2334062445,https://replay.pokemonshowdown.com/gen9natdexdraft-2334062445,109,turn,,,,,,,,,,,,unknown,,109,False,False,False,False,False,False,|turn|109
gen9natdexdraft-2334062445,https://replay.pokemonshowdown.com/gen9natdexdraft-2334062445,109,c,,,,,,,,,,,,unknown,unhandled_event, johnny weest|another wish?,False,False,False,False,False,False,|c| johnny weest|another wish?
gen9natdexdraft-2334062445,https://replay.pokemonshowdown.com/gen9natdexdraft-2334062445,109,c,,,,,,,,,,,,unknown,unhandled_event, johnny weest|my only wish is for this match to ends,False,False,False,False,False,False,|c| johnny weest|my only wish is for this match to ends
gen9natdexdraft-2334062445,https://replay.pokemonshowdown.com/gen9natdexdraft-2334062445,109,c,,,,,,,,,,,,unknown,unhandled_event, johnny weest|put me in coach,False,False,False,False,False,False,|c| johnny weest|put me in coach
gen9natdexdraft-2334062445,https://replay.pokemonshowdown.com/gen9natdexdraft-2334062445,109,c,,,,,,,,,,,,unknown,unhandled_event, johnny weest|let me wish,False,False,False,False,False,False,|c| johnny weest|let me wish
gen9natdexdraft-2334062445,https://replay.pokemonshowdown.com/gen9natdexdraft-2334062445,109,c,,,,,,,,,,,,unknown,unhandled_event, johnny weest|i want my wish to come true,False,False,False,False,False,False,|c| johnny weest|i want my wish to come true
gen9natdexdraft-2334062445,https://replay.pokemonshowdown.com/gen9natdexdraft-2334062445,109,c,,,,,,,,,,,,unknown,unhandled_event," Rzoneflame|what do you think is faster, letting this game acc finish naturally or send someone to kill one of them",False,False,False,False,False,False,"|c| Rzoneflame|what do you think is faster, letting this game acc finish naturally or send someone to kill one of them"
gen9natdexdraft-2334062445,https://replay.pokemonshowdown.com/gen9natdexdraft-2334062445,109,c,,,,,,,,,,,,unknown,unhandled_event, johnny weest|i bet i can get there quick enough,False,False,False,False,False,False,|c| johnny weest|i bet i can get there quick enough
gen9natdexdraft-2334062445,https://replay.pokemonshowdown.com/gen9natdexdraft-2334062445,109,c,,,,,,,,,,,,unknown,unhandled_event, hydrationdad|i know 2 of the best hitmens west of mississipi,False,False,False,False,False,False,|c| hydrationdad|i know 2 of the best hitmens west of mississipi
gen9natdexdraft-2334062445,https://replay.pokemonshowdown.com/gen9natdexdraft-2334062445,109,c,,,,,,,,,,,,unknown,unhandled_event, udays|harnoor is in the artic,False,False,False,False,False,False,|c| udays|harnoor is in the artic
gen9natdexdraft-2334062445,https://replay.pokemonshowdown.com/gen9natdexdraft-2334062445,109,c,,,,,,,,,,,,unknown,unhandled_event, udays|its going too be too long,False,False,False,False,False,False,|c| udays|its going too be too long
gen9natdexdraft-2334062445,https://replay.pokemonshowdown.com/gen9natdexdraft-2334062445,109,c,,,,,,,,,,,,unknown,unhandled_event, udays|to get to him,False,False,False,False,False,False,|c| udays|to get to him
gen9natdexdraft-2334062445,https://replay.pokemonshowdown.com/gen9natdexdraft-2334062445,109,c,,,,,,,,,,,,unknown,unhandled_event, johnny weest|no diff,False,False,False,False,False,False,|c| johnny weest|no diff
gen9natdexdraft-2334062445,https://replay.pokemonshowdown.com/gen9natdexdraft-2334062445,109,c,,,,,,,,,,,,unknown,unhandled_event, johnny weest|the match will still be going,False,False,False,False,False,False,|c| johnny weest|the match will still be going
gen9natdexdraft-2334062445,https://replay.pokemonshowdown.com/gen9natdexdraft-2334062445,109,c,,,,,,,,,,,,unknown,unhandled_event, johnny weest|by the time i get there,False,False,False,False,False,False,|c| johnny weest|by the time i get there
gen9natdexdraft-2334062445,https://replay.pokemonshowdown.com/gen9natdexdraft-2334062445,109,unknown,,,,,,,,,,,,unknown,unhandled_event,,False,False,False,False,False,False,|
gen9natdexdraft-2334062445,https://replay.pokemonshowdown.com/gen9natdexdraft-2334062445,109,timestamp,,,,,,,,,,,,unknown,,1743647553,False,False,False,False,False,False,|t:|1743647553
gen9natdexdraft-2334062445,https://replay.pokemonshowdown.com/gen9natdexdraft-2334062445,109,move,charuzar,TRULIMEROTRULICINA,Scream Tail,Wailord,Vaporeon,Psychic Noise,,,,,,unknown,move,,False,False,False,False,False,False,|move|p2a: TRULIMEROTRULICINA|Psychic Noise|p1a: Wailord
gen9natdexdraft-2334062445,https://replay.pokemonshowdown.com/gen9natdexdraft-2334062445,109,damage,FluffySingh,TRULIMEROTRULICINA,Scream Tail,Wailord,Vaporeon,Psychic Noise,,,10,85/100 par,75/100 par,percent,move,Psychic Noise,True,False,False,False,False,False,|-damage|p1a: Wailord|75/100 par
gen9natdexdraft-2334062445,https://replay.pokemonshowdown.com/gen9natdexdraft-2334062445,109,start,,TRULIMEROTRULICINA,Scream Tail,Wailord,Vaporeon,,,,,,,unknown,Heal Block,,False,False,False,False,False,False,|-start|p1a: Wailord|move: Heal Block
gen9natdexdraft-2334062445,https://replay.pokemonshowdown.com/gen9natdexdraft-2334062445,109,move,FluffySingh,Wailord,Vaporeon,TRULIMEROTRULICINA,Scream Tail,Toxic,,,,,,unknown,move,,False,False,False,False,False,False,|move|p1a: Wailord|Toxic|p2a: TRULIMEROTRULICINA
gen9natdexdraft-2334062445,https://replay.pokemonshowdown.com/gen9natdexdraft-2334062445,109,status,charuzar,Wailord,Vaporeon,TRULIMEROTRULICINA,Scream Tail,,,,,,,unknown,move,Toxic,False,False,False,False,False,False,|-status|p2a: TRULIMEROTRULICINA|tox
gen9natdexdraft-2334062445,https://replay.pokemonshowdown.com/gen9natdexdraft-2334062445,109,unknown,,,,,,,,,,,,unknown,unhandled_event,,False,False,False,False,False,False,|
gen9natdexdraft-2334062445,https://replay.pokemonshowdown.com/gen9natdexdraft-2334062445,109,heal,charuzar,TRULIMEROTRULICINA,Scream Tail,TRULIMEROTRULICINA,Scream Tail,Wish,,,50,44/100,94/100 tox,percent,move,Wish,False,False,False,False,False,True,|-heal|p2a: TRULIMEROTRULICINA|94/100 tox|[from] move: Wish|[wisher] TRULIMEROTRULICINA
gen9natdexdraft-2334062445,https://replay.pokemonshowdown.com/gen9natdexdraft-2334062445,109,damage,charuzar,unknown,,TRULIMEROTRULICINA,Scream Tail,,,,6,94/100 tox,88/100 tox,percent,status,poison,False,True,False,False,False,False,|-damage|p2a: TRULIMEROTRULICINA|88/100 tox|[from] psn
gen9natdexdraft-2334062445,https://replay.pokemonshowdown.com/gen9natdexdraft-2334062445,109,upkeep,,,,,,,,,,,,unknown,unhandled_event,,False,False,False,False,False,False,|upkeep
gen9natdexdraft-2334062445,https://replay.pokemonshowdown.com/gen9natdexdraft-2334062445,110,turn,,,,,,,,,,,,unknown,,110,False,False,False,False,False,False,|turn|110
gen9natdexdraft-2334062445,https://replay.pokemonshowdown.com/gen9natdexdraft-2334062445,110,j,,,,,,,,,,,,unknown,unhandled_event, MrPokemon3345,False,False,False,False,False,False,|j| MrPokemon3345
gen9natdexdraft-2334062445,https://replay.pokemonshowdown.com/gen9natdexdraft-2334062445,110,c,,,,,,,,,,,,unknown,unhandled_event, Rzoneflame|LESGOOOOOOOOOOOOOOOOOOOOOOOOOOOOOOOOO,False,False,False,False,False,False,|c| Rzoneflame|LESGOOOOOOOOOOOOOOOOOOOOOOOOOOOOOOOOO
gen9natdexdraft-2334062445,https://replay.pokemonshowdown.com/gen9natdexdraft-2334062445,110,c,,,,,,,,,,,,unknown,unhandled_event, hydrationdad|i used to pray for times like these,False,False,False,False,False,False,|c| hydrationdad|i used to pray for times like these
gen9natdexdraft-2334062445,https://replay.pokemonshowdown.com/gen9natdexdraft-2334062445,110,c,,,,,,,,,,,,unknown,unhandled_event, Rzoneflame|it wont matter,False,False,False,False,False,False,|c| Rzoneflame|it wont matter
gen9natdexdraft-2334062445,https://replay.pokemonshowdown.com/gen9natdexdraft-2334062445,110,c,,,,,,,,,,,,unknown,unhandled_event, johnny weest|big,False,False,False,False,False,False,|c| johnny weest|big
gen9natdexdraft-2334062445,https://replay.pokemonshowdown.com/gen9natdexdraft-2334062445,110,unknown,,,,,,,,,,,,unknown,unhandled_event,,False,False,False,False,False,False,|
gen9natdexdraft-2334062445,https://replay.pokemonshowdown.com/gen9natdexdraft-2334062445,110,timestamp,,,,,,,,,,,,unknown,,1743647578,False,False,False,False,False,False,|t:|1743647578
gen9natdexdraft-2334062445,https://replay.pokemonshowdown.com/gen9natdexdraft-2334062445,110,switch,FluffySingh,,,Wailord,Gliscor,,,,,,100/100 tox,percent,switch,,False,False,False,False,False,False,"|switch|p1a: Wailord|Gliscor, F|100/100 tox"
gen9natdexdraft-2334062445,https://replay.pokemonshowdown.com/gen9natdexdraft-2334062445,110,move,charuzar,TRULIMEROTRULICINA,Scream Tail,TRULIMEROTRULICINA,Scream Tail,Wish,,,,,,unknown,move,,False,False,False,False,False,False,|move|p2a: TRULIMEROTRULICINA|Wish|p2a: TRULIMEROTRULICINA
gen9natdexdraft-2334062445,https://replay.pokemonshowdown.com/gen9natdexdraft-2334062445,110,unknown,,,,,,,,,,,,unknown,unhandled_event,,False,False,False,False,False,False,|
gen9natdexdraft-2334062445,https://replay.pokemonshowdown.com/gen9natdexdraft-2334062445,110,damage,charuzar,unknown,,TRULIMEROTRULICINA,Scream Tail,,,,12,88/100 tox,76/100 tox,percent,status,poison,False,True,False,False,False,False,|-damage|p2a: TRULIMEROTRULICINA|76/100 tox|[from] psn
gen9natdexdraft-2334062445,https://replay.pokemonshowdown.com/gen9natdexdraft-2334062445,110,upkeep,,,,,,,,,,,,unknown,unhandled_event,,False,False,False,False,False,False,|upkeep
gen9natdexdraft-2334062445,https://replay.pokemonshowdown.com/gen9natdexdraft-2334062445,111,turn,,,,,,,,,,,,unknown,,111,False,False,False,False,False,False,|turn|111
gen9natdexdraft-2334062445,https://replay.pokemonshowdown.com/gen9natdexdraft-2334062445,111,unknown,,,,,,,,,,,,unknown,unhandled_event,,False,False,False,False,False,False,|
gen9natdexdraft-2334062445,https://replay.pokemonshowdown.com/gen9natdexdraft-2334062445,111,timestamp,,,,,,,,,,,,unknown,,1743647590,False,False,False,False,False,False,|t:|1743647590
gen9natdexdraft-2334062445,https://replay.pokemonshowdown.com/gen9natdexdraft-2334062445,111,end,,,,TRULIMEROTRULICINA,Scream Tail,,,,,,,unknown,Protosynthesis,,False,False,False,False,False,False,|-end|p2a: TRULIMEROTRULICINA|Protosynthesis|[silent]
gen9natdexdraft-2334062445,https://replay.pokemonshowdown.com/gen9natdexdraft-2334062445,111,switch,charuzar,,,TUNGTUNGTUNGSAHUR,Shiinotic,,,,,,28/100 tox,percent,switch,,False,False,False,False,False,False,"|switch|p2a: TUNGTUNGTUNGSAHUR|Shiinotic, F|28/100 tox"
gen9natdexdraft-2334062445,https://replay.pokemonshowdown.com/gen9natdexdraft-2334062445,111,move,FluffySingh,Wailord,Gliscor,TUNGTUNGTUNGSAHUR,Shiinotic,Earthquake,,,,,,unknown,move,,False,False,False,False,False,False,|move|p1a: Wailord|Earthquake|p2a: TUNGTUNGTUNGSAHUR
gen9natdexdraft-2334062445,https://replay.pokemonshowdown.com/gen9natdexdraft-2334062445,111,resisted,,Wailord,Gliscor,TUNGTUNGTUNGSAHUR,Shiinotic,Earthquake,,,,,,unknown,,p2a: TUNGTUNGTUNGSAHUR,False,False,False,False,False,False,|-resisted|p2a: TUNGTUNGTUNGSAHUR
gen9natdexdraft-2334062445,https://replay.pokemonshowdown.com/gen9natdexdraft-2334062445,111,damage,charuzar,Wailord,Gliscor,TUNGTUNGTUNGSAHUR,Shiinotic,Earthquake,,,22,28/100 tox,6/100 tox,percent,move,Earthquake,True,False,False,False,False,False,|-damage|p2a: TUNGTUNGTUNGSAHUR|6/100 tox
gen9natdexdraft-2334062445,https://replay.pokemonshowdown.com/gen9natdexdraft-2334062445,111,unknown,,,,,,,,,,,,unknown,unhandled_event,,False,False,False,False,False,False,|
gen9natdexdraft-2334062445,https://replay.pokemonshowdown.com/gen9natdexdraft-2334062445,111,heal,charuzar,TRULIMEROTRULICINA,Scream Tail,TUNGTUNGTUNGSAHUR,Shiinotic,Wish,,,67,6/100 tox,73/100 tox,percent,move,Wish,False,False,False,False,False,True,|-heal|p2a: TUNGTUNGTUNGSAHUR|73/100 tox|[from] move: Wish|[wisher] TRULIMEROTRULICINA
gen9natdexdraft-2334062445,https://replay.pokemonshowdown.com/gen9natdexdraft-2334062445,111,damage,charuzar,unknown,,TUNGTUNGTUNGSAHUR,Shiinotic,,,,6,73/100 tox,67/100 tox,percent,status,poison,False,True,False,False,False,False,|-damage|p2a: TUNGTUNGTUNGSAHUR|67/100 tox|[from] psn
gen9natdexdraft-2334062445,https://replay.pokemonshowdown.com/gen9natdexdraft-2334062445,111,upkeep,,,,,,,,,,,,unknown,unhandled_event,,False,False,False,False,False,False,|upkeep
gen9natdexdraft-2334062445,https://replay.pokemonshowdown.com/gen9natdexdraft-2334062445,112,turn,,,,,,,,,,,,unknown,,112,False,False,False,False,False,False,|turn|112
gen9natdexdraft-2334062445,https://replay.pokemonshowdown.com/gen9natdexdraft-2334062445,112,c,,,,,,,,,,,,unknown,unhandled_event, johnny weest|guess whos back,False,False,False,False,False,False,|c| johnny weest|guess whos back
gen9natdexdraft-2334062445,https://replay.pokemonshowdown.com/gen9natdexdraft-2334062445,112,c,,,,,,,,,,,,unknown,unhandled_event, hydrationdad|i cant take this anymore,False,False,False,False,False,False,|c| hydrationdad|i cant take this anymore
gen9natdexdraft-2334062445,https://replay.pokemonshowdown.com/gen9natdexdraft-2334062445,112,c,,,,,,,,,,,,unknown,unhandled_event, johnny weest|back again,False,False,False,False,False,False,|c| johnny weest|back again
gen9natdexdraft-2334062445,https://replay.pokemonshowdown.com/gen9natdexdraft-2334062445,112,c,,,,,,,,,,,,unknown,unhandled_event, hydrationdad|he cant keep getting away with this,False,False,False,False,False,False,|c| hydrationdad|he cant keep getting away with this
gen9natdexdraft-2334062445,https://replay.pokemonshowdown.com/gen9natdexdraft-2334062445,112,unknown,,,,,,,,,,,,unknown,unhandled_event,,False,False,False,False,False,False,|
gen9natdexdraft-2334062445,https://replay.pokemonshowdown.com/gen9natdexdraft-2334062445,112,timestamp,,,,,,,,,,,,unknown,,1743647618,False,False,False,False,False,False,|t:|1743647618
gen9natdexdraft-2334062445,https://replay.pokemonshowdown.com/gen9natdexdraft-2334062445,112,move,FluffySingh,Wailord,Gliscor,Wailord,Gliscor,Protect,,,,,,unknown,move,,False,False,False,False,False,False,|move|p1a: Wailord|Protect|p1a: Wailord
gen9natdexdraft-2334062445,https://replay.pokemonshowdown.com/gen9natdexdraft-2334062445,112,-singleturn,,,,,,,,,,,,unknown,unhandled_event,p1a: Wailord|Protect,False,False,False,False,False,False,|-singleturn|p1a: Wailord|Protect
gen9natdexdraft-2334062445,https://replay.pokemonshowdown.com/gen9natdexdraft-2334062445,112,move,charuzar,TUNGTUNGTUNGSAHUR,Shiinotic,Wailord,Gliscor,Leech Seed,,,,,,unknown,move,,False,False,False,False,False,False,|move|p2a: TUNGTUNGTUNGSAHUR|Leech Seed|p1a: Wailord
gen9natdexdraft-2334062445,https://replay.pokemonshowdown.com/gen9natdexdraft-2334062445,112,activate,,,,Wailord,Gliscor,,,,,,,unknown,Protect,,False,False,False,False,False,False,|-activate|p1a: Wailord|move: Protect
gen9natdexdraft-2334062445,https://replay.pokemonshowdown.com/gen9natdexdraft-2334062445,112,unknown,,,,,,,,,,,,unknown,unhandled_event,,False,False,False,False,False,False,|
gen9natdexdraft-2334062445,https://replay.pokemonshowdown.com/gen9natdexdraft-2334062445,112,damage,charuzar,unknown,,TUNGTUNGTUNGSAHUR,Shiinotic,,,,12,67/100 tox,55/100 tox,percent,status,poison,False,True,False,False,False,False,|-damage|p2a: TUNGTUNGTUNGSAHUR|55/100 tox|[from] psn
gen9natdexdraft-2334062445,https://replay.pokemonshowdown.com/gen9natdexdraft-2334062445,112,upkeep,,,,,,,,,,,,unknown,unhandled_event,,False,False,False,False,False,False,|upkeep
gen9natdexdraft-2334062445,https://replay.pokemonshowdown.com/gen9natdexdraft-2334062445,113,turn,,,,,,,,,,,,unknown,,113,False,False,False,False,False,False,|turn|113
gen9natdexdraft-2334062445,https://replay.pokemonshowdown.com/gen9natdexdraft-2334062445,113,unknown,,,,,,,,,,,,unknown,unhandled_event,,False,False,False,False,False,False,|
gen9natdexdraft-2334062445,https://replay.pokemonshowdown.com/gen9natdexdraft-2334062445,113,timestamp,,,,,,,,,,,,unknown,,1743647628,False,False,False,False,False,False,|t:|1743647628
gen9natdexdraft-2334062445,https://replay.pokemonshowdown.com/gen9natdexdraft-2334062445,113,switch,FluffySingh,,,Wailord,Vaporeon,,,,,,75/100 par,percent,switch,,False,False,False,False,False,False,"|switch|p1a: Wailord|Vaporeon, F|75/100 par"
gen9natdexdraft-2334062445,https://replay.pokemonshowdown.com/gen9natdexdraft-2334062445,113,move,charuzar,TUNGTUNGTUNGSAHUR,Shiinotic,Wailord,Vaporeon,Strength Sap,,,,,,unknown,move,,False,False,False,False,False,False,|move|p2a: TUNGTUNGTUNGSAHUR|Strength Sap|p1a: Wailord
gen9natdexdraft-2334062445,https://replay.pokemonshowdown.com/gen9natdexdraft-2334062445,113,unboost,FluffySingh,TUNGTUNGTUNGSAHUR,Shiinotic,Wailord,Vaporeon,,,,-1,,,unknown,atk,,False,False,False,False,False,False,|-unboost|p1a: Wailord|atk|1
gen9natdexdraft-2334062445,https://replay.pokemonshowdown.com/gen9natdexdraft-2334062445,113,heal,charuzar,TUNGTUNGTUNGSAHUR,Shiinotic,TUNGTUNGTUNGSAHUR,Shiinotic,,,,37,55/100 tox,92/100 tox,percent,healing,unknown,False,False,False,False,False,True,|-heal|p2a: TUNGTUNGTUNGSAHUR|92/100 tox
gen9natdexdraft-2334062445,https://replay.pokemonshowdown.com/gen9natdexdraft-2334062445,113,unknown,,,,,,,,,,,,unknown,unhandled_event,,False,False,False,False,False,False,|
gen9natdexdraft-2334062445,https://replay.pokemonshowdown.com/gen9natdexdraft-2334062445,113,heal,FluffySingh,Wailord,Vaporeon,Wailord,Vaporeon,,,Leftovers,6,75/100 par,81/100 par,percent,item,Leftovers,False,False,False,False,False,True,|-heal|p1a: Wailord|81/100 par|[from] item: Leftovers
gen9natdexdraft-2334062445,https://replay.pokemonshowdown.com/gen9natdexdraft-2334062445,113,damage,charuzar,unknown,,TUNGTUNGTUNGSAHUR,Shiinotic,,,,18,92/100 tox,74/100 tox,percent,status,poison,False,True,False,False,False,False,|-damage|p2a: TUNGTUNGTUNGSAHUR|74/100 tox|[from] psn
gen9natdexdraft-2334062445,https://replay.pokemonshowdown.com/gen9natdexdraft-2334062445,113,upkeep,,,,,,,,,,,,unknown,unhandled_event,,False,False,False,False,False,False,|upkeep
gen9natdexdraft-2334062445,https://replay.pokemonshowdown.com/gen9natdexdraft-2334062445,114,turn,,,,,,,,,,,,unknown,,114,False,False,False,False,False,False,|turn|114
gen9natdexdraft-2334062445,https://replay.pokemonshowdown.com/gen9natdexdraft-2334062445,114,unknown,,,,,,,,,,,,unknown,unhandled_event,,False,False,False,False,False,False,|
gen9natdexdraft-2334062445,https://replay.pokemonshowdown.com/gen9natdexdraft-2334062445,114,timestamp,,,,,,,,,,,,unknown,,1743647642,False,False,False,False,False,False,|t:|1743647642
gen9natdexdraft-2334062445,https://replay.pokemonshowdown.com/gen9natdexdraft-2334062445,114,switch,charuzar,,,TRULIMEROTRULICINA,Scream Tail,,,,,,76/100 tox,percent,switch,,False,False,False,False,False,False,|switch|p2a: TRULIMEROTRULICINA|Scream Tail|76/100 tox
gen9natdexdraft-2334062445,https://replay.pokemonshowdown.com/gen9natdexdraft-2334062445,114,move,FluffySingh,Wailord,Vaporeon,Wailord,Vaporeon,Wish,,,,,,unknown,move,,False,False,False,False,False,False,|move|p1a: Wailord|Wish|p1a: Wailord
gen9natdexdraft-2334062445,https://replay.pokemonshowdown.com/gen9natdexdraft-2334062445,114,unknown,,,,,,,,,,,,unknown,unhandled_event,,False,False,False,False,False,False,|
gen9natdexdraft-2334062445,https://replay.pokemonshowdown.com/gen9natdexdraft-2334062445,114,heal,FluffySingh,Wailord,Vaporeon,Wailord,Vaporeon,,,Leftovers,6,81/100 par,87/100 par,percent,item,Leftovers,False,False,False,False,False,True,|-heal|p1a: Wailord|87/100 par|[from] item: Leftovers
gen9natdexdraft-2334062445,https://replay.pokemonshowdown.com/gen9natdexdraft-2334062445,114,damage,charuzar,unknown,,TRULIMEROTRULICINA,Scream Tail,,,,7,76/100 tox,69/100 tox,percent,status,poison,False,True,False,False,False,False,|-damage|p2a: TRULIMEROTRULICINA|69/100 tox|[from] psn
gen9natdexdraft-2334062445,https://replay.pokemonshowdown.com/gen9natdexdraft-2334062445,114,upkeep,,,,,,,,,,,,unknown,unhandled_event,,False,False,False,False,False,False,|upkeep
gen9natdexdraft-2334062445,https://replay.pokemonshowdown.com/gen9natdexdraft-2334062445,115,turn,,,,,,,,,,,,unknown,,115,False,False,False,False,False,False,|turn|115
gen9natdexdraft-2334062445,https://replay.pokemonshowdown.com/gen9natdexdraft-2334062445,115,c,,,,,,,,,,,,unknown,unhandled_event, Rzoneflame|no way,False,False,False,False,False,False,|c| Rzoneflame|no way
gen9natdexdraft-2334062445,https://replay.pokemonshowdown.com/gen9natdexdraft-2334062445,115,c,,,,,,,,,,,,unknown,unhandled_event, Rzoneflame|we gonna see leech seed stalled out,False,False,False,False,False,False,|c| Rzoneflame|we gonna see leech seed stalled out
gen9natdexdraft-2334062445,https://replay.pokemonshowdown.com/gen9natdexdraft-2334062445,115,unknown,,,,,,,,,,,,unknown,unhandled_event,,False,False,False,False,False,False,|
gen9natdexdraft-2334062445,https://replay.pokemonshowdown.com/gen9natdexdraft-2334062445,115,timestamp,,,,,,,,,,,,unknown,,1743647651,False,False,False,False,False,False,|t:|1743647651
gen9natdexdraft-2334062445,https://replay.pokemonshowdown.com/gen9natdexdraft-2334062445,115,move,charuzar,TRULIMEROTRULICINA,Scream Tail,TRULIMEROTRULICINA,Scream Tail,Wish,,,,,,unknown,move,,False,False,False,False,False,False,|move|p2a: TRULIMEROTRULICINA|Wish|p2a: TRULIMEROTRULICINA
gen9natdexdraft-2334062445,https://replay.pokemonshowdown.com/gen9natdexdraft-2334062445,115,move,FluffySingh,Wailord,Vaporeon,TRULIMEROTRULICINA,Scream Tail,Scald,,,,,,unknown,move,,False,False,False,False,False,False,|move|p1a: Wailord|Scald|p2a: TRULIMEROTRULICINA
gen9natdexdraft-2334062445,https://replay.pokemonshowdown.com/gen9natdexdraft-2334062445,115,damage,charuzar,Wailord,Vaporeon,TRULIMEROTRULICINA,Scream Tail,Scald,,,21,69/100 tox,48/100 tox,percent,move,Scald,True,False,False,False,False,False,|-damage|p2a: TRULIMEROTRULICINA|48/100 tox
gen9natdexdraft-2334062445,https://replay.pokemonshowdown.com/gen9natdexdraft-2334062445,115,unknown,,,,,,,,,,,,unknown,unhandled_event,,False,False,False,False,False,False,|
gen9natdexdraft-2334062445,https://replay.pokemonshowdown.com/gen9natdexdraft-2334062445,115,heal,FluffySingh,Wailord,Vaporeon,Wailord,Vaporeon,Wish,,,13,87/100 par,100/100 par,percent,move,Wish,False,False,False,False,False,True,|-heal|p1a: Wailord|100/100 par|[from] move: Wish|[wisher] Wailord
gen9natdexdraft-2334062445,https://replay.pokemonshowdown.com/gen9natdexdraft-2334062445,115,damage,charuzar,unknown,,TRULIMEROTRULICINA,Scream Tail,,,,12,48/100 tox,36/100 tox,percent,status,poison,False,True,False,False,False,False,|-damage|p2a: TRULIMEROTRULICINA|36/100 tox|[from] psn
gen9natdexdraft-2334062445,https://replay.pokemonshowdown.com/gen9natdexdraft-2334062445,115,upkeep,,,,,,,,,,,,unknown,unhandled_event,,False,False,False,False,False,False,|upkeep
gen9natdexdraft-2334062445,https://replay.pokemonshowdown.com/gen9natdexdraft-2334062445,116,turn,,,,,,,,,,,,unknown,,116,False,False,False,False,False,False,|turn|116
gen9natdexdraft-2334062445,https://replay.pokemonshowdown.com/gen9natdexdraft-2334062445,116,c,,,,,,,,,,,,unknown,unhandled_event, Rzoneflame|kill me,False,False,False,False,False,False,|c| Rzoneflame|kill me
gen9natdexdraft-2334062445,https://replay.pokemonshowdown.com/gen9natdexdraft-2334062445,116,unknown,,,,,,,,,,,,unknown,unhandled_event,,False,False,False,False,False,False,|
gen9natdexdraft-2334062445,https://replay.pokemonshowdown.com/gen9natdexdraft-2334062445,116,timestamp,,,,,,,,,,,,unknown,,1743647700,False,False,False,False,False,False,|t:|1743647700
gen9natdexdraft-2334062445,https://replay.pokemonshowdown.com/gen9natdexdraft-2334062445,116,switch,FluffySingh,,,Wailord,Ogerpon-Cornerstone,,,,,,100/100,percent,switch,,False,False,False,False,False,False,"|switch|p1a: Wailord|Ogerpon-Cornerstone, F|100/100"
gen9natdexdraft-2334062445,https://replay.pokemonshowdown.com/gen9natdexdraft-2334062445,116,move,charuzar,TRULIMEROTRULICINA,Scream Tail,Wailord,Ogerpon-Cornerstone,Psychic Noise,,,,,,unknown,move,,False,False,False,False,False,False,|move|p2a: TRULIMEROTRULICINA|Psychic Noise|p1a: Wailord
gen9natdexdraft-2334062445,https://replay.pokemonshowdown.com/gen9natdexdraft-2334062445,116,crit,,TRULIMEROTRULICINA,Scream Tail,Wailord,Ogerpon-Cornerstone,Psychic Noise,,,,,,unknown,,p1a: Wailord,False,False,False,False,False,False,|-crit|p1a: Wailord
gen9natdexdraft-2334062445,https://replay.pokemonshowdown.com/gen9natdexdraft-2334062445,116,damage,FluffySingh,TRULIMEROTRULICINA,Scream Tail,Wailord,Ogerpon-Cornerstone,Psychic Noise,,,33,100/100,67/100,percent,move,Psychic Noise,True,False,False,False,False,False,|-damage|p1a: Wailord|67/100
gen9natdexdraft-2334062445,https://replay.pokemonshowdown.com/gen9natdexdraft-2334062445,116,start,,TRULIMEROTRULICINA,Scream Tail,Wailord,Ogerpon-Cornerstone,,,,,,,unknown,Heal Block,,False,False,False,False,False,False,|-start|p1a: Wailord|move: Heal Block
gen9natdexdraft-2334062445,https://replay.pokemonshowdown.com/gen9natdexdraft-2334062445,116,unknown,,,,,,,,,,,,unknown,unhandled_event,,False,False,False,False,False,False,|
gen9natdexdraft-2334062445,https://replay.pokemonshowdown.com/gen9natdexdraft-2334062445,116,heal,charuzar,TRULIMEROTRULICINA,Scream Tail,TRULIMEROTRULICINA,Scream Tail,Wish,,,50,36/100 tox,86/100 tox,percent,move,Wish,False,False,False,False,False,True,|-heal|p2a: TRULIMEROTRULICINA|86/100 tox|[from] move: Wish|[wisher] TRULIMEROTRULICINA
gen9natdexdraft-2334062445,https://replay.pokemonshowdown.com/gen9natdexdraft-2334062445,116,damage,charuzar,unknown,,TRULIMEROTRULICINA,Scream Tail,,,,19,86/100 tox,67/100 tox,percent,status,poison,False,True,False,False,False,False,|-damage|p2a: TRULIMEROTRULICINA|67/100 tox|[from] psn
gen9natdexdraft-2334062445,https://replay.pokemonshowdown.com/gen9natdexdraft-2334062445,116,upkeep,,,,,,,,,,,,unknown,unhandled_event,,False,False,False,False,False,False,|upkeep
gen9natdexdraft-2334062445,https://replay.pokemonshowdown.com/gen9natdexdraft-2334062445,117,turn,,,,,,,,,,,,unknown,,117,False,False,False,False,False,False,|turn|117
gen9natdexdraft-2334062445,https://replay.pokemonshowdown.com/gen9natdexdraft-2334062445,117,n,,,,,,,,,,,,unknown,unhandled_event, 3ricwh0|3ricwh0,False,False,False,False,False,False,|n| 3ricwh0|3ricwh0
gen9natdexdraft-2334062445,https://replay.pokemonshowdown.com/gen9natdexdraft-2334062445,117,n,,,,,,,,,,,,unknown,unhandled_event, 3ricwh0|3ricwh0,False,False,False,False,False,False,|n| 3ricwh0|3ricwh0
gen9natdexdraft-2334062445,https://replay.pokemonshowdown.com/gen9natdexdraft-2334062445,117,c,,,,,,,,,,,,unknown,unhandled_event, Rzoneflame|LESGOOOO ITS WAILORD,False,False,False,False,False,False,|c| Rzoneflame|LESGOOOO ITS WAILORD
gen9natdexdraft-2334062445,https://replay.pokemonshowdown.com/gen9natdexdraft-2334062445,117,l,,,,,,,,,,,,unknown,unhandled_event, MrPokemon3345,False,False,False,False,False,False,|l| MrPokemon3345
gen9natdexdraft-2334062445,https://replay.pokemonshowdown.com/gen9natdexdraft-2334062445,117,unknown,,,,,,,,,,,,unknown,unhandled_event,,False,False,False,False,False,False,|
gen9natdexdraft-2334062445,https://replay.pokemonshowdown.com/gen9natdexdraft-2334062445,117,timestamp,,,,,,,,,,,,unknown,,1743647873,False,False,False,False,False,False,|t:|1743647873
gen9natdexdraft-2334062445,https://replay.pokemonshowdown.com/gen9natdexdraft-2334062445,117,end,,,,TRULIMEROTRULICINA,Scream Tail,,,,,,,unknown,Protosynthesis,,False,False,False,False,False,False,|-end|p2a: TRULIMEROTRULICINA|Protosynthesis|[silent]
gen9natdexdraft-2334062445,https://replay.pokemonshowdown.com/gen9natdexdraft-2334062445,117,switch,charuzar,,,LIRILÌ LARILÀ,Overqwil,,,,,,100/100,percent,switch,,False,False,False,False,False,False,"|switch|p2a: LIRILÌ LARILÀ|Overqwil, F|100/100"
gen9natdexdraft-2334062445,https://replay.pokemonshowdown.com/gen9natdexdraft-2334062445,117,ability,charuzar,,,LIRILÌ LARILÀ,Overqwil,,Intimidate,,,,,unknown,,,False,False,False,False,False,False,|-ability|p2a: LIRILÌ LARILÀ|Intimidate|boost
gen9natdexdraft-2334062445,https://replay.pokemonshowdown.com/gen9natdexdraft-2334062445,117,unboost,FluffySingh,,,Wailord,Ogerpon-Cornerstone,,,,-1,,,unknown,atk,,False,False,False,False,False,False,|-unboost|p1a: Wailord|atk|1
gen9natdexdraft-2334062445,https://replay.pokemonshowdown.com/gen9natdexdraft-2334062445,117,move,FluffySingh,Wailord,Ogerpon-Cornerstone,LIRILÌ LARILÀ,Overqwil,Ivy Cudgel,,,,,,unknown,move,,False,False,False,False,False,False,|move|p1a: Wailord|Ivy Cudgel|p2a: LIRILÌ LARILÀ|[anim] Ivy Cudgel Rock
gen9natdexdraft-2334062445,https://replay.pokemonshowdown.com/gen9natdexdraft-2334062445,117,damage,charuzar,Wailord,Ogerpon-Cornerstone,LIRILÌ LARILÀ,Overqwil,Ivy Cudgel,,,45,100/100,55/100,percent,move,Ivy Cudgel,True,False,False,False,False,False,|-damage|p2a: LIRILÌ LARILÀ|55/100
gen9natdexdraft-2334062445,https://replay.pokemonshowdown.com/gen9natdexdraft-2334062445,117,unknown,,,,,,,,,,,,unknown,unhandled_event,,False,False,False,False,False,False,|
gen9natdexdraft-2334062445,https://replay.pokemonshowdown.com/gen9natdexdraft-2334062445,117,end,,,,Wailord,Ogerpon-Cornerstone,,,,,,,unknown,Heal Block,,False,False,False,False,False,False,|-end|p1a: Wailord|move: Heal Block
gen9natdexdraft-2334062445,https://replay.pokemonshowdown.com/gen9natdexdraft-2334062445,117,upkeep,,,,,,,,,,,,unknown,unhandled_event,,False,False,False,False,False,False,|upkeep
gen9natdexdraft-2334062445,https://replay.pokemonshowdown.com/gen9natdexdraft-2334062445,118,turn,,,,,,,,,,,,unknown,,118,False,False,False,False,False,False,|turn|118
gen9natdexdraft-2334062445,https://replay.pokemonshowdown.com/gen9natdexdraft-2334062445,118,j,,,,,,,,,,,,unknown,unhandled_event, MrPokemon3345,False,False,False,False,False,False,|j| MrPokemon3345
gen9natdexdraft-2334062445,https://replay.pokemonshowdown.com/gen9natdexdraft-2334062445,118,l,,,,,,,,,,,,unknown,unhandled_event, MrPokemon3345,False,False,False,False,False,False,|l| MrPokemon3345
gen9natdexdraft-2334062445,https://replay.pokemonshowdown.com/gen9natdexdraft-2334062445,118,unknown,,,,,,,,,,,,unknown,unhandled_event,,False,False,False,False,False,False,|
gen9natdexdraft-2334062445,https://replay.pokemonshowdown.com/gen9natdexdraft-2334062445,118,timestamp,,,,,,,,,,,,unknown,,1743647976,False,False,False,False,False,False,|t:|1743647976
gen9natdexdraft-2334062445,https://replay.pokemonshowdown.com/gen9natdexdraft-2334062445,118,switch,FluffySingh,,,Wailord,Gliscor,,,,,,100/100 tox,percent,switch,,False,False,False,False,False,False,"|switch|p1a: Wailord|Gliscor, F|100/100 tox"
gen9natdexdraft-2334062445,https://replay.pokemonshowdown.com/gen9natdexdraft-2334062445,118,switch,charuzar,,,Rotom-in-Heat,Rotom-Heat,,,,,,89/100,percent,switch,,False,False,False,False,False,False,|switch|p2a: Rotom-in-Heat|Rotom-Heat|89/100
gen9natdexdraft-2334062445,https://replay.pokemonshowdown.com/gen9natdexdraft-2334062445,118,unknown,,,,,,,,,,,,unknown,unhandled_event,,False,False,False,False,False,False,|
gen9natdexdraft-2334062445,https://replay.pokemonshowdown.com/gen9natdexdraft-2334062445,118,upkeep,,,,,,,,,,,,unknown,unhandled_event,,False,False,False,False,False,False,|upkeep
gen9natdexdraft-2334062445,https://replay.pokemonshowdown.com/gen9natdexdraft-2334062445,119,turn,,,,,,,,,,,,unknown,,119,False,False,False,False,False,False,|turn|119
gen9natdexdraft-2334062445,https://replay.pokemonshowdown.com/gen9natdexdraft-2334062445,119,j,,,,,,,,,,,,unknown,unhandled_event, 3ricwh0,False,False,False,False,False,False,|j| 3ricwh0
gen9natdexdraft-2334062445,https://replay.pokemonshowdown.com/gen9natdexdraft-2334062445,119,unknown,,,,,,,,,,,,unknown,unhandled_event,,False,False,False,False,False,False,|
gen9natdexdraft-2334062445,https://replay.pokemonshowdown.com/gen9natdexdraft-2334062445,119,timestamp,,,,,,,,,,,,unknown,,1743647995,False,False,False,False,False,False,|t:|1743647995
gen9natdexdraft-2334062445,https://replay.pokemonshowdown.com/gen9natdexdraft-2334062445,119,switch,charuzar,,,TRULIMEROTRULICINA,Scream Tail,,,,,,67/100 tox,percent,switch,,False,False,False,False,False,False,|switch|p2a: TRULIMEROTRULICINA|Scream Tail|67/100 tox
gen9natdexdraft-2334062445,https://replay.pokemonshowdown.com/gen9natdexdraft-2334062445,119,move,FluffySingh,Wailord,Gliscor,TRULIMEROTRULICINA,Scream Tail,Knock Off,,,,,,unknown,move,,False,False,False,False,False,False,|move|p1a: Wailord|Knock Off|p2a: TRULIMEROTRULICINA
gen9natdexdraft-2334062445,https://replay.pokemonshowdown.com/gen9natdexdraft-2334062445,119,crit,,Wailord,Gliscor,TRULIMEROTRULICINA,Scream Tail,Knock Off,,,,,,unknown,,p2a: TRULIMEROTRULICINA,False,False,False,False,False,False,|-crit|p2a: TRULIMEROTRULICINA
gen9natdexdraft-2334062445,https://replay.pokemonshowdown.com/gen9natdexdraft-2334062445,119,damage,charuzar,Wailord,Gliscor,TRULIMEROTRULICINA,Scream Tail,Knock Off,,,17,67/100 tox,50/100 tox,percent,move,Knock Off,True,False,False,False,False,False,|-damage|p2a: TRULIMEROTRULICINA|50/100 tox
gen9natdexdraft-2334062445,https://replay.pokemonshowdown.com/gen9natdexdraft-2334062445,119,enditem,charuzar,Wailord,Gliscor,TRULIMEROTRULICINA,Scream Tail,,,Babiri Berry,,,,unknown,item_consumed,,False,False,False,False,False,False,|-enditem|p2a: TRULIMEROTRULICINA|Babiri Berry|[from] move: Knock Off|[of] p1a: Wailord
gen9natdexdraft-2334062445,https://replay.pokemonshowdown.com/gen9natdexdraft-2334062445,119,unknown,,,,,,,,,,,,unknown,unhandled_event,,False,False,False,False,False,False,|
gen9natdexdraft-2334062445,https://replay.pokemonshowdown.com/gen9natdexdraft-2334062445,119,damage,charuzar,unknown,,TRULIMEROTRULICINA,Scream Tail,,,,6,50/100 tox,44/100 tox,percent,status,poison,False,True,False,False,False,False,|-damage|p2a: TRULIMEROTRULICINA|44/100 tox|[from] psn
gen9natdexdraft-2334062445,https://replay.pokemonshowdown.com/gen9natdexdraft-2334062445,119,upkeep,,,,,,,,,,,,unknown,unhandled_event,,False,False,False,False,False,False,|upkeep
gen9natdexdraft-2334062445,https://replay.pokemonshowdown.com/gen9natdexdraft-2334062445,120,turn,,,,,,,,,,,,unknown,,120,False,False,False,False,False,False,|turn|120
gen9natdexdraft-2334062445,https://replay.pokemonshowdown.com/gen9natdexdraft-2334062445,120,c,,,,,,,,,,,,unknown,unhandled_event, hydrationdad|baribi berry,False,False,False,False,False,False,|c| hydrationdad|baribi berry
gen9natdexdraft-2334062445,https://replay.pokemonshowdown.com/gen9natdexdraft-2334062445,120,unknown,,,,,,,,,,,,unknown,unhandled_event,,False,False,False,False,False,False,|
gen9natdexdraft-2334062445,https://replay.pokemonshowdown.com/gen9natdexdraft-2334062445,120,timestamp,,,,,,,,,,,,unknown,,1743648030,False,False,False,False,False,False,|t:|1743648030
gen9natdexdraft-2334062445,https://replay.pokemonshowdown.com/gen9natdexdraft-2334062445,120,move,charuzar,TRULIMEROTRULICINA,Scream Tail,TRULIMEROTRULICINA,Scream Tail,Wish,,,,,,unknown,move,,False,False,False,False,False,False,|move|p2a: TRULIMEROTRULICINA|Wish|p2a: TRULIMEROTRULICINA
gen9natdexdraft-2334062445,https://replay.pokemonshowdown.com/gen9natdexdraft-2334062445,120,move,FluffySingh,Wailord,Gliscor,TRULIMEROTRULICINA,Scream Tail,Earthquake,,,,,,unknown,move,,False,False,False,False,False,False,|move|p1a: Wailord|Earthquake|p2a: TRULIMEROTRULICINA
gen9natdexdraft-2334062445,https://replay.pokemonshowdown.com/gen9natdexdraft-2334062445,120,damage,charuzar,Wailord,Gliscor,TRULIMEROTRULICINA,Scream Tail,Earthquake,,,21,44/100 tox,23/100 tox,percent,move,Earthquake,True,False,False,False,False,False,|-damage|p2a: TRULIMEROTRULICINA|23/100 tox
gen9natdexdraft-2334062445,https://replay.pokemonshowdown.com/gen9natdexdraft-2334062445,120,unknown,,,,,,,,,,,,unknown,unhandled_event,,False,False,False,False,False,False,|
gen9natdexdraft-2334062445,https://replay.pokemonshowdown.com/gen9natdexdraft-2334062445,120,damage,charuzar,unknown,,TRULIMEROTRULICINA,Scream Tail,,,,13,23/100 tox,10/100 tox,percent,status,poison,False,True,False,False,False,False,|-damage|p2a: TRULIMEROTRULICINA|10/100 tox|[from] psn
gen9natdexdraft-2334062445,https://replay.pokemonshowdown.com/gen9natdexdraft-2334062445,120,upkeep,,,,,,,,,,,,unknown,unhandled_event,,False,False,False,False,False,False,|upkeep
gen9natdexdraft-2334062445,https://replay.pokemonshowdown.com/gen9natdexdraft-2334062445,121,turn,,,,,,,,,,,,unknown,,121,False,False,False,False,False,False,|turn|121
gen9natdexdraft-2334062445,https://replay.pokemonshowdown.com/gen9natdexdraft-2334062445,121,c,,,,,,,,,,,,unknown,unhandled_event, hydrationdad|i used to pray for times like thse,False,False,False,False,False,False,|c| hydrationdad|i used to pray for times like thse
gen9natdexdraft-2334062445,https://replay.pokemonshowdown.com/gen9natdexdraft-2334062445,121,c,,,,,,,,,,,,unknown,unhandled_event, Rzoneflame|CRIT MATTERED,False,False,False,False,False,False,|c| Rzoneflame|CRIT MATTERED
gen9natdexdraft-2334062445,https://replay.pokemonshowdown.com/gen9natdexdraft-2334062445,121,unknown,,,,,,,,,,,,unknown,unhandled_event,,False,False,False,False,False,False,|
gen9natdexdraft-2334062445,https://replay.pokemonshowdown.com/gen9natdexdraft-2334062445,121,timestamp,,,,,,,,,,,,unknown,,1743648080,False,False,False,False,False,False,|t:|1743648080
gen9natdexdraft-2334062445,https://replay.pokemonshowdown.com/gen9natdexdraft-2334062445,121,end,,,,TRULIMEROTRULICINA,Scream Tail,,,,,,,unknown,Protosynthesis,,False,False,False,False,False,False,|-end|p2a: TRULIMEROTRULICINA|Protosynthesis|[silent]
gen9natdexdraft-2334062445,https://replay.pokemonshowdown.com/gen9natdexdraft-2334062445,121,switch,charuzar,,,TUNGTUNGTUNGSAHUR,Shiinotic,,,,,,74/100 tox,percent,switch,,False,False,False,False,False,False,"|switch|p2a: TUNGTUNGTUNGSAHUR|Shiinotic, F|74/100 tox"
gen9natdexdraft-2334062445,https://replay.pokemonshowdown.com/gen9natdexdraft-2334062445,121,move,FluffySingh,Wailord,Gliscor,TUNGTUNGTUNGSAHUR,Shiinotic,Earthquake,,,,,,unknown,move,,False,False,False,False,False,False,|move|p1a: Wailord|Earthquake|p2a: TUNGTUNGTUNGSAHUR
gen9natdexdraft-2334062445,https://replay.pokemonshowdown.com/gen9natdexdraft-2334062445,121,resisted,,Wailord,Gliscor,TUNGTUNGTUNGSAHUR,Shiinotic,Earthquake,,,,,,unknown,,p2a: TUNGTUNGTUNGSAHUR,False,False,False,False,False,False,|-resisted|p2a: TUNGTUNGTUNGSAHUR
gen9natdexdraft-2334062445,https://replay.pokemonshowdown.com/gen9natdexdraft-2334062445,121,crit,,Wailord,Gliscor,TUNGTUNGTUNGSAHUR,Shiinotic,Earthquake,,,,,,unknown,,p2a: TUNGTUNGTUNGSAHUR,False,False,False,False,False,False,|-crit|p2a: TUNGTUNGTUNGSAHUR
gen9natdexdraft-2334062445,https://replay.pokemonshowdown.com/gen9natdexdraft-2334062445,121,damage,charuzar,Wailord,Gliscor,TUNGTUNGTUNGSAHUR,Shiinotic,Earthquake,,,30,74/100 tox,44/100 tox,percent,move,Earthquake,True,False,False,False,False,False,|-damage|p2a: TUNGTUNGTUNGSAHUR|44/100 tox
gen9natdexdraft-2334062445,https://replay.pokemonshowdown.com/gen9natdexdraft-2334062445,121,unknown,,,,,,,,,,,,unknown,unhandled_event,,False,False,False,False,False,False,|
gen9natdexdraft-2334062445,https://replay.pokemonshowdown.com/gen9natdexdraft-2334062445,121,heal,charuzar,TRULIMEROTRULICINA,Scream Tail,TUNGTUNGTUNGSAHUR,Shiinotic,Wish,,,56,44/100 tox,100/100 tox,percent,move,Wish,False,False,False,False,False,True,|-heal|p2a: TUNGTUNGTUNGSAHUR|100/100 tox|[from] move: Wish|[wisher] TRULIMEROTRULICINA
gen9natdexdraft-2334062445,https://replay.pokemonshowdown.com/gen9natdexdraft-2334062445,121,damage,charuzar,unknown,,TUNGTUNGTUNGSAHUR,Shiinotic,,,,6,100/100 tox,94/100 tox,percent,status,poison,False,True,False,False,False,False,|-damage|p2a: TUNGTUNGTUNGSAHUR|94/100 tox|[from] psn
gen9natdexdraft-2334062445,https://replay.pokemonshowdown.com/gen9natdexdraft-2334062445,121,upkeep,,,,,,,,,,,,unknown,unhandled_event,,False,False,False,False,False,False,|upkeep
gen9natdexdraft-2334062445,https://replay.pokemonshowdown.com/gen9natdexdraft-2334062445,122,turn,,,,,,,,,,,,unknown,,122,False,False,False,False,False,False,|turn|122
gen9natdexdraft-2334062445,https://replay.pokemonshowdown.com/gen9natdexdraft-2334062445,122,c,,,,,,,,,,,,unknown,unhandled_event, Rzoneflame|HUGE CRITS,False,False,False,False,False,False,|c| Rzoneflame|HUGE CRITS
gen9natdexdraft-2334062445,https://replay.pokemonshowdown.com/gen9natdexdraft-2334062445,122,c,,,,,,,,,,,,unknown,unhandled_event, johnny weest|CRIT MATTERED,False,False,False,False,False,False,|c| johnny weest|CRIT MATTERED
gen9natdexdraft-2334062445,https://replay.pokemonshowdown.com/gen9natdexdraft-2334062445,122,unknown,,,,,,,,,,,,unknown,unhandled_event,,False,False,False,False,False,False,|
gen9natdexdraft-2334062445,https://replay.pokemonshowdown.com/gen9natdexdraft-2334062445,122,timestamp,,,,,,,,,,,,unknown,,1743648104,False,False,False,False,False,False,|t:|1743648104
gen9natdexdraft-2334062445,https://replay.pokemonshowdown.com/gen9natdexdraft-2334062445,122,switch,FluffySingh,,,Wailord,Vaporeon,,,,,,100/100 par,percent,switch,,False,False,False,False,False,False,"|switch|p1a: Wailord|Vaporeon, F|100/100 par"
gen9natdexdraft-2334062445,https://replay.pokemonshowdown.com/gen9natdexdraft-2334062445,122,move,charuzar,TUNGTUNGTUNGSAHUR,Shiinotic,Wailord,Vaporeon,Leech Seed,,,,,,unknown,move,,False,False,False,False,False,False,|move|p2a: TUNGTUNGTUNGSAHUR|Leech Seed|p1a: Wailord|[miss]
gen9natdexdraft-2334062445,https://replay.pokemonshowdown.com/gen9natdexdraft-2334062445,122,miss,,TUNGTUNGTUNGSAHUR,Shiinotic,Wailord,Vaporeon,Leech Seed,,,,,,unknown,,,False,False,False,False,False,False,|-miss|p2a: TUNGTUNGTUNGSAHUR|p1a: Wailord
gen9natdexdraft-2334062445,https://replay.pokemonshowdown.com/gen9natdexdraft-2334062445,122,unknown,,,,,,,,,,,,unknown,unhandled_event,,False,False,False,False,False,False,|
gen9natdexdraft-2334062445,https://replay.pokemonshowdown.com/gen9natdexdraft-2334062445,122,damage,charuzar,unknown,,TUNGTUNGTUNGSAHUR,Shiinotic,,,,12,94/100 tox,82/100 tox,percent,status,poison,False,True,False,False,False,False,|-damage|p2a: TUNGTUNGTUNGSAHUR|82/100 tox|[from] psn
gen9natdexdraft-2334062445,https://replay.pokemonshowdown.com/gen9natdexdraft-2334062445,122,upkeep,,,,,,,,,,,,unknown,unhandled_event,,False,False,False,False,False,False,|upkeep
gen9natdexdraft-2334062445,https://replay.pokemonshowdown.com/gen9natdexdraft-2334062445,123,turn,,,,,,,,,,,,unknown,,123,False,False,False,False,False,False,|turn|123
gen9natdexdraft-2334062445,https://replay.pokemonshowdown.com/gen9natdexdraft-2334062445,123,c,,,,,,,,,,,,unknown,unhandled_event, johnny weest|yuge,False,False,False,False,False,False,|c| johnny weest|yuge
gen9natdexdraft-2334062445,https://replay.pokemonshowdown.com/gen9natdexdraft-2334062445,123,c,,,,,,,,,,,,unknown,unhandled_event, Rzoneflame|1 MORE,False,False,False,False,False,False,|c| Rzoneflame|1 MORE
gen9natdexdraft-2334062445,https://replay.pokemonshowdown.com/gen9natdexdraft-2334062445,123,c,,,,,,,,,,,,unknown,unhandled_event, hydrationdad|1 more,False,False,False,False,False,False,|c| hydrationdad|1 more
gen9natdexdraft-2334062445,https://replay.pokemonshowdown.com/gen9natdexdraft-2334062445,123,c,,,,,,,,,,,,unknown,unhandled_event, johnny weest|1 moew,False,False,False,False,False,False,|c| johnny weest|1 moew
gen9natdexdraft-2334062445,https://replay.pokemonshowdown.com/gen9natdexdraft-2334062445,123,unknown,,,,,,,,,,,,unknown,unhandled_event,,False,False,False,False,False,False,|
gen9natdexdraft-2334062445,https://replay.pokemonshowdown.com/gen9natdexdraft-2334062445,123,timestamp,,,,,,,,,,,,unknown,,1743648116,False,False,False,False,False,False,|t:|1743648116
gen9natdexdraft-2334062445,https://replay.pokemonshowdown.com/gen9natdexdraft-2334062445,123,move,charuzar,TUNGTUNGTUNGSAHUR,Shiinotic,Wailord,Vaporeon,Moonblast,,,,,,unknown,move,,False,False,False,False,False,False,|move|p2a: TUNGTUNGTUNGSAHUR|Moonblast|p1a: Wailord
gen9natdexdraft-2334062445,https://replay.pokemonshowdown.com/gen9natdexdraft-2334062445,123,damage,FluffySingh,TUNGTUNGTUNGSAHUR,Shiinotic,Wailord,Vaporeon,Moonblast,,,17,100/100 par,83/100 par,percent,move,Moonblast,True,False,False,False,False,False,|-damage|p1a: Wailord|83/100 par
gen9natdexdraft-2334062445,https://replay.pokemonshowdown.com/gen9natdexdraft-2334062445,123,cant,,,,,,,,,,,,unknown,unhandled_event,p1a: Wailord|par,False,False,False,False,False,False,|cant|p1a: Wailord|par
gen9natdexdraft-2334062445,https://replay.pokemonshowdown.com/gen9natdexdraft-2334062445,123,unknown,,,,,,,,,,,,unknown,unhandled_event,,False,False,False,False,False,False,|
gen9natdexdraft-2334062445,https://replay.pokemonshowdown.com/gen9natdexdraft-2334062445,123,heal,FluffySingh,Wailord,Vaporeon,Wailord,Vaporeon,,,Leftovers,7,83/100 par,90/100 par,percent,item,Leftovers,False,False,False,False,False,True,|-heal|p1a: Wailord|90/100 par|[from] item: Leftovers
gen9natdexdraft-2334062445,https://replay.pokemonshowdown.com/gen9natdexdraft-2334062445,123,damage,charuzar,unknown,,TUNGTUNGTUNGSAHUR,Shiinotic,,,,19,82/100 tox,63/100 tox,percent,status,poison,False,True,False,False,False,False,|-damage|p2a: TUNGTUNGTUNGSAHUR|63/100 tox|[from] psn
gen9natdexdraft-2334062445,https://replay.pokemonshowdown.com/gen9natdexdraft-2334062445,123,upkeep,,,,,,,,,,,,unknown,unhandled_event,,False,False,False,False,False,False,|upkeep
gen9natdexdraft-2334062445,https://replay.pokemonshowdown.com/gen9natdexdraft-2334062445,124,turn,,,,,,,,,,,,unknown,,124,False,False,False,False,False,False,|turn|124
gen9natdexdraft-2334062445,https://replay.pokemonshowdown.com/gen9natdexdraft-2334062445,124,c,,,,,,,,,,,,unknown,unhandled_event, johnny weest|and then this mummers farce will finally be at an end,False,False,False,False,False,False,|c| johnny weest|and then this mummers farce will finally be at an end
gen9natdexdraft-2334062445,https://replay.pokemonshowdown.com/gen9natdexdraft-2334062445,124,c,,,,,,,,,,,,unknown,unhandled_event, hydrationdad|struggle while you still can charu,False,False,False,False,False,False,|c| hydrationdad|struggle while you still can charu
gen9natdexdraft-2334062445,https://replay.pokemonshowdown.com/gen9natdexdraft-2334062445,124,c,,,,,,,,,,,,unknown,unhandled_event, Rzoneflame|I cannot wait for tungungtungSahur to die,False,False,False,False,False,False,|c| Rzoneflame|I cannot wait for tungungtungSahur to die
gen9natdexdraft-2334062445,https://replay.pokemonshowdown.com/gen9natdexdraft-2334062445,124,c,,,,,,,,,,,,unknown,unhandled_event, Rzoneflame|mainly because I hate indians,False,False,False,False,False,False,|c| Rzoneflame|mainly because I hate indians
gen9natdexdraft-2334062445,https://replay.pokemonshowdown.com/gen9natdexdraft-2334062445,124,unknown,,,,,,,,,,,,unknown,unhandled_event,,False,False,False,False,False,False,|
gen9natdexdraft-2334062445,https://replay.pokemonshowdown.com/gen9natdexdraft-2334062445,124,timestamp,,,,,,,,,,,,unknown,,1743648221,False,False,False,False,False,False,|t:|1743648221
gen9natdexdraft-2334062445,https://replay.pokemonshowdown.com/gen9natdexdraft-2334062445,124,cant,,,,,,,,,,,,unknown,unhandled_event,p1a: Wailord|par,False,False,False,False,False,False,|cant|p1a: Wailord|par
gen9natdexdraft-2334062445,https://replay.pokemonshowdown.com/gen9natdexdraft-2334062445,124,move,charuzar,TUNGTUNGTUNGSAHUR,Shiinotic,Wailord,Vaporeon,Leech Seed,,,,,,unknown,move,,False,False,False,False,False,False,|move|p2a: TUNGTUNGTUNGSAHUR|Leech Seed|p1a: Wailord
gen9natdexdraft-2334062445,https://replay.pokemonshowdown.com/gen9natdexdraft-2334062445,124,start,,TUNGTUNGTUNGSAHUR,Shiinotic,Wailord,Vaporeon,,,,,,,unknown,Leech Seed,,False,False,False,False,False,False,|-start|p1a: Wailord|move: Leech Seed
gen9natdexdraft-2334062445,https://replay.pokemonshowdown.com/gen9natdexdraft-2334062445,124,unknown,,,,,,,,,,,,unknown,unhandled_event,,False,False,False,False,False,False,|
gen9natdexdraft-2334062445,https://replay.pokemonshowdown.com/gen9natdexdraft-2334062445,124,heal,FluffySingh,Wailord,Vaporeon,Wailord,Vaporeon,,,Leftovers,6,90/100 par,96/100 par,percent,item,Leftovers,False,False,False,False,False,True,|-heal|p1a: Wailord|96/100 par|[from] item: Leftovers
gen9natdexdraft-2334062445,https://replay.pokemonshowdown.com/gen9natdexdraft-2334062445,124,damage,FluffySingh,TUNGTUNGTUNGSAHUR,Shiinotic,Wailord,Vaporeon,Leech Seed,,,13,96/100 par,83/100 par,percent,move,Leech Seed,False,True,False,False,False,False,|-damage|p1a: Wailord|83/100 par|[from] Leech Seed|[of] p2a: TUNGTUNGTUNGSAHUR
gen9natdexdraft-2334062445,https://replay.pokemonshowdown.com/gen9natdexdraft-2334062445,124,heal,charuzar,TUNGTUNGTUNGSAHUR,Shiinotic,TUNGTUNGTUNGSAHUR,Shiinotic,,,,18,63/100 tox,81/100 tox,percent,healing,unknown,False,False,False,False,False,True,|-heal|p2a: TUNGTUNGTUNGSAHUR|81/100 tox|[silent]
gen9natdexdraft-2334062445,https://replay.pokemonshowdown.com/gen9natdexdraft-2334062445,124,damage,charuzar,unknown,,TUNGTUNGTUNGSAHUR,Shiinotic,,,,24,81/100 tox,57/100 tox,percent,status,poison,False,True,False,False,False,False,|-damage|p2a: TUNGTUNGTUNGSAHUR|57/100 tox|[from] psn
gen9natdexdraft-2334062445,https://replay.pokemonshowdown.com/gen9natdexdraft-2334062445,124,upkeep,,,,,,,,,,,,unknown,unhandled_event,,False,False,False,False,False,False,|upkeep
gen9natdexdraft-2334062445,https://replay.pokemonshowdown.com/gen9natdexdraft-2334062445,125,turn,,,,,,,,,,,,unknown,,125,False,False,False,False,False,False,|turn|125
gen9natdexdraft-2334062445,https://replay.pokemonshowdown.com/gen9natdexdraft-2334062445,125,c,,,,,,,,,,,,unknown,unhandled_event, johnny weest|The death of TUNG TUNG TUNG TUNG TUNG TUNG SAHUR Colourized Circa 2025?,False,False,False,False,False,False,|c| johnny weest|The death of TUNG TUNG TUNG TUNG TUNG TUNG SAHUR Colourized Circa 2025?
gen9natdexdraft-2334062445,https://replay.pokemonshowdown.com/gen9natdexdraft-2334062445,125,j,,,,,,,,,,,,unknown,unhandled_event, Caliber14,False,False,False,False,False,False,|j| Caliber14
gen9natdexdraft-2334062445,https://replay.pokemonshowdown.com/gen9natdexdraft-2334062445,125,c,,,,,,,,,,,,unknown,unhandled_event, Caliber14|??,False,False,False,False,False,False,|c| Caliber14|??
gen9natdexdraft-2334062445,https://replay.pokemonshowdown.com/gen9natdexdraft-2334062445,125,c,,,,,,,,,,,,unknown,unhandled_event, Caliber14|I left like have an hour ago?,False,False,False,False,False,False,|c| Caliber14|I left like have an hour ago?
gen9natdexdraft-2334062445,https://replay.pokemonshowdown.com/gen9natdexdraft-2334062445,125,c,,,,,,,,,,,,unknown,unhandled_event, johnny weest|xD,False,False,False,False,False,False,|c| johnny weest|xD
gen9natdexdraft-2334062445,https://replay.pokemonshowdown.com/gen9natdexdraft-2334062445,125,c,,,,,,,,,,,,unknown,unhandled_event, Rzoneflame|LOL,False,False,False,False,False,False,|c| Rzoneflame|LOL
gen9natdexdraft-2334062445,https://replay.pokemonshowdown.com/gen9natdexdraft-2334062445,125,c,,,,,,,,,,,,unknown,unhandled_event, johnny weest|xDDDDDDDDDDDDD,False,False,False,False,False,False,|c| johnny weest|xDDDDDDDDDDDDD
gen9natdexdraft-2334062445,https://replay.pokemonshowdown.com/gen9natdexdraft-2334062445,125,c,,,,,,,,,,,,unknown,unhandled_event, udays|LMAO,False,False,False,False,False,False,|c| udays|LMAO
gen9natdexdraft-2334062445,https://replay.pokemonshowdown.com/gen9natdexdraft-2334062445,125,c,,,,,,,,,,,,unknown,unhandled_event, johnny weest|nah,False,False,False,False,False,False,|c| johnny weest|nah
gen9natdexdraft-2334062445,https://replay.pokemonshowdown.com/gen9natdexdraft-2334062445,125,c,,,,,,,,,,,,unknown,unhandled_event, johnny weest|poor lad,False,False,False,False,False,False,|c| johnny weest|poor lad
gen9natdexdraft-2334062445,https://replay.pokemonshowdown.com/gen9natdexdraft-2334062445,125,c,,,,,,,,,,,,unknown,unhandled_event, udays|we have been here for longer,False,False,False,False,False,False,|c| udays|we have been here for longer
gen9natdexdraft-2334062445,https://replay.pokemonshowdown.com/gen9natdexdraft-2334062445,125,c,,,,,,,,,,,,unknown,unhandled_event, johnny weest|you dont know the extent of the suffering,False,False,False,False,False,False,|c| johnny weest|you dont know the extent of the suffering
gen9natdexdraft-2334062445,https://replay.pokemonshowdown.com/gen9natdexdraft-2334062445,125,unknown,,,,,,,,,,,,unknown,unhandled_event,,False,False,False,False,False,False,|
gen9natdexdraft-2334062445,https://replay.pokemonshowdown.com/gen9natdexdraft-2334062445,125,timestamp,,,,,,,,,,,,unknown,,1743648259,False,False,False,False,False,False,|t:|1743648259
gen9natdexdraft-2334062445,https://replay.pokemonshowdown.com/gen9natdexdraft-2334062445,125,switch,FluffySingh,,,Wailord,Gliscor,,,,,,100/100 tox,percent,switch,,False,False,False,False,False,False,"|switch|p1a: Wailord|Gliscor, F|100/100 tox"
gen9natdexdraft-2334062445,https://replay.pokemonshowdown.com/gen9natdexdraft-2334062445,125,move,charuzar,TUNGTUNGTUNGSAHUR,Shiinotic,Wailord,Gliscor,Moonblast,,,,,,unknown,move,,False,False,False,False,False,False,|move|p2a: TUNGTUNGTUNGSAHUR|Moonblast|p1a: Wailord
gen9natdexdraft-2334062445,https://replay.pokemonshowdown.com/gen9natdexdraft-2334062445,125,damage,FluffySingh,TUNGTUNGTUNGSAHUR,Shiinotic,Wailord,Gliscor,Moonblast,,,25,100/100 tox,75/100 tox,percent,move,Moonblast,True,False,False,False,False,False,|-damage|p1a: Wailord|75/100 tox
gen9natdexdraft-2334062445,https://replay.pokemonshowdown.com/gen9natdexdraft-2334062445,125,unboost,FluffySingh,TUNGTUNGTUNGSAHUR,Shiinotic,Wailord,Gliscor,,,,-1,,,unknown,spa,,False,False,False,False,False,False,|-unboost|p1a: Wailord|spa|1
gen9natdexdraft-2334062445,https://replay.pokemonshowdown.com/gen9natdexdraft-2334062445,125,unknown,,,,,,,,,,,,unknown,unhandled_event,,False,False,False,False,False,False,|
gen9natdexdraft-2334062445,https://replay.pokemonshowdown.com/gen9natdexdraft-2334062445,125,heal,FluffySingh,Wailord,Gliscor,Wailord,Gliscor,,Poison Heal,,13,75/100 tox,88/100 tox,percent,ability,Poison Heal,False,False,False,False,False,True,|-heal|p1a: Wailord|88/100 tox|[from] ability: Poison Heal
gen9natdexdraft-2334062445,https://replay.pokemonshowdown.com/gen9natdexdraft-2334062445,125,damage,charuzar,unknown,,TUNGTUNGTUNGSAHUR,Shiinotic,,,,31,57/100 tox,26/100 tox,percent,status,poison,False,True,False,False,False,False,|-damage|p2a: TUNGTUNGTUNGSAHUR|26/100 tox|[from] psn
gen9natdexdraft-2334062445,https://replay.pokemonshowdown.com/gen9natdexdraft-2334062445,125,upkeep,,,,,,,,,,,,unknown,unhandled_event,,False,False,False,False,False,False,|upkeep
gen9natdexdraft-2334062445,https://replay.pokemonshowdown.com/gen9natdexdraft-2334062445,126,turn,,,,,,,,,,,,unknown,,126,False,False,False,False,False,False,|turn|126
gen9natdexdraft-2334062445,https://replay.pokemonshowdown.com/gen9natdexdraft-2334062445,126,c,,,,,,,,,,,,unknown,unhandled_event, hydrationdad|sleep is for the weak,False,False,False,False,False,False,|c| hydrationdad|sleep is for the weak
gen9natdexdraft-2334062445,https://replay.pokemonshowdown.com/gen9natdexdraft-2334062445,126,unknown,,,,,,,,,,,,unknown,unhandled_event,,False,False,False,False,False,False,|
gen9natdexdraft-2334062445,https://replay.pokemonshowdown.com/gen9natdexdraft-2334062445,126,timestamp,,,,,,,,,,,,unknown,,1743648283,False,False,False,False,False,False,|t:|1743648283
gen9natdexdraft-2334062445,https://replay.pokemonshowdown.com/gen9natdexdraft-2334062445,126,switch,charuzar,,,Rotom-in-Heat,Rotom-Heat,,,,,,89/100,percent,switch,,False,False,False,False,False,False,|switch|p2a: Rotom-in-Heat|Rotom-Heat|89/100
gen9natdexdraft-2334062445,https://replay.pokemonshowdown.com/gen9natdexdraft-2334062445,126,move,FluffySingh,Wailord,Gliscor,Rotom-in-Heat,Rotom-Heat,Earthquake,,,,,,unknown,move,,False,False,False,False,False,False,|move|p1a: Wailord|Earthquake|p2a: Rotom-in-Heat
gen9natdexdraft-2334062445,https://replay.pokemonshowdown.com/gen9natdexdraft-2334062445,126,immune,,,,,,,,,,,,unknown,,p2a: Rotom-in-Heat|[from] ability: Levitate,False,False,False,False,False,False,|-immune|p2a: Rotom-in-Heat|[from] ability: Levitate
gen9natdexdraft-2334062445,https://replay.pokemonshowdown.com/gen9natdexdraft-2334062445,126,unknown,,,,,,,,,,,,unknown,unhandled_event,,False,False,False,False,False,False,|
gen9natdexdraft-2334062445,https://replay.pokemonshowdown.com/gen9natdexdraft-2334062445,126,heal,FluffySingh,Wailord,Gliscor,Wailord,Gliscor,,Poison Heal,,12,88/100 tox,100/100 tox,percent,ability,Poison Heal,False,False,False,False,False,True,|-heal|p1a: Wailord|100/100 tox|[from] ability: Poison Heal
gen9natdexdraft-2334062445,https://replay.pokemonshowdown.com/gen9natdexdraft-2334062445,126,upkeep,,,,,,,,,,,,unknown,unhandled_event,,False,False,False,False,False,False,|upkeep
gen9natdexdraft-2334062445,https://replay.pokemonshowdown.com/gen9natdexdraft-2334062445,127,turn,,,,,,,,,,,,unknown,,127,False,False,False,False,False,False,|turn|127
gen9natdexdraft-2334062445,https://replay.pokemonshowdown.com/gen9natdexdraft-2334062445,127,c,,,,,,,,,,,,unknown,unhandled_event, Caliber14|both of you should seek god,False,False,False,False,False,False,|c| Caliber14|both of you should seek god
gen9natdexdraft-2334062445,https://replay.pokemonshowdown.com/gen9natdexdraft-2334062445,127,unknown,,,,,,,,,,,,unknown,unhandled_event,,False,False,False,False,False,False,|
gen9natdexdraft-2334062445,https://replay.pokemonshowdown.com/gen9natdexdraft-2334062445,127,timestamp,,,,,,,,,,,,unknown,,1743648292,False,False,False,False,False,False,|t:|1743648292
gen9natdexdraft-2334062445,https://replay.pokemonshowdown.com/gen9natdexdraft-2334062445,127,move,FluffySingh,Wailord,Gliscor,Rotom-in-Heat,Rotom-Heat,Knock Off,,,,,,unknown,move,,False,False,False,False,False,False,|move|p1a: Wailord|Knock Off|p2a: Rotom-in-Heat
gen9natdexdraft-2334062445,https://replay.pokemonshowdown.com/gen9natdexdraft-2334062445,127,damage,charuzar,Wailord,Gliscor,Rotom-in-Heat,Rotom-Heat,Knock Off,,,20,89/100,69/100,percent,move,Knock Off,True,False,False,False,False,False,|-damage|p2a: Rotom-in-Heat|69/100
gen9natdexdraft-2334062445,https://replay.pokemonshowdown.com/gen9natdexdraft-2334062445,127,enditem,charuzar,Wailord,Gliscor,Rotom-in-Heat,Rotom-Heat,,,Passho Berry,,,,unknown,item_consumed,,False,False,False,False,False,False,|-enditem|p2a: Rotom-in-Heat|Passho Berry|[from] move: Knock Off|[of] p1a: Wailord
gen9natdexdraft-2334062445,https://replay.pokemonshowdown.com/gen9natdexdraft-2334062445,127,move,charuzar,Rotom-in-Heat,Rotom-Heat,Wailord,Gliscor,Overheat,,,,,,unknown,move,,False,False,False,False,False,False,|move|p2a: Rotom-in-Heat|Overheat|p1a: Wailord
gen9natdexdraft-2334062445,https://replay.pokemonshowdown.com/gen9natdexdraft-2334062445,127,damage,FluffySingh,Rotom-in-Heat,Rotom-Heat,Wailord,Gliscor,Overheat,,,37,100/100 tox,63/100 tox,percent,move,Overheat,True,False,False,False,False,False,|-damage|p1a: Wailord|63/100 tox
gen9natdexdraft-2334062445,https://replay.pokemonshowdown.com/gen9natdexdraft-2334062445,127,unboost,charuzar,Rotom-in-Heat,Rotom-Heat,Rotom-in-Heat,Rotom-Heat,,,,-2,,,unknown,spa,,False,False,False,False,False,False,|-unboost|p2a: Rotom-in-Heat|spa|2
gen9natdexdraft-2334062445,https://replay.pokemonshowdown.com/gen9natdexdraft-2334062445,127,unknown,,,,,,,,,,,,unknown,unhandled_event,,False,False,False,False,False,False,|
gen9natdexdraft-2334062445,https://replay.pokemonshowdown.com/gen9natdexdraft-2334062445,127,heal,FluffySingh,Wailord,Gliscor,Wailord,Gliscor,,Poison Heal,,12,63/100 tox,75/100 tox,percent,ability,Poison Heal,False,False,False,False,False,True,|-heal|p1a: Wailord|75/100 tox|[from] ability: Poison Heal
gen9natdexdraft-2334062445,https://replay.pokemonshowdown.com/gen9natdexdraft-2334062445,127,upkeep,,,,,,,,,,,,unknown,unhandled_event,,False,False,False,False,False,False,|upkeep
gen9natdexdraft-2334062445,https://replay.pokemonshowdown.com/gen9natdexdraft-2334062445,128,turn,,,,,,,,,,,,unknown,,128,False,False,False,False,False,False,|turn|128
gen9natdexdraft-2334062445,https://replay.pokemonshowdown.com/gen9natdexdraft-2334062445,128,c,,,,,,,,,,,,unknown,unhandled_event, johnny weest|yeah they should go meet him in person,False,False,False,False,False,False,|c| johnny weest|yeah they should go meet him in person
gen9natdexdraft-2334062445,https://replay.pokemonshowdown.com/gen9natdexdraft-2334062445,128,c,,,,,,,,,,,,unknown,unhandled_event, johnny weest|rn,False,False,False,False,False,False,|c| johnny weest|rn
gen9natdexdraft-2334062445,https://replay.pokemonshowdown.com/gen9natdexdraft-2334062445,128,c,,,,,,,,,,,,unknown,unhandled_event, Caliber14|i agree,False,False,False,False,False,False,|c| Caliber14|i agree
gen9natdexdraft-2334062445,https://replay.pokemonshowdown.com/gen9natdexdraft-2334062445,128,c,,,,,,,,,,,,unknown,unhandled_event, johnny weest|expeditiously,False,False,False,False,False,False,|c| johnny weest|expeditiously
gen9natdexdraft-2334062445,https://replay.pokemonshowdown.com/gen9natdexdraft-2334062445,128,c,,,,,,,,,,,,unknown,unhandled_event, Caliber14|rush rope and chair charu,False,False,False,False,False,False,|c| Caliber14|rush rope and chair charu
gen9natdexdraft-2334062445,https://replay.pokemonshowdown.com/gen9natdexdraft-2334062445,128,unknown,,,,,,,,,,,,unknown,unhandled_event,,False,False,False,False,False,False,|
gen9natdexdraft-2334062445,https://replay.pokemonshowdown.com/gen9natdexdraft-2334062445,128,timestamp,,,,,,,,,,,,unknown,,1743648317,False,False,False,False,False,False,|t:|1743648317
gen9natdexdraft-2334062445,https://replay.pokemonshowdown.com/gen9natdexdraft-2334062445,128,move,FluffySingh,Wailord,Gliscor,Rotom-in-Heat,Rotom-Heat,Toxic,,,,,,unknown,move,,False,False,False,False,False,False,|move|p1a: Wailord|Toxic|p2a: Rotom-in-Heat
gen9natdexdraft-2334062445,https://replay.pokemonshowdown.com/gen9natdexdraft-2334062445,128,status,charuzar,Wailord,Gliscor,Rotom-in-Heat,Rotom-Heat,,,,,,,unknown,move,Toxic,False,False,False,False,False,False,|-status|p2a: Rotom-in-Heat|tox
gen9natdexdraft-2334062445,https://replay.pokemonshowdown.com/gen9natdexdraft-2334062445,128,move,charuzar,Rotom-in-Heat,Rotom-Heat,Wailord,Gliscor,Overheat,,,,,,unknown,move,,False,False,False,False,False,False,|move|p2a: Rotom-in-Heat|Overheat|p1a: Wailord
gen9natdexdraft-2334062445,https://replay.pokemonshowdown.com/gen9natdexdraft-2334062445,128,damage,FluffySingh,Rotom-in-Heat,Rotom-Heat,Wailord,Gliscor,Overheat,,,19,75/100 tox,56/100 tox,percent,move,Overheat,True,False,False,False,False,False,|-damage|p1a: Wailord|56/100 tox
gen9natdexdraft-2334062445,https://replay.pokemonshowdown.com/gen9natdexdraft-2334062445,128,unboost,charuzar,Rotom-in-Heat,Rotom-Heat,Rotom-in-Heat,Rotom-Heat,,,,-2,,,unknown,spa,,False,False,False,False,False,False,|-unboost|p2a: Rotom-in-Heat|spa|2
gen9natdexdraft-2334062445,https://replay.pokemonshowdown.com/gen9natdexdraft-2334062445,128,unknown,,,,,,,,,,,,unknown,unhandled_event,,False,False,False,False,False,False,|
gen9natdexdraft-2334062445,https://replay.pokemonshowdown.com/gen9natdexdraft-2334062445,128,heal,FluffySingh,Wailord,Gliscor,Wailord,Gliscor,,Poison Heal,,13,56/100 tox,69/100 tox,percent,ability,Poison Heal,False,False,False,False,False,True,|-heal|p1a: Wailord|69/100 tox|[from] ability: Poison Heal
gen9natdexdraft-2334062445,https://replay.pokemonshowdown.com/gen9natdexdraft-2334062445,128,damage,charuzar,unknown,,Rotom-in-Heat,Rotom-Heat,,,,6,69/100,63/100 tox,percent,status,poison,False,True,False,False,False,False,|-damage|p2a: Rotom-in-Heat|63/100 tox|[from] psn
gen9natdexdraft-2334062445,https://replay.pokemonshowdown.com/gen9natdexdraft-2334062445,128,upkeep,,,,,,,,,,,,unknown,unhandled_event,,False,False,False,False,False,False,|upkeep
gen9natdexdraft-2334062445,https://replay.pokemonshowdown.com/gen9natdexdraft-2334062445,129,turn,,,,,,,,,,,,unknown,,129,False,False,False,False,False,False,|turn|129
gen9natdexdraft-2334062445,https://replay.pokemonshowdown.com/gen9natdexdraft-2334062445,129,j,,,,,,,,,,,,unknown,unhandled_event, MrPokemon3345,False,False,False,False,False,False,|j| MrPokemon3345
gen9natdexdraft-2334062445,https://replay.pokemonshowdown.com/gen9natdexdraft-2334062445,129,unknown,,,,,,,,,,,,unknown,unhandled_event,,False,False,False,False,False,False,|
gen9natdexdraft-2334062445,https://replay.pokemonshowdown.com/gen9natdexdraft-2334062445,129,timestamp,,,,,,,,,,,,unknown,,1743648329,False,False,False,False,False,False,|t:|1743648329
gen9natdexdraft-2334062445,https://replay.pokemonshowdown.com/gen9natdexdraft-2334062445,129,move,FluffySingh,Wailord,Gliscor,Wailord,Gliscor,Protect,,,,,,unknown,move,,False,False,False,False,False,False,|move|p1a: Wailord|Protect|p1a: Wailord
gen9natdexdraft-2334062445,https://replay.pokemonshowdown.com/gen9natdexdraft-2334062445,129,-singleturn,,,,,,,,,,,,unknown,unhandled_event,p1a: Wailord|Protect,False,False,False,False,False,False,|-singleturn|p1a: Wailord|Protect
gen9natdexdraft-2334062445,https://replay.pokemonshowdown.com/gen9natdexdraft-2334062445,129,move,charuzar,Rotom-in-Heat,Rotom-Heat,Wailord,Gliscor,Pain Split,,,,,,unknown,move,,False,False,False,False,False,False,|move|p2a: Rotom-in-Heat|Pain Split|p1a: Wailord
gen9natdexdraft-2334062445,https://replay.pokemonshowdown.com/gen9natdexdraft-2334062445,129,activate,,,,Wailord,Gliscor,,,,,,,unknown,Protect,,False,False,False,False,False,False,|-activate|p1a: Wailord|move: Protect
gen9natdexdraft-2334062445,https://replay.pokemonshowdown.com/gen9natdexdraft-2334062445,129,unknown,,,,,,,,,,,,unknown,unhandled_event,,False,False,False,False,False,False,|
gen9natdexdraft-2334062445,https://replay.pokemonshowdown.com/gen9natdexdraft-2334062445,129,heal,FluffySingh,Wailord,Gliscor,Wailord,Gliscor,,Poison Heal,,12,69/100 tox,81/100 tox,percent,ability,Poison Heal,False,False,False,False,False,True,|-heal|p1a: Wailord|81/100 tox|[from] ability: Poison Heal
gen9natdexdraft-2334062445,https://replay.pokemonshowdown.com/gen9natdexdraft-2334062445,129,damage,charuzar,unknown,,Rotom-in-Heat,Rotom-Heat,,,,13,63/100 tox,50/100 tox,percent,status,poison,False,True,False,False,False,False,|-damage|p2a: Rotom-in-Heat|50/100 tox|[from] psn
gen9natdexdraft-2334062445,https://replay.pokemonshowdown.com/gen9natdexdraft-2334062445,129,upkeep,,,,,,,,,,,,unknown,unhandled_event,,False,False,False,False,False,False,|upkeep
gen9natdexdraft-2334062445,https://replay.pokemonshowdown.com/gen9natdexdraft-2334062445,130,turn,,,,,,,,,,,,unknown,,130,False,False,False,False,False,False,|turn|130
gen9natdexdraft-2334062445,https://replay.pokemonshowdown.com/gen9natdexdraft-2334062445,130,c,,,,,,,,,,,,unknown,unhandled_event, johnny weest|hang by neck until dead any% speedrun please,False,False,False,False,False,False,|c| johnny weest|hang by neck until dead any% speedrun please
gen9natdexdraft-2334062445,https://replay.pokemonshowdown.com/gen9natdexdraft-2334062445,130,c,,,,,,,,,,,,unknown,unhandled_event, Caliber14|ajay youre hot when you use big boy words like expeditiously,False,False,False,False,False,False,|c| Caliber14|ajay youre hot when you use big boy words like expeditiously
gen9natdexdraft-2334062445,https://replay.pokemonshowdown.com/gen9natdexdraft-2334062445,130,c,,,,,,,,,,,,unknown,unhandled_event, johnny weest|tye shiiiiii,False,False,False,False,False,False,|c| johnny weest|tye shiiiiii
gen9natdexdraft-2334062445,https://replay.pokemonshowdown.com/gen9natdexdraft-2334062445,130,unknown,,,,,,,,,,,,unknown,unhandled_event,,False,False,False,False,False,False,|
gen9natdexdraft-2334062445,https://replay.pokemonshowdown.com/gen9natdexdraft-2334062445,130,timestamp,,,,,,,,,,,,unknown,,1743648344,False,False,False,False,False,False,|t:|1743648344
gen9natdexdraft-2334062445,https://replay.pokemonshowdown.com/gen9natdexdraft-2334062445,130,move,FluffySingh,Wailord,Gliscor,Rotom-in-Heat,Rotom-Heat,Knock Off,,,,,,unknown,move,,False,False,False,False,False,False,|move|p1a: Wailord|Knock Off|p2a: Rotom-in-Heat
gen9natdexdraft-2334062445,https://replay.pokemonshowdown.com/gen9natdexdraft-2334062445,130,damage,charuzar,Wailord,Gliscor,Rotom-in-Heat,Rotom-Heat,Knock Off,,,15,50/100 tox,35/100 tox,percent,move,Knock Off,True,False,False,False,False,False,|-damage|p2a: Rotom-in-Heat|35/100 tox
gen9natdexdraft-2334062445,https://replay.pokemonshowdown.com/gen9natdexdraft-2334062445,130,move,charuzar,Rotom-in-Heat,Rotom-Heat,Wailord,Gliscor,Pain Split,,,,,,unknown,move,,False,False,False,False,False,False,|move|p2a: Rotom-in-Heat|Pain Split|p1a: Wailord
gen9natdexdraft-2334062445,https://replay.pokemonshowdown.com/gen9natdexdraft-2334062445,130,-sethp,,,,,,,,,,,,unknown,unhandled_event,p1a: Wailord|56/100 tox|[from] move: Pain Split|[silent],False,False,False,False,False,False,|-sethp|p1a: Wailord|56/100 tox|[from] move: Pain Split|[silent]
gen9natdexdraft-2334062445,https://replay.pokemonshowdown.com/gen9natdexdraft-2334062445,130,-sethp,,,,,,,,,,,,unknown,unhandled_event,p2a: Rotom-in-Heat|65/100 tox|[from] move: Pain Split,False,False,False,False,False,False,|-sethp|p2a: Rotom-in-Heat|65/100 tox|[from] move: Pain Split
gen9natdexdraft-2334062445,https://replay.pokemonshowdown.com/gen9natdexdraft-2334062445,130,unknown,,,,,,,,,,,,unknown,unhandled_event,,False,False,False,False,False,False,|
gen9natdexdraft-2334062445,https://replay.pokemonshowdown.com/gen9natdexdraft-2334062445,130,heal,FluffySingh,Wailord,Gliscor,Wailord,Gliscor,,Poison Heal,,0,81/100 tox,68/100 tox,percent,ability,Poison Heal,False,False,False,False,False,True,|-heal|p1a: Wailord|68/100 tox|[from] ability: Poison Heal
gen9natdexdraft-2334062445,https://replay.pokemonshowdown.com/gen9natdexdraft-2334062445,130,damage,charuzar,unknown,,Rotom-in-Heat,Rotom-Heat,,,,0,35/100 tox,46/100 tox,percent,status,poison,False,True,False,False,False,False,|-damage|p2a: Rotom-in-Heat|46/100 tox|[from] psn
gen9natdexdraft-2334062445,https://replay.pokemonshowdown.com/gen9natdexdraft-2334062445,130,upkeep,,,,,,,,,,,,unknown,unhandled_event,,False,False,False,False,False,False,|upkeep
gen9natdexdraft-2334062445,https://replay.pokemonshowdown.com/gen9natdexdraft-2334062445,131,turn,,,,,,,,,,,,unknown,,131,False,False,False,False,False,False,|turn|131
gen9natdexdraft-2334062445,https://replay.pokemonshowdown.com/gen9natdexdraft-2334062445,131,unknown,,,,,,,,,,,,unknown,unhandled_event,,False,False,False,False,False,False,|
gen9natdexdraft-2334062445,https://replay.pokemonshowdown.com/gen9natdexdraft-2334062445,131,timestamp,,,,,,,,,,,,unknown,,1743648361,False,False,False,False,False,False,|t:|1743648361
gen9natdexdraft-2334062445,https://replay.pokemonshowdown.com/gen9natdexdraft-2334062445,131,move,FluffySingh,Wailord,Gliscor,Wailord,Gliscor,Protect,,,,,,unknown,move,,False,False,False,False,False,False,|move|p1a: Wailord|Protect|p1a: Wailord
gen9natdexdraft-2334062445,https://replay.pokemonshowdown.com/gen9natdexdraft-2334062445,131,-singleturn,,,,,,,,,,,,unknown,unhandled_event,p1a: Wailord|Protect,False,False,False,False,False,False,|-singleturn|p1a: Wailord|Protect
gen9natdexdraft-2334062445,https://replay.pokemonshowdown.com/gen9natdexdraft-2334062445,131,move,charuzar,Rotom-in-Heat,Rotom-Heat,Wailord,Gliscor,Pain Split,,,,,,unknown,move,,False,False,False,False,False,False,|move|p2a: Rotom-in-Heat|Pain Split|p1a: Wailord
gen9natdexdraft-2334062445,https://replay.pokemonshowdown.com/gen9natdexdraft-2334062445,131,activate,,,,Wailord,Gliscor,,,,,,,unknown,Protect,,False,False,False,False,False,False,|-activate|p1a: Wailord|move: Protect
gen9natdexdraft-2334062445,https://replay.pokemonshowdown.com/gen9natdexdraft-2334062445,131,unknown,,,,,,,,,,,,unknown,unhandled_event,,False,False,False,False,False,False,|
gen9natdexdraft-2334062445,https://replay.pokemonshowdown.com/gen9natdexdraft-2334062445,131,heal,FluffySingh,Wailord,Gliscor,Wailord,Gliscor,,Poison Heal,,13,68/100 tox,81/100 tox,percent,ability,Poison Heal,False,False,False,False,False,True,|-heal|p1a: Wailord|81/100 tox|[from] ability: Poison Heal
gen9natdexdraft-2334062445,https://replay.pokemonshowdown.com/gen9natdexdraft-2334062445,131,damage,charuzar,unknown,,Rotom-in-Heat,Rotom-Heat,,,,25,46/100 tox,21/100 tox,percent,status,poison,False,True,False,False,False,False,|-damage|p2a: Rotom-in-Heat|21/100 tox|[from] psn
gen9natdexdraft-2334062445,https://replay.pokemonshowdown.com/gen9natdexdraft-2334062445,131,upkeep,,,,,,,,,,,,unknown,unhandled_event,,False,False,False,False,False,False,|upkeep
gen9natdexdraft-2334062445,https://replay.pokemonshowdown.com/gen9natdexdraft-2334062445,132,turn,,,,,,,,,,,,unknown,,132,False,False,False,False,False,False,|turn|132
gen9natdexdraft-2334062445,https://replay.pokemonshowdown.com/gen9natdexdraft-2334062445,132,c,,,,,,,,,,,,unknown,unhandled_event, johnny weest|I shall endeavour to fortify my vocabulary expeditiously,False,False,False,False,False,False,|c| johnny weest|I shall endeavour to fortify my vocabulary expeditiously
gen9natdexdraft-2334062445,https://replay.pokemonshowdown.com/gen9natdexdraft-2334062445,132,unknown,,,,,,,,,,,,unknown,unhandled_event,,False,False,False,False,False,False,|
gen9natdexdraft-2334062445,https://replay.pokemonshowdown.com/gen9natdexdraft-2334062445,132,timestamp,,,,,,,,,,,,unknown,,1743648376,False,False,False,False,False,False,|t:|1743648376
gen9natdexdraft-2334062445,https://replay.pokemonshowdown.com/gen9natdexdraft-2334062445,132,move,FluffySingh,Wailord,Gliscor,Rotom-in-Heat,Rotom-Heat,Earthquake,,,,,,unknown,move,,False,False,False,False,False,False,|move|p1a: Wailord|Earthquake|p2a: Rotom-in-Heat
gen9natdexdraft-2334062445,https://replay.pokemonshowdown.com/gen9natdexdraft-2334062445,132,immune,,,,,,,,,,,,unknown,,p2a: Rotom-in-Heat|[from] ability: Levitate,False,False,False,False,False,False,|-immune|p2a: Rotom-in-Heat|[from] ability: Levitate
gen9natdexdraft-2334062445,https://replay.pokemonshowdown.com/gen9natdexdraft-2334062445,132,move,charuzar,Rotom-in-Heat,Rotom-Heat,Wailord,Gliscor,Pain Split,,,,,,unknown,move,,False,False,False,False,False,False,|move|p2a: Rotom-in-Heat|Pain Split|p1a: Wailord
gen9natdexdraft-2334062445,https://replay.pokemonshowdown.com/gen9natdexdraft-2334062445,132,-sethp,,,,,,,,,,,,unknown,unhandled_event,p1a: Wailord|49/100 tox|[from] move: Pain Split|[silent],False,False,False,False,False,False,|-sethp|p1a: Wailord|49/100 tox|[from] move: Pain Split|[silent]
gen9natdexdraft-2334062445,https://replay.pokemonshowdown.com/gen9natdexdraft-2334062445,132,-sethp,,,,,,,,,,,,unknown,unhandled_event,p2a: Rotom-in-Heat|57/100 tox|[from] move: Pain Split,False,False,False,False,False,False,|-sethp|p2a: Rotom-in-Heat|57/100 tox|[from] move: Pain Split
gen9natdexdraft-2334062445,https://replay.pokemonshowdown.com/gen9natdexdraft-2334062445,132,unknown,,,,,,,,,,,,unknown,unhandled_event,,False,False,False,False,False,False,|
gen9natdexdraft-2334062445,https://replay.pokemonshowdown.com/gen9natdexdraft-2334062445,132,heal,FluffySingh,Wailord,Gliscor,Wailord,Gliscor,,Poison Heal,,0,81/100 tox,62/100 tox,percent,ability,Poison Heal,False,False,False,False,False,True,|-heal|p1a: Wailord|62/100 tox|[from] ability: Poison Heal
gen9natdexdraft-2334062445,https://replay.pokemonshowdown.com/gen9natdexdraft-2334062445,132,damage,charuzar,unknown,,Rotom-in-Heat,Rotom-Heat,,,,0,21/100 tox,26/100 tox,percent,status,poison,False,True,False,False,False,False,|-damage|p2a: Rotom-in-Heat|26/100 tox|[from] psn
gen9natdexdraft-2334062445,https://replay.pokemonshowdown.com/gen9natdexdraft-2334062445,132,upkeep,,,,,,,,,,,,unknown,unhandled_event,,False,False,False,False,False,False,|upkeep
gen9natdexdraft-2334062445,https://replay.pokemonshowdown.com/gen9natdexdraft-2334062445,133,turn,,,,,,,,,,,,unknown,,133,False,False,False,False,False,False,|turn|133
gen9natdexdraft-2334062445,https://replay.pokemonshowdown.com/gen9natdexdraft-2334062445,133,c,,,,,,,,,,,,unknown,unhandled_event, Caliber14|nvm you doin too much,False,False,False,False,False,False,|c| Caliber14|nvm you doin too much
gen9natdexdraft-2334062445,https://replay.pokemonshowdown.com/gen9natdexdraft-2334062445,133,c,,,,,,,,,,,,unknown,unhandled_event, johnny weest|:(,False,False,False,False,False,False,|c| johnny weest|:(
gen9natdexdraft-2334062445,https://replay.pokemonshowdown.com/gen9natdexdraft-2334062445,133,c,,,,,,,,,,,,unknown,unhandled_event, hydrationdad|now that i learned expeditously gonna be using it everywhere for a month,False,False,False,False,False,False,|c| hydrationdad|now that i learned expeditously gonna be using it everywhere for a month
gen9natdexdraft-2334062445,https://replay.pokemonshowdown.com/gen9natdexdraft-2334062445,133,c,,,,,,,,,,,,unknown,unhandled_event, johnny weest|tye shit,False,False,False,False,False,False,|c| johnny weest|tye shit
gen9natdexdraft-2334062445,https://replay.pokemonshowdown.com/gen9natdexdraft-2334062445,133,c,,,,,,,,,,,,unknown,unhandled_event, hydrationdad|like i did when i learned enourmous back in grade 1,False,False,False,False,False,False,|c| hydrationdad|like i did when i learned enourmous back in grade 1
gen9natdexdraft-2334062445,https://replay.pokemonshowdown.com/gen9natdexdraft-2334062445,133,unknown,,,,,,,,,,,,unknown,unhandled_event,,False,False,False,False,False,False,|
gen9natdexdraft-2334062445,https://replay.pokemonshowdown.com/gen9natdexdraft-2334062445,133,timestamp,,,,,,,,,,,,unknown,,1743648404,False,False,False,False,False,False,|t:|1743648404
gen9natdexdraft-2334062445,https://replay.pokemonshowdown.com/gen9natdexdraft-2334062445,133,move,FluffySingh,Wailord,Gliscor,Rotom-in-Heat,Rotom-Heat,Knock Off,,,,,,unknown,move,,False,False,False,False,False,False,|move|p1a: Wailord|Knock Off|p2a: Rotom-in-Heat
gen9natdexdraft-2334062445,https://replay.pokemonshowdown.com/gen9natdexdraft-2334062445,133,crit,,Wailord,Gliscor,Rotom-in-Heat,Rotom-Heat,Knock Off,,,,,,unknown,,p2a: Rotom-in-Heat,False,False,False,False,False,False,|-crit|p2a: Rotom-in-Heat
gen9natdexdraft-2334062445,https://replay.pokemonshowdown.com/gen9natdexdraft-2334062445,133,damage,charuzar,Wailord,Gliscor,Rotom-in-Heat,Rotom-Heat,Knock Off,,,20,26/100 tox,6/100 tox,percent,move,Knock Off,True,False,False,False,False,False,|-damage|p2a: Rotom-in-Heat|6/100 tox
gen9natdexdraft-2334062445,https://replay.pokemonshowdown.com/gen9natdexdraft-2334062445,133,move,charuzar,Rotom-in-Heat,Rotom-Heat,Wailord,Gliscor,Overheat,,,,,,unknown,move,,False,False,False,False,False,False,|move|p2a: Rotom-in-Heat|Overheat|p1a: Wailord
gen9natdexdraft-2334062445,https://replay.pokemonshowdown.com/gen9natdexdraft-2334062445,133,damage,FluffySingh,Rotom-in-Heat,Rotom-Heat,Wailord,Gliscor,Overheat,,,14,62/100 tox,48/100 tox,percent,move,Overheat,True,False,False,False,False,False,|-damage|p1a: Wailord|48/100 tox
gen9natdexdraft-2334062445,https://replay.pokemonshowdown.com/gen9natdexdraft-2334062445,133,unboost,charuzar,Rotom-in-Heat,Rotom-Heat,Rotom-in-Heat,Rotom-Heat,,,,-2,,,unknown,spa,,False,False,False,False,False,False,|-unboost|p2a: Rotom-in-Heat|spa|2
gen9natdexdraft-2334062445,https://replay.pokemonshowdown.com/gen9natdexdraft-2334062445,133,unknown,,,,,,,,,,,,unknown,unhandled_event,,False,False,False,False,False,False,|
gen9natdexdraft-2334062445,https://replay.pokemonshowdown.com/gen9natdexdraft-2334062445,133,heal,FluffySingh,Wailord,Gliscor,Wailord,Gliscor,,Poison Heal,,12,48/100 tox,60/100 tox,percent,ability,Poison Heal,False,False,False,False,False,True,|-heal|p1a: Wailord|60/100 tox|[from] ability: Poison Heal
gen9natdexdraft-2334062445,https://replay.pokemonshowdown.com/gen9natdexdraft-2334062445,133,damage,charuzar,unknown,,Rotom-in-Heat,Rotom-Heat,,,,6,6/100 tox,0 fnt,percent,status,poison,False,True,False,False,False,False,|-damage|p2a: Rotom-in-Heat|0 fnt|[from] psn
gen9natdexdraft-2334062445,https://replay.pokemonshowdown.com/gen9natdexdraft-2334062445,133,faint,charuzar,unknown,,Rotom-in-Heat,Rotom-Heat,,,,,,,unknown,status,poison,False,True,False,False,False,False,|faint|p2a: Rotom-in-Heat
gen9natdexdraft-2334062445,https://replay.pokemonshowdown.com/gen9natdexdraft-2334062445,133,upkeep,,,,,,,,,,,,unknown,unhandled_event,,False,False,False,False,False,False,|upkeep
gen9natdexdraft-2334062445,https://replay.pokemonshowdown.com/gen9natdexdraft-2334062445,133,c,,,,,,,,,,,,unknown,unhandled_event, Caliber14|LETS GOOO,False,False,False,False,False,False,|c| Caliber14|LETS GOOO
gen9natdexdraft-2334062445,https://replay.pokemonshowdown.com/gen9natdexdraft-2334062445,133,c,,,,,,,,,,,,unknown,unhandled_event, Caliber14|SOMEONE DIED,False,False,False,False,False,False,|c| Caliber14|SOMEONE DIED
gen9natdexdraft-2334062445,https://replay.pokemonshowdown.com/gen9natdexdraft-2334062445,133,c,,,,,,,,,,,,unknown,unhandled_event, johnny weest|3rd death,False,False,False,False,False,False,|c| johnny weest|3rd death
gen9natdexdraft-2334062445,https://replay.pokemonshowdown.com/gen9natdexdraft-2334062445,133,c,,,,,,,,,,,,unknown,unhandled_event, johnny weest|turn 133,False,False,False,False,False,False,|c| johnny weest|turn 133
gen9natdexdraft-2334062445,https://replay.pokemonshowdown.com/gen9natdexdraft-2334062445,133,c,,,,,,,,,,,,unknown,unhandled_event, Rzoneflame|Wailord so clutch,False,False,False,False,False,False,|c| Rzoneflame|Wailord so clutch
gen9natdexdraft-2334062445,https://replay.pokemonshowdown.com/gen9natdexdraft-2334062445,133,c,,,,,,,,,,,,unknown,unhandled_event, Caliber14|i see why charu deleted it,False,False,False,False,False,False,|c| Caliber14|i see why charu deleted it
gen9natdexdraft-2334062445,https://replay.pokemonshowdown.com/gen9natdexdraft-2334062445,133,c,,,,,,,,,,,,unknown,unhandled_event, johnny weest|big wailord clutch,False,False,False,False,False,False,|c| johnny weest|big wailord clutch
gen9natdexdraft-2334062445,https://replay.pokemonshowdown.com/gen9natdexdraft-2334062445,133,c,,,,,,,,,,,,unknown,unhandled_event, johnny weest|real,False,False,False,False,False,False,|c| johnny weest|real
gen9natdexdraft-2334062445,https://replay.pokemonshowdown.com/gen9natdexdraft-2334062445,133,l,,,,,,,,,,,,unknown,unhandled_event, MrPokemon3345,False,False,False,False,False,False,|l| MrPokemon3345
gen9natdexdraft-2334062445,https://replay.pokemonshowdown.com/gen9natdexdraft-2334062445,133,j,,,,,,,,,,,,unknown,unhandled_event, MrPokemon3345,False,False,False,False,False,False,|j| MrPokemon3345
gen9natdexdraft-2334062445,https://replay.pokemonshowdown.com/gen9natdexdraft-2334062445,133,c,,,,,,,,,,,,unknown,unhandled_event, hydrationdad|charu you should click the nice x button at the top so we can all sleep happy,False,False,False,False,False,False,|c| hydrationdad|charu you should click the nice x button at the top so we can all sleep happy
gen9natdexdraft-2334062445,https://replay.pokemonshowdown.com/gen9natdexdraft-2334062445,133,l,,,,,,,,,,,,unknown,unhandled_event, MrPokemon3345,False,False,False,False,False,False,|l| MrPokemon3345
gen9natdexdraft-2334062445,https://replay.pokemonshowdown.com/gen9natdexdraft-2334062445,133,c,,,,,,,,,,,,unknown,unhandled_event, Caliber14|yo guys,False,False,False,False,False,False,|c| Caliber14|yo guys
gen9natdexdraft-2334062445,https://replay.pokemonshowdown.com/gen9natdexdraft-2334062445,133,c,,,,,,,,,,,,unknown,unhandled_event, Caliber14|who has the most fem name out of you guys,False,False,False,False,False,False,|c| Caliber14|who has the most fem name out of you guys
gen9natdexdraft-2334062445,https://replay.pokemonshowdown.com/gen9natdexdraft-2334062445,133,c,,,,,,,,,,,,unknown,unhandled_event, udays|rovin,False,False,False,False,False,False,|c| udays|rovin
gen9natdexdraft-2334062445,https://replay.pokemonshowdown.com/gen9natdexdraft-2334062445,133,c,,,,,,,,,,,,unknown,unhandled_event, Caliber14|Charu?,False,False,False,False,False,False,|c| Caliber14|Charu?
gen9natdexdraft-2334062445,https://replay.pokemonshowdown.com/gen9natdexdraft-2334062445,133,c,,,,,,,,,,,,unknown,unhandled_event,☆FluffySingh|harnoor is a femiine name,False,False,False,False,False,False,|c|☆FluffySingh|harnoor is a femiine name
gen9natdexdraft-2334062445,https://replay.pokemonshowdown.com/gen9natdexdraft-2334062445,133,c,,,,,,,,,,,,unknown,unhandled_event, johnny weest|CHARU,False,False,False,False,False,False,|c| johnny weest|CHARU
gen9natdexdraft-2334062445,https://replay.pokemonshowdown.com/gen9natdexdraft-2334062445,133,c,,,,,,,,,,,,unknown,unhandled_event, udays|bro,False,False,False,False,False,False,|c| udays|bro
gen9natdexdraft-2334062445,https://replay.pokemonshowdown.com/gen9natdexdraft-2334062445,133,c,,,,,,,,,,,,unknown,unhandled_event, udays|isnt harsh,False,False,False,False,False,False,|c| udays|isnt harsh
gen9natdexdraft-2334062445,https://replay.pokemonshowdown.com/gen9natdexdraft-2334062445,133,c,,,,,,,,,,,,unknown,unhandled_event, Caliber14|bet im naming my dog charu,False,False,False,False,False,False,|c| Caliber14|bet im naming my dog charu
gen9natdexdraft-2334062445,https://replay.pokemonshowdown.com/gen9natdexdraft-2334062445,133,c,,,,,,,,,,,,unknown,unhandled_event, udays|a femboy name,False,False,False,False,False,False,|c| udays|a femboy name
gen9natdexdraft-2334062445,https://replay.pokemonshowdown.com/gen9natdexdraft-2334062445,133,c,,,,,,,,,,,,unknown,unhandled_event, Caliber14|acc,False,False,False,False,False,False,|c| Caliber14|acc
gen9natdexdraft-2334062445,https://replay.pokemonshowdown.com/gen9natdexdraft-2334062445,133,c,,,,,,,,,,,,unknown,unhandled_event, udays|there was a girl named harsh in our school,False,False,False,False,False,False,|c| udays|there was a girl named harsh in our school
gen9natdexdraft-2334062445,https://replay.pokemonshowdown.com/gen9natdexdraft-2334062445,133,c,,,,,,,,,,,,unknown,unhandled_event, Caliber14|and then the next on iwll be named Harnoor,False,False,False,False,False,False,|c| Caliber14|and then the next on iwll be named Harnoor
gen9natdexdraft-2334062445,https://replay.pokemonshowdown.com/gen9natdexdraft-2334062445,133,c,,,,,,,,,,,,unknown,unhandled_event, johnny weest|LOL,False,False,False,False,False,False,|c| johnny weest|LOL
gen9natdexdraft-2334062445,https://replay.pokemonshowdown.com/gen9natdexdraft-2334062445,133,c,,,,,,,,,,,,unknown,unhandled_event, johnny weest|uday rii,False,False,False,False,False,False,|c| johnny weest|uday rii
gen9natdexdraft-2334062445,https://replay.pokemonshowdown.com/gen9natdexdraft-2334062445,133,c,,,,,,,,,,,,unknown,unhandled_event, Caliber14|erm achtually,False,False,False,False,False,False,|c| Caliber14|erm achtually
gen9natdexdraft-2334062445,https://replay.pokemonshowdown.com/gen9natdexdraft-2334062445,133,c,,,,,,,,,,,,unknown,unhandled_event, johnny weest|harsh can be male and female,False,False,False,False,False,False,|c| johnny weest|harsh can be male and female
gen9natdexdraft-2334062445,https://replay.pokemonshowdown.com/gen9natdexdraft-2334062445,133,c,,,,,,,,,,,,unknown,unhandled_event, Caliber14|her full name was harshdeep,False,False,False,False,False,False,|c| Caliber14|her full name was harshdeep
gen9natdexdraft-2334062445,https://replay.pokemonshowdown.com/gen9natdexdraft-2334062445,133,c,,,,,,,,,,,,unknown,unhandled_event, Rzoneflame|iggas focus on the game,False,False,False,False,False,False,|c| Rzoneflame|iggas focus on the game
gen9natdexdraft-2334062445,https://replay.pokemonshowdown.com/gen9natdexdraft-2334062445,133,c,,,,,,,,,,,,unknown,unhandled_event, johnny weest|CHARU is a girls name according to charu,False,False,False,False,False,False,|c| johnny weest|CHARU is a girls name according to charu
gen9natdexdraft-2334062445,https://replay.pokemonshowdown.com/gen9natdexdraft-2334062445,133,c,,,,,,,,,,,,unknown,unhandled_event, johnny weest|he just said,False,False,False,False,False,False,|c| johnny weest|he just said
gen9natdexdraft-2334062445,https://replay.pokemonshowdown.com/gen9natdexdraft-2334062445,133,c,,,,,,,,,,,,unknown,unhandled_event, johnny weest|so by his own admission,False,False,False,False,False,False,|c| johnny weest|so by his own admission
gen9natdexdraft-2334062445,https://replay.pokemonshowdown.com/gen9natdexdraft-2334062445,133,c,,,,,,,,,,,,unknown,unhandled_event, Caliber14|W,False,False,False,False,False,False,|c| Caliber14|W
gen9natdexdraft-2334062445,https://replay.pokemonshowdown.com/gen9natdexdraft-2334062445,133,c,,,,,,,,,,,,unknown,unhandled_event, johnny weest|hes the most feminine,False,False,False,False,False,False,|c| johnny weest|hes the most feminine
gen9natdexdraft-2334062445,https://replay.pokemonshowdown.com/gen9natdexdraft-2334062445,133,unknown,,,,,,,,,,,,unknown,unhandled_event,,False,False,False,False,False,False,|
gen9natdexdraft-2334062445,https://replay.pokemonshowdown.com/gen9natdexdraft-2334062445,133,timestamp,,,,,,,,,,,,unknown,,1743648621,False,False,False,False,False,False,|t:|1743648621
gen9natdexdraft-2334062445,https://replay.pokemonshowdown.com/gen9natdexdraft-2334062445,133,switch,charuzar,,,TRULIMEROTRULICINA,Scream Tail,,,,,,10/100 tox,percent,switch,,False,False,False,False,False,False,|switch|p2a: TRULIMEROTRULICINA|Scream Tail|10/100 tox
gen9natdexdraft-2334062445,https://replay.pokemonshowdown.com/gen9natdexdraft-2334062445,134,turn,,,,,,,,,,,,unknown,,134,False,False,False,False,False,False,|turn|134
gen9natdexdraft-2334062445,https://replay.pokemonshowdown.com/gen9natdexdraft-2334062445,134,unknown,,,,,,,,,,,,unknown,unhandled_event,,False,False,False,False,False,False,|
gen9natdexdraft-2334062445,https://replay.pokemonshowdown.com/gen9natdexdraft-2334062445,134,timestamp,,,,,,,,,,,,unknown,,1743648634,False,False,False,False,False,False,|t:|1743648634
gen9natdexdraft-2334062445,https://replay.pokemonshowdown.com/gen9natdexdraft-2334062445,134,move,charuzar,TRULIMEROTRULICINA,Scream Tail,Wailord,Gliscor,Ice Beam,,,,,,unknown,move,,False,False,False,False,False,False,|move|p2a: TRULIMEROTRULICINA|Ice Beam|p1a: Wailord
gen9natdexdraft-2334062445,https://replay.pokemonshowdown.com/gen9natdexdraft-2334062445,134,supereffective,,TRULIMEROTRULICINA,Scream Tail,Wailord,Gliscor,Ice Beam,,,,,,unknown,,p1a: Wailord,False,False,False,False,False,False,|-supereffective|p1a: Wailord
gen9natdexdraft-2334062445,https://replay.pokemonshowdown.com/gen9natdexdraft-2334062445,134,damage,FluffySingh,TRULIMEROTRULICINA,Scream Tail,Wailord,Gliscor,Ice Beam,,,46,60/100 tox,14/100 tox,percent,move,Ice Beam,True,False,False,False,False,False,|-damage|p1a: Wailord|14/100 tox
gen9natdexdraft-2334062445,https://replay.pokemonshowdown.com/gen9natdexdraft-2334062445,134,move,FluffySingh,Wailord,Gliscor,TRULIMEROTRULICINA,Scream Tail,Earthquake,,,,,,unknown,move,,False,False,False,False,False,False,|move|p1a: Wailord|Earthquake|p2a: TRULIMEROTRULICINA
gen9natdexdraft-2334062445,https://replay.pokemonshowdown.com/gen9natdexdraft-2334062445,134,damage,charuzar,Wailord,Gliscor,TRULIMEROTRULICINA,Scream Tail,Earthquake,,,10,10/100 tox,0 fnt,percent,move,Earthquake,True,False,False,False,False,False,|-damage|p2a: TRULIMEROTRULICINA|0 fnt
gen9natdexdraft-2334062445,https://replay.pokemonshowdown.com/gen9natdexdraft-2334062445,134,faint,charuzar,Wailord,Gliscor,TRULIMEROTRULICINA,Scream Tail,Earthquake,,,,,,unknown,move,Earthquake,True,False,False,False,False,False,|faint|p2a: TRULIMEROTRULICINA
gen9natdexdraft-2334062445,https://replay.pokemonshowdown.com/gen9natdexdraft-2334062445,134,end,,,,TRULIMEROTRULICINA,Scream Tail,,,,,,,unknown,Protosynthesis,,False,False,False,False,False,False,|-end|p2a: TRULIMEROTRULICINA|Protosynthesis|[silent]
gen9natdexdraft-2334062445,https://replay.pokemonshowdown.com/gen9natdexdraft-2334062445,134,unknown,,,,,,,,,,,,unknown,unhandled_event,,False,False,False,False,False,False,|
gen9natdexdraft-2334062445,https://replay.pokemonshowdown.com/gen9natdexdraft-2334062445,134,heal,FluffySingh,Wailord,Gliscor,Wailord,Gliscor,,Poison Heal,,12,14/100 tox,26/100 tox,percent,ability,Poison Heal,False,False,False,False,False,True,|-heal|p1a: Wailord|26/100 tox|[from] ability: Poison Heal
gen9natdexdraft-2334062445,https://replay.pokemonshowdown.com/gen9natdexdraft-2334062445,134,upkeep,,,,,,,,,,,,unknown,unhandled_event,,False,False,False,False,False,False,|upkeep
gen9natdexdraft-2334062445,https://replay.pokemonshowdown.com/gen9natdexdraft-2334062445,134,c,,,,,,,,,,,,unknown,unhandled_event, johnny weest|finally,False,False,False,False,False,False,|c| johnny weest|finally
gen9natdexdraft-2334062445,https://replay.pokemonshowdown.com/gen9natdexdraft-2334062445,134,c,,,,,,,,,,,,unknown,unhandled_event, hydrationdad|lets gooo,False,False,False,False,False,False,|c| hydrationdad|lets gooo
gen9natdexdraft-2334062445,https://replay.pokemonshowdown.com/gen9natdexdraft-2334062445,134,c,,,,,,,,,,,,unknown,unhandled_event, johnny weest|bro held onto that ice beam for 134 turns,False,False,False,False,False,False,|c| johnny weest|bro held onto that ice beam for 134 turns
gen9natdexdraft-2334062445,https://replay.pokemonshowdown.com/gen9natdexdraft-2334062445,134,c,,,,,,,,,,,,unknown,unhandled_event, hydrationdad|i used to pray for times like these,False,False,False,False,False,False,|c| hydrationdad|i used to pray for times like these
gen9natdexdraft-2334062445,https://replay.pokemonshowdown.com/gen9natdexdraft-2334062445,134,c,,,,,,,,,,,,unknown,unhandled_event, johnny weest|DEATH OF SCREAM TAIL,False,False,False,False,False,False,|c| johnny weest|DEATH OF SCREAM TAIL
gen9natdexdraft-2334062445,https://replay.pokemonshowdown.com/gen9natdexdraft-2334062445,134,c,,,,,,,,,,,,unknown,unhandled_event, johnny weest|W,False,False,False,False,False,False,|c| johnny weest|W
gen9natdexdraft-2334062445,https://replay.pokemonshowdown.com/gen9natdexdraft-2334062445,134,unknown,,,,,,,,,,,,unknown,unhandled_event,,False,False,False,False,False,False,|
gen9natdexdraft-2334062445,https://replay.pokemonshowdown.com/gen9natdexdraft-2334062445,134,timestamp,,,,,,,,,,,,unknown,,1743648660,False,False,False,False,False,False,|t:|1743648660
gen9natdexdraft-2334062445,https://replay.pokemonshowdown.com/gen9natdexdraft-2334062445,134,switch,charuzar,,,TRALALERO TRALALA,Gallade-Mega,,,,,,32/100,percent,switch,,False,False,False,False,False,False,"|switch|p2a: TRALALERO TRALALA|Gallade-Mega, M|32/100"
gen9natdexdraft-2334062445,https://replay.pokemonshowdown.com/gen9natdexdraft-2334062445,135,turn,,,,,,,,,,,,unknown,,135,False,False,False,False,False,False,|turn|135
gen9natdexdraft-2334062445,https://replay.pokemonshowdown.com/gen9natdexdraft-2334062445,135,c,,,,,,,,,,,,unknown,unhandled_event, johnny weest|DEATH OF CHOPPED CHIN COLOURIZED CIRCA 2025,False,False,False,False,False,False,|c| johnny weest|DEATH OF CHOPPED CHIN COLOURIZED CIRCA 2025
gen9natdexdraft-2334062445,https://replay.pokemonshowdown.com/gen9natdexdraft-2334062445,135,unknown,,,,,,,,,,,,unknown,unhandled_event,,False,False,False,False,False,False,|
gen9natdexdraft-2334062445,https://replay.pokemonshowdown.com/gen9natdexdraft-2334062445,135,timestamp,,,,,,,,,,,,unknown,,1743648682,False,False,False,False,False,False,|t:|1743648682
gen9natdexdraft-2334062445,https://replay.pokemonshowdown.com/gen9natdexdraft-2334062445,135,move,FluffySingh,Wailord,Gliscor,Wailord,Gliscor,Protect,,,,,,unknown,move,,False,False,False,False,False,False,|move|p1a: Wailord|Protect|p1a: Wailord
gen9natdexdraft-2334062445,https://replay.pokemonshowdown.com/gen9natdexdraft-2334062445,135,-singleturn,,,,,,,,,,,,unknown,unhandled_event,p1a: Wailord|Protect,False,False,False,False,False,False,|-singleturn|p1a: Wailord|Protect
gen9natdexdraft-2334062445,https://replay.pokemonshowdown.com/gen9natdexdraft-2334062445,135,move,charuzar,TRALALERO TRALALA,Gallade-Mega,Wailord,Gliscor,Zen Headbutt,,,,,,unknown,move,,False,False,False,False,False,False,|move|p2a: TRALALERO TRALALA|Zen Headbutt|p1a: Wailord
gen9natdexdraft-2334062445,https://replay.pokemonshowdown.com/gen9natdexdraft-2334062445,135,activate,,,,Wailord,Gliscor,,,,,,,unknown,Protect,,False,False,False,False,False,False,|-activate|p1a: Wailord|move: Protect
gen9natdexdraft-2334062445,https://replay.pokemonshowdown.com/gen9natdexdraft-2334062445,135,unknown,,,,,,,,,,,,unknown,unhandled_event,,False,False,False,False,False,False,|
gen9natdexdraft-2334062445,https://replay.pokemonshowdown.com/gen9natdexdraft-2334062445,135,heal,FluffySingh,Wailord,Gliscor,Wailord,Gliscor,,Poison Heal,,13,26/100 tox,39/100 tox,percent,ability,Poison Heal,False,False,False,False,False,True,|-heal|p1a: Wailord|39/100 tox|[from] ability: Poison Heal
gen9natdexdraft-2334062445,https://replay.pokemonshowdown.com/gen9natdexdraft-2334062445,135,upkeep,,,,,,,,,,,,unknown,unhandled_event,,False,False,False,False,False,False,|upkeep
gen9natdexdraft-2334062445,https://replay.pokemonshowdown.com/gen9natdexdraft-2334062445,136,turn,,,,,,,,,,,,unknown,,136,False,False,False,False,False,False,|turn|136
gen9natdexdraft-2334062445,https://replay.pokemonshowdown.com/gen9natdexdraft-2334062445,136,c,,,,,,,,,,,,unknown,unhandled_event, AlphaSingh|FRAUDU,False,False,False,False,False,False,|c| AlphaSingh|FRAUDU
gen9natdexdraft-2334062445,https://replay.pokemonshowdown.com/gen9natdexdraft-2334062445,136,unknown,,,,,,,,,,,,unknown,unhandled_event,,False,False,False,False,False,False,|
gen9natdexdraft-2334062445,https://replay.pokemonshowdown.com/gen9natdexdraft-2334062445,136,timestamp,,,,,,,,,,,,unknown,,1743648802,False,False,False,False,False,False,|t:|1743648802
gen9natdexdraft-2334062445,https://replay.pokemonshowdown.com/gen9natdexdraft-2334062445,136,switch,FluffySingh,,,Wailord,Weezing-Galar,,,,,,76/100,percent,switch,,False,False,False,False,False,False,"|switch|p1a: Wailord|Weezing-Galar, M|76/100"
gen9natdexdraft-2334062445,https://replay.pokemonshowdown.com/gen9natdexdraft-2334062445,136,move,charuzar,TRALALERO TRALALA,Gallade-Mega,Wailord,Weezing-Galar,Triple Axel,,,,,,unknown,move,,False,False,False,False,False,False,|move|p2a: TRALALERO TRALALA|Triple Axel|p1a: Wailord
gen9natdexdraft-2334062445,https://replay.pokemonshowdown.com/gen9natdexdraft-2334062445,136,damage,FluffySingh,TRALALERO TRALALA,Gallade-Mega,Wailord,Weezing-Galar,Triple Axel,,,6,76/100,70/100,percent,move,Triple Axel,True,False,False,False,False,False,|-damage|p1a: Wailord|70/100
gen9natdexdraft-2334062445,https://replay.pokemonshowdown.com/gen9natdexdraft-2334062445,136,damage,charuzar,Wailord,Weezing-Galar,TRALALERO TRALALA,Gallade-Mega,,,Rocky Helmet,17,32/100,15/100,percent,item,Rocky Helmet,False,True,False,False,False,False,|-damage|p2a: TRALALERO TRALALA|15/100|[from] item: Rocky Helmet|[of] p1a: Wailord
gen9natdexdraft-2334062445,https://replay.pokemonshowdown.com/gen9natdexdraft-2334062445,136,damage,FluffySingh,TRALALERO TRALALA,Gallade-Mega,Wailord,Weezing-Galar,Triple Axel,,,11,70/100,59/100,percent,move,Triple Axel,True,False,False,False,False,False,|-damage|p1a: Wailord|59/100
gen9natdexdraft-2334062445,https://replay.pokemonshowdown.com/gen9natdexdraft-2334062445,136,damage,charuzar,Wailord,Weezing-Galar,TRALALERO TRALALA,Gallade-Mega,,,Rocky Helmet,15,15/100,0 fnt,percent,item,Rocky Helmet,False,True,False,False,False,False,|-damage|p2a: TRALALERO TRALALA|0 fnt|[from] item: Rocky Helmet|[of] p1a: Wailord
gen9natdexdraft-2334062445,https://replay.pokemonshowdown.com/gen9natdexdraft-2334062445,136,faint,charuzar,Wailord,Weezing-Galar,TRALALERO TRALALA,Gallade-Mega,,,,,,,unknown,item,Rocky Helmet,False,True,False,False,False,False,|faint|p2a: TRALALERO TRALALA
gen9natdexdraft-2334062445,https://replay.pokemonshowdown.com/gen9natdexdraft-2334062445,136,hitcount,,,,,,,,,2,,,unknown,,,False,False,False,False,False,False,|-hitcount|p1a: Wailord|2
gen9natdexdraft-2334062445,https://replay.pokemonshowdown.com/gen9natdexdraft-2334062445,136,unknown,,,,,,,,,,,,unknown,unhandled_event,,False,False,False,False,False,False,|
gen9natdexdraft-2334062445,https://replay.pokemonshowdown.com/gen9natdexdraft-2334062445,136,upkeep,,,,,,,,,,,,unknown,unhandled_event,,False,False,False,False,False,False,|upkeep
gen9natdexdraft-2334062445,https://replay.pokemonshowdown.com/gen9natdexdraft-2334062445,136,c,,,,,,,,,,,,unknown,unhandled_event, johnny weest|FRAUDLADE,False,False,False,False,False,False,|c| johnny weest|FRAUDLADE
gen9natdexdraft-2334062445,https://replay.pokemonshowdown.com/gen9natdexdraft-2334062445,136,c,,,,,,,,,,,,unknown,unhandled_event, Rzoneflame|no,False,False,False,False,False,False,|c| Rzoneflame|no
gen9natdexdraft-2334062445,https://replay.pokemonshowdown.com/gen9natdexdraft-2334062445,136,c,,,,,,,,,,,,unknown,unhandled_event, hydrationdad|FRAUDLADE,False,False,False,False,False,False,|c| hydrationdad|FRAUDLADE
gen9natdexdraft-2334062445,https://replay.pokemonshowdown.com/gen9natdexdraft-2334062445,136,c,,,,,,,,,,,,unknown,unhandled_event, AlphaSingh|GG,False,False,False,False,False,False,|c| AlphaSingh|GG
gen9natdexdraft-2334062445,https://replay.pokemonshowdown.com/gen9natdexdraft-2334062445,136,unknown,,,,,,,,,,,,unknown,unhandled_event,,False,False,False,False,False,False,|
gen9natdexdraft-2334062445,https://replay.pokemonshowdown.com/gen9natdexdraft-2334062445,136,timestamp,,,,,,,,,,,,unknown,,1743648827,False,False,False,False,False,False,|t:|1743648827
gen9natdexdraft-2334062445,https://replay.pokemonshowdown.com/gen9natdexdraft-2334062445,136,switch,charuzar,,,LIRILÌ LARILÀ,Overqwil,,,,,,55/100,percent,switch,,False,False,False,False,False,False,"|switch|p2a: LIRILÌ LARILÀ|Overqwil, F|55/100"
gen9natdexdraft-2334062445,https://replay.pokemonshowdown.com/gen9natdexdraft-2334062445,136,ability,charuzar,,,LIRILÌ LARILÀ,Overqwil,,Intimidate,,,,,unknown,,,False,False,False,False,False,False,|-ability|p2a: LIRILÌ LARILÀ|Intimidate|boost
gen9natdexdraft-2334062445,https://replay.pokemonshowdown.com/gen9natdexdraft-2334062445,136,unboost,FluffySingh,TRALALERO TRALALA,Gallade-Mega,Wailord,Weezing-Galar,,,,-1,,,unknown,atk,,False,False,False,False,False,False,|-unboost|p1a: Wailord|atk|1
gen9natdexdraft-2334062445,https://replay.pokemonshowdown.com/gen9natdexdraft-2334062445,137,turn,,,,,,,,,,,,unknown,,137,False,False,False,False,False,False,|turn|137
gen9natdexdraft-2334062445,https://replay.pokemonshowdown.com/gen9natdexdraft-2334062445,137,c,,,,,,,,,,,,unknown,unhandled_event, hydrationdad|tier 1 btw,False,False,False,False,False,False,|c| hydrationdad|tier 1 btw
gen9natdexdraft-2334062445,https://replay.pokemonshowdown.com/gen9natdexdraft-2334062445,137,c,,,,,,,,,,,,unknown,unhandled_event, AlphaSingh|FRAUDU,False,False,False,False,False,False,|c| AlphaSingh|FRAUDU
gen9natdexdraft-2334062445,https://replay.pokemonshowdown.com/gen9natdexdraft-2334062445,137,unknown,,,,,,,,,,,,unknown,unhandled_event,,False,False,False,False,False,False,|
gen9natdexdraft-2334062445,https://replay.pokemonshowdown.com/gen9natdexdraft-2334062445,137,timestamp,,,,,,,,,,,,unknown,,1743648833,False,False,False,False,False,False,|t:|1743648833
gen9natdexdraft-2334062445,https://replay.pokemonshowdown.com/gen9natdexdraft-2334062445,137,move,charuzar,LIRILÌ LARILÀ,Overqwil,Wailord,Weezing-Galar,Gunk Shot,,,,,,unknown,move,,False,False,False,False,False,False,|move|p2a: LIRILÌ LARILÀ|Gunk Shot|p1a: Wailord
gen9natdexdraft-2334062445,https://replay.pokemonshowdown.com/gen9natdexdraft-2334062445,137,damage,FluffySingh,LIRILÌ LARILÀ,Overqwil,Wailord,Weezing-Galar,Gunk Shot,,,34,59/100,25/100,percent,move,Gunk Shot,True,False,False,False,False,False,|-damage|p1a: Wailord|25/100
gen9natdexdraft-2334062445,https://replay.pokemonshowdown.com/gen9natdexdraft-2334062445,137,move,FluffySingh,Wailord,Weezing-Galar,LIRILÌ LARILÀ,Overqwil,Will-O-Wisp,,,,,,unknown,move,,False,False,False,False,False,False,|move|p1a: Wailord|Will-O-Wisp|p2a: LIRILÌ LARILÀ
gen9natdexdraft-2334062445,https://replay.pokemonshowdown.com/gen9natdexdraft-2334062445,137,status,charuzar,Wailord,Weezing-Galar,LIRILÌ LARILÀ,Overqwil,,,,,,,unknown,move,Will-O-Wisp,False,False,False,False,False,False,|-status|p2a: LIRILÌ LARILÀ|brn
gen9natdexdraft-2334062445,https://replay.pokemonshowdown.com/gen9natdexdraft-2334062445,137,unknown,,,,,,,,,,,,unknown,unhandled_event,,False,False,False,False,False,False,|
gen9natdexdraft-2334062445,https://replay.pokemonshowdown.com/gen9natdexdraft-2334062445,137,damage,charuzar,Wailord,Weezing-Galar,LIRILÌ LARILÀ,Overqwil,,,,6,55/100,49/100 brn,percent,status,burn,False,True,False,False,False,False,|-damage|p2a: LIRILÌ LARILÀ|49/100 brn|[from] brn
gen9natdexdraft-2334062445,https://replay.pokemonshowdown.com/gen9natdexdraft-2334062445,137,upkeep,,,,,,,,,,,,unknown,unhandled_event,,False,False,False,False,False,False,|upkeep
gen9natdexdraft-2334062445,https://replay.pokemonshowdown.com/gen9natdexdraft-2334062445,138,turn,,,,,,,,,,,,unknown,,138,False,False,False,False,False,False,|turn|138
gen9natdexdraft-2334062445,https://replay.pokemonshowdown.com/gen9natdexdraft-2334062445,138,unknown,,,,,,,,,,,,unknown,unhandled_event,,False,False,False,False,False,False,|
gen9natdexdraft-2334062445,https://replay.pokemonshowdown.com/gen9natdexdraft-2334062445,138,timestamp,,,,,,,,,,,,unknown,,1743648847,False,False,False,False,False,False,|t:|1743648847
gen9natdexdraft-2334062445,https://replay.pokemonshowdown.com/gen9natdexdraft-2334062445,138,move,charuzar,LIRILÌ LARILÀ,Overqwil,Wailord,Weezing-Galar,Liquidation,,,,,,unknown,move,,False,False,False,False,False,False,|move|p2a: LIRILÌ LARILÀ|Liquidation|p1a: Wailord
gen9natdexdraft-2334062445,https://replay.pokemonshowdown.com/gen9natdexdraft-2334062445,138,damage,FluffySingh,LIRILÌ LARILÀ,Overqwil,Wailord,Weezing-Galar,Liquidation,,,7,25/100,18/100,percent,move,Liquidation,True,False,False,False,False,False,|-damage|p1a: Wailord|18/100
gen9natdexdraft-2334062445,https://replay.pokemonshowdown.com/gen9natdexdraft-2334062445,138,damage,charuzar,Wailord,Weezing-Galar,LIRILÌ LARILÀ,Overqwil,,,Rocky Helmet,17,49/100 brn,32/100 brn,percent,item,Rocky Helmet,False,True,False,False,False,False,|-damage|p2a: LIRILÌ LARILÀ|32/100 brn|[from] item: Rocky Helmet|[of] p1a: Wailord
gen9natdexdraft-2334062445,https://replay.pokemonshowdown.com/gen9natdexdraft-2334062445,138,move,FluffySingh,Wailord,Weezing-Galar,LIRILÌ LARILÀ,Overqwil,Play Rough,,,,,,unknown,move,,False,False,False,False,False,False,|move|p1a: Wailord|Play Rough|p2a: LIRILÌ LARILÀ
gen9natdexdraft-2334062445,https://replay.pokemonshowdown.com/gen9natdexdraft-2334062445,138,damage,charuzar,Wailord,Weezing-Galar,LIRILÌ LARILÀ,Overqwil,Play Rough,,,19,32/100 brn,13/100 brn,percent,move,Play Rough,True,False,False,False,False,False,|-damage|p2a: LIRILÌ LARILÀ|13/100 brn
gen9natdexdraft-2334062445,https://replay.pokemonshowdown.com/gen9natdexdraft-2334062445,138,unknown,,,,,,,,,,,,unknown,unhandled_event,,False,False,False,False,False,False,|
gen9natdexdraft-2334062445,https://replay.pokemonshowdown.com/gen9natdexdraft-2334062445,138,damage,charuzar,Wailord,Weezing-Galar,LIRILÌ LARILÀ,Overqwil,,,,6,13/100 brn,7/100 brn,percent,status,burn,False,True,False,False,False,False,|-damage|p2a: LIRILÌ LARILÀ|7/100 brn|[from] brn
gen9natdexdraft-2334062445,https://replay.pokemonshowdown.com/gen9natdexdraft-2334062445,138,upkeep,,,,,,,,,,,,unknown,unhandled_event,,False,False,False,False,False,False,|upkeep
gen9natdexdraft-2334062445,https://replay.pokemonshowdown.com/gen9natdexdraft-2334062445,139,turn,,,,,,,,,,,,unknown,,139,False,False,False,False,False,False,|turn|139
gen9natdexdraft-2334062445,https://replay.pokemonshowdown.com/gen9natdexdraft-2334062445,139,unknown,,,,,,,,,,,,unknown,unhandled_event,,False,False,False,False,False,False,|
gen9natdexdraft-2334062445,https://replay.pokemonshowdown.com/gen9natdexdraft-2334062445,139,timestamp,,,,,,,,,,,,unknown,,1743648865,False,False,False,False,False,False,|t:|1743648865
gen9natdexdraft-2334062445,https://replay.pokemonshowdown.com/gen9natdexdraft-2334062445,139,move,charuzar,LIRILÌ LARILÀ,Overqwil,Wailord,Weezing-Galar,Gunk Shot,,,,,,unknown,move,,False,False,False,False,False,False,|move|p2a: LIRILÌ LARILÀ|Gunk Shot|p1a: Wailord
gen9natdexdraft-2334062445,https://replay.pokemonshowdown.com/gen9natdexdraft-2334062445,139,damage,FluffySingh,LIRILÌ LARILÀ,Overqwil,Wailord,Weezing-Galar,Gunk Shot,,,17,18/100,1/100,percent,move,Gunk Shot,True,False,False,False,False,False,|-damage|p1a: Wailord|1/100
gen9natdexdraft-2334062445,https://replay.pokemonshowdown.com/gen9natdexdraft-2334062445,139,move,FluffySingh,Wailord,Weezing-Galar,LIRILÌ LARILÀ,Overqwil,Play Rough,,,,,,unknown,move,,False,False,False,False,False,False,|move|p1a: Wailord|Play Rough|p2a: LIRILÌ LARILÀ|[miss]
gen9natdexdraft-2334062445,https://replay.pokemonshowdown.com/gen9natdexdraft-2334062445,139,miss,,Wailord,Weezing-Galar,LIRILÌ LARILÀ,Overqwil,Play Rough,,,,,,unknown,,,False,False,False,False,False,False,|-miss|p1a: Wailord|p2a: LIRILÌ LARILÀ
gen9natdexdraft-2334062445,https://replay.pokemonshowdown.com/gen9natdexdraft-2334062445,139,unknown,,,,,,,,,,,,unknown,unhandled_event,,False,False,False,False,False,False,|
gen9natdexdraft-2334062445,https://replay.pokemonshowdown.com/gen9natdexdraft-2334062445,139,damage,charuzar,Wailord,Weezing-Galar,LIRILÌ LARILÀ,Overqwil,,,,6,7/100 brn,1/100 brn,percent,status,burn,False,True,False,False,False,False,|-damage|p2a: LIRILÌ LARILÀ|1/100 brn|[from] brn
gen9natdexdraft-2334062445,https://replay.pokemonshowdown.com/gen9natdexdraft-2334062445,139,upkeep,,,,,,,,,,,,unknown,unhandled_event,,False,False,False,False,False,False,|upkeep
gen9natdexdraft-2334062445,https://replay.pokemonshowdown.com/gen9natdexdraft-2334062445,140,turn,,,,,,,,,,,,unknown,,140,False,False,False,False,False,False,|turn|140
gen9natdexdraft-2334062445,https://replay.pokemonshowdown.com/gen9natdexdraft-2334062445,140,c,,,,,,,,,,,,unknown,unhandled_event, johnny weest|what is this,False,False,False,False,False,False,|c| johnny weest|what is this
gen9natdexdraft-2334062445,https://replay.pokemonshowdown.com/gen9natdexdraft-2334062445,140,c,,,,,,,,,,,,unknown,unhandled_event, johnny weest|LOL,False,False,False,False,False,False,|c| johnny weest|LOL
gen9natdexdraft-2334062445,https://replay.pokemonshowdown.com/gen9natdexdraft-2334062445,140,unknown,,,,,,,,,,,,unknown,unhandled_event,,False,False,False,False,False,False,|
gen9natdexdraft-2334062445,https://replay.pokemonshowdown.com/gen9natdexdraft-2334062445,140,timestamp,,,,,,,,,,,,unknown,,1743648877,False,False,False,False,False,False,|t:|1743648877
gen9natdexdraft-2334062445,https://replay.pokemonshowdown.com/gen9natdexdraft-2334062445,140,switch,FluffySingh,,,Wailord,Gliscor,,,,,,39/100 tox,percent,switch,,False,False,False,False,False,False,"|switch|p1a: Wailord|Gliscor, F|39/100 tox"
gen9natdexdraft-2334062445,https://replay.pokemonshowdown.com/gen9natdexdraft-2334062445,140,move,charuzar,LIRILÌ LARILÀ,Overqwil,Wailord,Gliscor,Poison Jab,,,,,,unknown,move,,False,False,False,False,False,False,|move|p2a: LIRILÌ LARILÀ|Poison Jab|p1a: Wailord
gen9natdexdraft-2334062445,https://replay.pokemonshowdown.com/gen9natdexdraft-2334062445,140,resisted,,LIRILÌ LARILÀ,Overqwil,Wailord,Gliscor,Poison Jab,,,,,,unknown,,p1a: Wailord,False,False,False,False,False,False,|-resisted|p1a: Wailord
gen9natdexdraft-2334062445,https://replay.pokemonshowdown.com/gen9natdexdraft-2334062445,140,damage,FluffySingh,LIRILÌ LARILÀ,Overqwil,Wailord,Gliscor,Poison Jab,,,7,39/100 tox,32/100 tox,percent,move,Poison Jab,True,False,False,False,False,False,|-damage|p1a: Wailord|32/100 tox
gen9natdexdraft-2334062445,https://replay.pokemonshowdown.com/gen9natdexdraft-2334062445,140,unknown,,,,,,,,,,,,unknown,unhandled_event,,False,False,False,False,False,False,|
gen9natdexdraft-2334062445,https://replay.pokemonshowdown.com/gen9natdexdraft-2334062445,140,heal,FluffySingh,Wailord,Gliscor,Wailord,Gliscor,,Poison Heal,,13,32/100 tox,45/100 tox,percent,ability,Poison Heal,False,False,False,False,False,True,|-heal|p1a: Wailord|45/100 tox|[from] ability: Poison Heal
gen9natdexdraft-2334062445,https://replay.pokemonshowdown.com/gen9natdexdraft-2334062445,140,damage,charuzar,Wailord,Weezing-Galar,LIRILÌ LARILÀ,Overqwil,,,,1,1/100 brn,0 fnt,percent,status,burn,False,True,False,False,False,False,|-damage|p2a: LIRILÌ LARILÀ|0 fnt|[from] brn
gen9natdexdraft-2334062445,https://replay.pokemonshowdown.com/gen9natdexdraft-2334062445,140,faint,charuzar,Wailord,Weezing-Galar,LIRILÌ LARILÀ,Overqwil,,,,,,,unknown,status,burn,False,True,False,False,False,False,|faint|p2a: LIRILÌ LARILÀ
gen9natdexdraft-2334062445,https://replay.pokemonshowdown.com/gen9natdexdraft-2334062445,140,upkeep,,,,,,,,,,,,unknown,unhandled_event,,False,False,False,False,False,False,|upkeep
gen9natdexdraft-2334062445,https://replay.pokemonshowdown.com/gen9natdexdraft-2334062445,140,unknown,,,,,,,,,,,,unknown,unhandled_event,,False,False,False,False,False,False,|
gen9natdexdraft-2334062445,https://replay.pokemonshowdown.com/gen9natdexdraft-2334062445,140,timestamp,,,,,,,,,,,,unknown,,1743648881,False,False,False,False,False,False,|t:|1743648881
gen9natdexdraft-2334062445,https://replay.pokemonshowdown.com/gen9natdexdraft-2334062445,140,switch,charuzar,,,TUNGTUNGTUNGSAHUR,Shiinotic,,,,,,26/100 tox,percent,switch,,False,False,False,False,False,False,"|switch|p2a: TUNGTUNGTUNGSAHUR|Shiinotic, F|26/100 tox"
gen9natdexdraft-2334062445,https://replay.pokemonshowdown.com/gen9natdexdraft-2334062445,141,turn,,,,,,,,,,,,unknown,,141,False,False,False,False,False,False,|turn|141
gen9natdexdraft-2334062445,https://replay.pokemonshowdown.com/gen9natdexdraft-2334062445,141,c,,,,,,,,,,,,unknown,unhandled_event, Rzoneflame|WAILORD LIVES,False,False,False,False,False,False,|c| Rzoneflame|WAILORD LIVES
gen9natdexdraft-2334062445,https://replay.pokemonshowdown.com/gen9natdexdraft-2334062445,141,c,,,,,,,,,,,,unknown,unhandled_event, Rzoneflame|YAYYYY,False,False,False,False,False,False,|c| Rzoneflame|YAYYYY
gen9natdexdraft-2334062445,https://replay.pokemonshowdown.com/gen9natdexdraft-2334062445,141,c,,,,,,,,,,,,unknown,unhandled_event, johnny weest|w wailord,False,False,False,False,False,False,|c| johnny weest|w wailord
gen9natdexdraft-2334062445,https://replay.pokemonshowdown.com/gen9natdexdraft-2334062445,141,unknown,,,,,,,,,,,,unknown,unhandled_event,,False,False,False,False,False,False,|
gen9natdexdraft-2334062445,https://replay.pokemonshowdown.com/gen9natdexdraft-2334062445,141,timestamp,,,,,,,,,,,,unknown,,1743648893,False,False,False,False,False,False,|t:|1743648893
gen9natdexdraft-2334062445,https://replay.pokemonshowdown.com/gen9natdexdraft-2334062445,141,move,FluffySingh,Wailord,Gliscor,Wailord,Gliscor,Protect,,,,,,unknown,move,,False,False,False,False,False,False,|move|p1a: Wailord|Protect|p1a: Wailord
gen9natdexdraft-2334062445,https://replay.pokemonshowdown.com/gen9natdexdraft-2334062445,141,-singleturn,,,,,,,,,,,,unknown,unhandled_event,p1a: Wailord|Protect,False,False,False,False,False,False,|-singleturn|p1a: Wailord|Protect
gen9natdexdraft-2334062445,https://replay.pokemonshowdown.com/gen9natdexdraft-2334062445,141,move,charuzar,TUNGTUNGTUNGSAHUR,Shiinotic,Wailord,Gliscor,Strength Sap,,,,,,unknown,move,,False,False,False,False,False,False,|move|p2a: TUNGTUNGTUNGSAHUR|Strength Sap|p1a: Wailord
gen9natdexdraft-2334062445,https://replay.pokemonshowdown.com/gen9natdexdraft-2334062445,141,activate,,,,Wailord,Gliscor,,,,,,,unknown,Protect,,False,False,False,False,False,False,|-activate|p1a: Wailord|move: Protect
gen9natdexdraft-2334062445,https://replay.pokemonshowdown.com/gen9natdexdraft-2334062445,141,unknown,,,,,,,,,,,,unknown,unhandled_event,,False,False,False,False,False,False,|
gen9natdexdraft-2334062445,https://replay.pokemonshowdown.com/gen9natdexdraft-2334062445,141,heal,FluffySingh,Wailord,Gliscor,Wailord,Gliscor,,Poison Heal,,12,45/100 tox,57/100 tox,percent,ability,Poison Heal,False,False,False,False,False,True,|-heal|p1a: Wailord|57/100 tox|[from] ability: Poison Heal
gen9natdexdraft-2334062445,https://replay.pokemonshowdown.com/gen9natdexdraft-2334062445,141,damage,charuzar,unknown,,TUNGTUNGTUNGSAHUR,Shiinotic,,,,6,26/100 tox,20/100 tox,percent,status,poison,False,True,False,False,False,False,|-damage|p2a: TUNGTUNGTUNGSAHUR|20/100 tox|[from] psn
gen9natdexdraft-2334062445,https://replay.pokemonshowdown.com/gen9natdexdraft-2334062445,141,upkeep,,,,,,,,,,,,unknown,unhandled_event,,False,False,False,False,False,False,|upkeep
gen9natdexdraft-2334062445,https://replay.pokemonshowdown.com/gen9natdexdraft-2334062445,142,turn,,,,,,,,,,,,unknown,,142,False,False,False,False,False,False,|turn|142
gen9natdexdraft-2334062445,https://replay.pokemonshowdown.com/gen9natdexdraft-2334062445,142,c,,,,,,,,,,,,unknown,unhandled_event, johnny weest|TUNG TUNG TUNG TUNG TUNG TUNG SAHUR,False,False,False,False,False,False,|c| johnny weest|TUNG TUNG TUNG TUNG TUNG TUNG SAHUR
gen9natdexdraft-2334062445,https://replay.pokemonshowdown.com/gen9natdexdraft-2334062445,142,unknown,,,,,,,,,,,,unknown,unhandled_event,,False,False,False,False,False,False,|
gen9natdexdraft-2334062445,https://replay.pokemonshowdown.com/gen9natdexdraft-2334062445,142,timestamp,,,,,,,,,,,,unknown,,1743648905,False,False,False,False,False,False,|t:|1743648905
gen9natdexdraft-2334062445,https://replay.pokemonshowdown.com/gen9natdexdraft-2334062445,142,move,FluffySingh,Wailord,Gliscor,TUNGTUNGTUNGSAHUR,Shiinotic,Earthquake,,,,,,unknown,move,,False,False,False,False,False,False,|move|p1a: Wailord|Earthquake|p2a: TUNGTUNGTUNGSAHUR
gen9natdexdraft-2334062445,https://replay.pokemonshowdown.com/gen9natdexdraft-2334062445,142,resisted,,Wailord,Gliscor,TUNGTUNGTUNGSAHUR,Shiinotic,Earthquake,,,,,,unknown,,p2a: TUNGTUNGTUNGSAHUR,False,False,False,False,False,False,|-resisted|p2a: TUNGTUNGTUNGSAHUR
gen9natdexdraft-2334062445,https://replay.pokemonshowdown.com/gen9natdexdraft-2334062445,142,damage,charuzar,Wailord,Gliscor,TUNGTUNGTUNGSAHUR,Shiinotic,Earthquake,,,20,20/100 tox,0 fnt,percent,move,Earthquake,True,False,False,False,False,False,|-damage|p2a: TUNGTUNGTUNGSAHUR|0 fnt
gen9natdexdraft-2334062445,https://replay.pokemonshowdown.com/gen9natdexdraft-2334062445,142,faint,charuzar,Wailord,Gliscor,TUNGTUNGTUNGSAHUR,Shiinotic,Earthquake,,,,,,unknown,move,Earthquake,True,False,False,False,False,False,|faint|p2a: TUNGTUNGTUNGSAHUR
gen9natdexdraft-2334062445,https://replay.pokemonshowdown.com/gen9natdexdraft-2334062445,142,unknown,,,,,,,,,,,,unknown,unhandled_event,,False,False,False,False,False,False,|
gen9natdexdraft-2334062445,https://replay.pokemonshowdown.com/gen9natdexdraft-2334062445,142,win,,,,,,,,,,,,unknown,FluffySingh,,False,False,False,False,False,False,|win|FluffySingh
gen9natdexdraft-2334062445,https://replay.pokemonshowdown.com/gen9natdexdraft-2334062445,142,c,,,,,,,,,,,,unknown,unhandled_event, johnny weest|IS THE LAST MAN STANDING,False,False,False,False,False,False,|c| johnny weest|IS THE LAST MAN STANDING
gen9natdexdraft-2334062445,https://replay.pokemonshowdown.com/gen9natdexdraft-2334062445,142,c,,,,,,,,,,,,unknown,unhandled_event, Rzoneflame|TUNGTUNGTUNGSAHUR SWEEP,False,False,False,False,False,False,|c| Rzoneflame|TUNGTUNGTUNGSAHUR SWEEP
gen9natdexdraft-2334062445,https://replay.pokemonshowdown.com/gen9natdexdraft-2334062445,142,c,,,,,,,,,,,,unknown,unhandled_event, johnny weest|FIRST OUT,False,False,False,False,False,False,|c| johnny weest|FIRST OUT
gen9natdexdraft-2334062445,https://replay.pokemonshowdown.com/gen9natdexdraft-2334062445,142,c,,,,,,,,,,,,unknown,unhandled_event, hydrationdad|GG,False,False,False,False,False,False,|c| hydrationdad|GG
gen9natdexdraft-2334062445,https://replay.pokemonshowdown.com/gen9natdexdraft-2334062445,142,c,,,,,,,,,,,,unknown,unhandled_event, johnny weest|LAST DOWN,False,False,False,False,False,False,|c| johnny weest|LAST DOWN
gen9natdexdraft-2334062445,https://replay.pokemonshowdown.com/gen9natdexdraft-2334062445,142,c,,,,,,,,,,,,unknown,unhandled_event, johnny weest|gg,False,False,False,False,False,False,|c| johnny weest|gg
gen9natdexdraft-2334062445,https://replay.pokemonshowdown.com/gen9natdexdraft-2334062445,142,c,,,,,,,,,,,,unknown,unhandled_event, johnny weest|142,False,False,False,False,False,False,|c| johnny weest|142
gen9natdexdraft-2334062445,https://replay.pokemonshowdown.com/gen9natdexdraft-2334062445,142,c,,,,,,,,,,,,unknown,unhandled_event, udays|Turn 142,False,False,False,False,False,False,|c| udays|Turn 142
gen9natdexdraft-2334062445,https://replay.pokemonshowdown.com/gen9natdexdraft-2334062445,142,c,,,,,,,,,,,,unknown,unhandled_event, udays|Turn 142,False,False,False,False,False,False,|c| udays|Turn 142
gen9natdexdraft-2334062445,https://replay.pokemonshowdown.com/gen9natdexdraft-2334062445,142,c,,,,,,,,,,,,unknown,unhandled_event, udays|Turn 142,False,False,False,False,False,False,|c| udays|Turn 142
gen9natdexdraft-2334062445,https://replay.pokemonshowdown.com/gen9natdexdraft-2334062445,142,c,,,,,,,,,,,,unknown,unhandled_event, udays|Turn 142,False,False,False,False,False,False,|c| udays|Turn 142
gen9natdexdraft-2334062445,https://replay.pokemonshowdown.com/gen9natdexdraft-2334062445,142,c,,,,,,,,,,,,unknown,unhandled_event, udays|Turn 142,False,False,False,False,False,False,|c| udays|Turn 142
gen9natdexdraft-2334062445,https://replay.pokemonshowdown.com/gen9natdexdraft-2334062445,142,c,,,,,,,,,,,,unknown,unhandled_event, johnny weest|holy moly,False,False,False,False,False,False,|c| johnny weest|holy moly
gen9natdexdraft-2334062445,https://replay.pokemonshowdown.com/gen9natdexdraft-2334062445,142,c,,,,,,,,,,,,unknown,unhandled_event, udays|Turn 142,False,False,False,False,False,False,|c| udays|Turn 142
gen9natdexdraft-2334062445,https://replay.pokemonshowdown.com/gen9natdexdraft-2334062445,142,c,,,,,,,,,,,,unknown,unhandled_event, udays|Turn 142,False,False,False,False,False,False,|c| udays|Turn 142
gen9natdexdraft-2334062445,https://replay.pokemonshowdown.com/gen9natdexdraft-2334062445,142,c,,,,,,,,,,,,unknown,unhandled_event, udays|Turn 142,False,False,False,False,False,False,|c| udays|Turn 142
gen9natdexdraft-2334062445,https://replay.pokemonshowdown.com/gen9natdexdraft-2334062445,142,l,,,,,,,,,,,,unknown,unhandled_event, dzoneflem,False,False,False,False,False,False,|l| dzoneflem
gen9natdexdraft-2334062445,https://replay.pokemonshowdown.com/gen9natdexdraft-2334062445,142,l,,,,,,,,,,,,unknown,unhandled_event, hydrationdad,False,False,False,False,False,False,|l| hydrationdad
gen9natdexdraft-2334062445,https://replay.pokemonshowdown.com/gen9natdexdraft-2334062445,142,l,,,,,,,,,,,,unknown,unhandled_event, Caliber14,False,False,False,False,False,False,|l| Caliber14
